1887927704
5031200114
1438469197
1256430543
5550564924
727884460
737498148
5186459536
1781452739
5008126841
2061254330
923635192
5012387511
1401902997
1325520891
933027229
1881939549
1283734779
1502744090
1211249786
1009286113
5546076703
1527804984
1870855632
1073123971
753285320
5019030087
1312802022
5439519129
1205526744
5543149965
1841767197
756902173
756902173
757183581
1199160881
740748267
5045387670
1953367961
5097976690
5329772306
862003487
1247712056
5412554998
1294869598
689285737
1413170681
5048616530
5499607751
5446247728
925827656
1056681939
1972365915
5309351857
470000101
1707702936
1707702936
5085188893
613697495
841101047
5552356559
997264677
5334306920
5653358386
681023867
1782352335
5238687742
1282169488
1372575059
1099292352
1751767262
1308804730
1520035664
735121409
5322456378
837102558
951610835
1030890843
1665117905
1267697072
687878557
1321614458
1625538266
1639345392
1022961287
1694757174
581340464
5099883698
1403947296
1095960610
704417175
1019655828
1701099408
1516402024
1387091300
1092385972
5410157416
1205577403
5160470134
1568439687
1894560916
1098091276
5608386410
2137812276
2073614839
1605782763
923118907
5089364182
1414012191
1406961876
739086673
5173289625
1927328481
5708918051
833475338
1086769459
1913400198
940219590
5495407776
971399229
1575956220
545676616
2066061021
5560961972
1192932578
2082453746
1196205133
1864299079
1742573679
5396797471
1903671083
1746568407
1317902463
2049274586
1010838810
1094667509
1637683251
1637683251
2008785809
5013730685
1370711205
1041272958
2020490175
1924064759
580571471
5095574921
1429003437
1960869406
5688913378
5375221081
1504338231
1037849825
1327544619
5326901048
1361973315
5219602143
568309192
1615470163
1978664622
1958053566
1490132845
722743831
5417962401
5593605949
1493470512
1949980094
767890699
5003077374
1786144057
1039635743
5679118479
5067325051
5524537646
1820352465
5442313323
1135992429
335075068
5558610892
935306836
1362539561
1017547282
5193559005
1658101010
1761734023
5548451118
1069166183
855046391
5393899999
646602253
1470952890
5775941050
1996095415
1056759665
1026783699
1111792644
2004579717
1885187863
5123460734
674013915
5661983520
772673729
1753517782
1985223357
807286438
1444134096
943944294
1789298577
576355898
5261071148
1423857755
476555433
5588503127
1554492748
700694340
1700243446
1218769399
862751624
860429504
5240869805
1653562502
1375255168
5497653641
1982893423
1442556767
299508517
1649468203
89387530
1430697635
1056088297
1462715752
1484238255
5490765072
842725593
2040847487
5500394525
1165299024
2079055887
1108150550
1717438763
1436134895
1438365058
192910779
2038551271
1953848481
1116219250
1308228155
1985516696
5034842411
5328267071
904935591
5223420392
5326918673
967087729
931188628
990001165
377053435
2042431296
5238323088
620706306
1430582260
5691104908
1011394580
1848240977
1635928264
1892813902
1846694170
929334392
5236054949
2132357871
1815487439
1206991424
869545536
1091300573
1487464070
1933589885
1689549496
53318072
5569835754
980718417
1148510962
1751825483
1285387392
587002111
1926105227
1812660300
980506168
1221102488
1141502460
1429637067
945339699
5749443140
1167308011
5269778754
1803358418
1454391058
1173149193
623817233
1782987841
2013465526
1271238975
5429553602
1770522738
1222124978
1974574958
983202922
1278237184
1653470255
1656390759
715327817
875788310
5304340171
1839339943
5276449831
2054482957
1120946438
5392718946
1259780322
1945111268
873996586
5570094126
1376004728
1051191077
1873815405
1526279872
5670280595
1854267409
1779415426
5909725256
1774378054
1708328842
5718700207
1248373364
1710331110
1530125754
1103879917
730011481
2091281391
2117883413
387938035
1319366321
1319660349
5582470474
1387716019
1306760275
1462724764
2104065182
1256085254
883392999
1979478319
5212813201
1969681193
1746773273
1801773613
1496404185
1246909210
1540366141
1021862832
1750588662
5542456873
914294451
1267348355
1812223624
940994291
1083954610
1383815793
754284592
735178930
339169116
5756736107
853838018
2070912809
1076415936
1490828691
862251842
855265440
1089729198
1268990296
1495182701
1389289725
5353474616
1768883371
1805016039
1784426777
1194175121
980952971
5344125219
918778562
5306288351
5822234828
1040309443
1484500807
376089242
673062346
1228338512
236963667
1335429789
5469302096
1909505759
1893477078
1495608424
5166608612
781394807
5085667535
1978618884
5786779962
5600903568
1099639330
857561727
953583856
834586046
5159819936
5275352898
915337547
1619267787
1809430655
914519418
1444691964
1911487902
885734810
5477250936
1480757687
1369296197
5243055241
28694055
2027060355
1493019643
5115205550
5055730035
5702141195
1331828570
5575581982
5123322415
2069330258
1750173786
1766619832
1134514808
5102964853
1147425292
1204639313
1256586150
1406346488
1000448616
943888614
911906440
1322666409
1453802588
5293772173
1329287638
1353018866
887162715
1932031621
5104505875
5255125956
5737681021
5647217709
5091381153
1266149867
852961016
1970926278
1012062810
805564447
1254869248
1680485347
1855374646
1476561378
1245949302
5076924055
1110937792
201978077
948955200
5452801398
5629343928
5543975768
1974470267
2010924881
5286789322
1616598168
1620352360
5230527683
1396514093
1811467535
1367135914
5742059899
2069144020
1957040819
1237534358
5567092323
1245124094
519084294
1195841386
1487526082
948602434
5251841660
1434479064
5515946335
5449883127
5770378998
2081972773
5647557558
1297986493
2014414863
5475054286
2075342779
1892350335
1659044260
5610099703
1364428721
1340573082
879940682
5946771909
5384015445
1370550154
956764277
944015219
1385551423
1398807610
5417978672
1377228086
5671852911
302702102
1557555035
1045362843
904197745
1562660192
1041654051
2009069022
5466656397
792271144
1885962752
984012981
5034362367
1191281877
1985122029
5059335371
1889095479
5264001703
5570257770
1365647491
1752444081
1869369619
1154475508
1302024044
1102890920
1377337800
1388409209
5034275182
1225148200
1245693771
5356459812
1278073777
642110443
5711155557
5272029747
1954207981
5641854515
1730578289
703214333
1449059916
2071042895
1729502337
5847038200
954731457
731538558
1197200561
5760494529
908062361
5415018212
5627451299
940881172
5638713332
5465581154
632307628
5461097713
1075481927
1888786907
5064621259
1444351988
2029889468
1696212470
5449332070
1414477307
5024432066
1492006268
1494458696
1437862107
1358846841
1671505043
1111409280
5338206136
5419670672
2100808732
849621121
686541850
1292986002
1843762659
1653870002
1977709849
1018035458
5570118345
1328267374
1008058881
5550380199
1940972381
1078973782
1109405525
831861550
1179185360
5163024878
1101503553
5328895968
5473811195
715404633
2090169510
919552796
1687437099
1220460864
875923409
1057162914
1281924110
1825322077
1942809922
847277550
5517699120
5536347238
1446422517
5938047861
821137935
1017588260
5742489162
5190371296
1986183903
1487693602
5614618459
1298193843
1163202645
5958904973
1168276826
2036769254
2019416578
998655193
2013784888
1406455790
681315405
5590211054
1608621493
5671059898
5437355712
1940262397
1952789977
5627228379
5505529662
1704190792
572009685
1851904816
5776719744
1534102875
2003219704
2033479363
1738394603
1029488870
1907355183
745555787
1203597762
5646548715
1915127840
5028364355
1243857054
1961610451
5101403071
890992128
1217750499
1743594519
5220162859
1593507366
1167512851
2057169721
1977829944
1312913604
1062390460
940395661
869815500
1943254845
5552102433
1868472541
645077287
1285389328
758646229
1353361478
627699525
5507451703
1907353347
5017809477
620068988
1509461414
5782350907
1988334155
1590605488
1958045803
5699718807
1980190769
797265128
647655052
2036575136
5842330725
1605213628
855135185
1337099281
5381116551
5276638907
5740753178
857753896
5443043949
5677959620
1497826997
5278746076
1086780733
1306893009
1322393227
5067393910
1213432185
1286676409
5459763936
1904600382
599368051
1934862771
1979409662
915017557
1100295667
2008626768
5628367508
1759428630
1238712219
2101162217
1659756699
1435829516
1314426820
5067905649
1663647825
1096965213
5725446509
5353137987
1914267744
974893783
1022946084
5313786529
896232217
1141240413
1320296340
1597322995
1820105997
1080379156
1896734741
5207448211
1238136200
5768911774
418448280
5026552847
5017202138
1363772323
1095600187
5755007970
5553846509
1983891932
780594380
934290638
5733454245
5733454245
1133835569
5260145198
665291838
1430956328
1019122063
5378405500
5767001261
752813790
1747048791
1117740933
5757360475
825343109
1594664730
1985852539
491516615
1645539998
1145649172
2035799261
820775145
5659599817
1897899817
5352340790
1435384959
1879561263
644245002
1050869128
1394478005
5527831988
1630138749
5087125034
1669069656
1529470084
5767498136
921768408
1231994296
1935646250
667666432
1859162776
1728524555
1383294604
1787039780
1401176518
5730181719
1303503166
981573892
2001647863
1572768101
1124580890
1957803509
823775528
1297976686
5230289293
928316716
5507573866
1552337804
1654715823
2115801616
5156154338
1362544368
5347734447
1923373018
1376782712
1249651060
5540333541
5305812569
5566260764
5158134049
1762932043
5560335335
1482903143
2085534414
5308447274
5344627067
1937808111
1843367268
5725312086
1982540725
5156682075
865120170
1694970073
1063981909
5045653577
5035864202
1199837863
1273943001
5881383887
5532125990
1950253151
1252410010
1844661108
2104477680
1058806127
1608996462
5352222619
1959410726
886014662
1048473404
1672492518
1219440651
1180501116
5746776878
999028156
1828591305
1492619422
5581851017
928651516
928651516
5445198162
1224869558
1489007920
5616723280
1822082176
1185446869
1697409207
1282446008
1388150285
5176500560
1119609115
1683413219
921182715
997126954
5965216324
1435419034
5430814851
305133588
523746834
5129153289
857636389
5074962476
1776708338
5126265938
5096962563
1761971952
1274753175
949134188
5804584098
1237175821
1957447085
5619193842
761715034
1072607731
5320446913
1646924001
2110471558
1407911664
1634695315
1470273614
1095228996
1001509144
1978004682
5326986347
2005339492
869834662
540966560
1985284845
593558278
1377143909
5224895207
1849583060
1859321213
1677012894
1757663187
5666842246
860420464
2067936880
1567003209
1691797202
2132331502
2015155187
5079000870
5531512333
1031911798
1020379184
2142462866
1487509621
556751121
1049267572
40639151
873335208
846914324
1013776579
5768520383
1052045929
2068824108
5362607134
1921451767
1564489468
911589991
1383724099
1564735652
1371815859
1182215290
1145575935
1106469502
1740061577
1890104318
1901690824
1213411847
5668656645
5497026347
2005423118
5672576173
5727656237
1769089369
1281284266
1073920013
1761380575
1116491690
5289264635
726300642
891699124
958991117
541315289
5558577216
2113502118
1475555615
1486539904
1911590366
1237354506
1103391041
1914088594
5448587048
1947511414
928504346
1220391809
1834128541
2117707030
2025260354
5120977592
5174486779
5541831647
697856679
2088244612
5446031346
5776349546
1906705161
1467771667
5628456226
819357112
5422109034
1027946435
1432925084
2006230348
277059699
1131192146
1683164764
819986576
2112168655
1954942563
5174835941
1674585991
1311912303
1020672641
5033231109
779031548
1042962981
131250276
2075560427
5650020186
5223401075
5588353809
5406191321
1326705015
5226578198
1343640831
1079650497
5215560572
5830713761
5676017226
1324091720
1753634314
1733411973
772436503
714033455
1460345607
1446568398
861205973
5867372080
1168217771
1355955338
1417952346
1123656564
1029197607
5281957692
5343044981
1652983226
5311298123
5467369627
902994292
5448598998
5250387720
1417066501
5025412246
2033511951
880614612
1603850060
5567242369
1697198088
1998378450
1494016891
1325065547
1459345807
5620117067
5466514194
996799276
983389797
1087978252
1596324145
5378326942
5340000693
5463162246
5678812111
5556205718
5604008687
5100754993
796164408
1266331102
5044471377
5852876472
5823925312
927137144
1031229376
5916572583
5075308751
817360373
2005746871
5929080828
5314743322
1281950561
900909127
1745055038
5524623677
1954022924
1580131491
1303695921
1572129243
1713734824
930668628
1415368018
924253414
5701877708
1796388195
1783885315
1459203960
1459203960
1481653885
1531550234
992257659
1319042155
1468401487
1194376810
1067408554
817067086
2055165768
5055906894
1162577956
5161572229
1957827231
1895528533
5468976988
1528695408
1508788766
1371065044
1481962142
1392213909
2023612014
5863769664
5199650354
1173347379
1989704616
1906236519
1741615527
5759887623
977059094
1589184568
5740170789
1722559219
1414386073
1641230385
637599800
1262991479
1409544124
1443089724
1848040369
1465027294
5511277343
5155452761
1671968615
1478521629
5736321306
1382417135
879332751
1292574772
1911354693
2061635111
1341876460
1098526188
686815643
1019414245
1515360703
5649977428
1716598933
1793651637
1854495230
5383354497
1366537576
1137456245
741558074
5755334397
1941819430
1062841917
1367363028
5060524177
2133418023
414445977
1279759966
1467759929
5450771223
1651367357
5703834395
1611819239
1237748287
963283521
957786977
2112697285
5965000643
1773123090
1031523954
5935892259
5245018721
1620527191
926497134
1977613427
5518079440
1670176291
5214141699
801061719
1202413838
1517029005
2069811591
5224739097
456268867
284012445
5613873764
1684228298
1610994774
5025958184
1099466906
1344467642
1324613621
1895345300
2071760036
5427426577
5583286426
1304478563
1987077185
1938651407
1376899730
1961032303
5368515846
1482613343
5937692873
1443037217
2067811811
1967341225
999049651
1719657378
1297640944
1297640944
1424202313
1354556118
5504037612
5651094402
5638852219
1430498526
5042638382
1794508434
1370802778
1071373129
827370864
5800229512
5865318098
5289410215
5653947710
978907262
1371309182
5308317831
5791626132
1439733782
1459982270
5599991862
5581949771
5710133899
1262923413
5821958774
5261508371
1271484476
1342845089
1990173983
5357355783
1084646997
954171721
1287193267
1443242904
1961250144
1058707792
5449801156
1043737509
1378711170
5547282029
5669854799
733032717
809427306
1092959692
1451274510
5655185451
5008943555
1643866795
1353034530
5981704590
1684145146
1788162888
1000266599
5408133786
5637876241
5466372313
1178752587
1960330737
5066027449
1996803371
5019137947
850610100
5441989731
900490591
5055108210
5676744087
5109700689
1408904586
1165141705
657135185
1911188157
5600169642
5256316411
1365239468
5241286505
1874659678
5857212760
1926988900
5430785552
1308787284
1291302438
1792188270
1448709135
5044627873
5931665370
1934502684
5529371984
771275708
1337217693
5260716493
5462290880
1420212247
804466637
2073486959
2103051089
655006075
1377938396
2070970065
1013125266
1975136007
1424892120
5012007878
5202364908
5764577231
5553051057
2123298258
5027587826
1177571606
5966406824
5214113073
1488539798
1934921498
802173558
5726176754
812172056
1391808386
1150027469
863212362
1220598554
5487885797
5818870370
1854422967
5299548424
1291390050
5551473027
5571222148
5759296145
1233754488
5533813518
741868739
1030064228
1454378418
1581071019
1252223766
1478234975
1261812933
1407956130
5492555356
5492555356
5486598554
5172312506
5447567781
2123455586
1694805947
1789356643
1067277770
1670611612
5271268164
1476925888
1890852997
5434708074
5419629836
5570518719
1457548072
2128757839
1012820421
2036010915
5583143481
1986738834
1462877914
2006783812
2140591772
5643533110
1309777077
5080926604
1724625161
2042889492
2120111543
1310959708
2118136804
5662624401
2023042270
1340524267
1424449164
5484932455
1055530011
1350838696
1808586627
1340222032
5423954970
1242755673
5080818763
5873523588
5873523588
5000451806
875457303
1089468121
927727978
1886557196
565812445
1892451269
5019022817
1592655973
5268893363
5567445810
1958271794
5419400789
1326508204
5317944303
771049372
1804253929
5348097175
2139670943
875513079
1377549496
1500941153
1678725126
441619711
1164463817
888967150
1681199111
1597178767
971615005
5554838069
1117831095
1841126018
5702921163
1973273997
1311914672
5830033811
1781040398
5618689700
1846041028
1770420740
1083119726
1401660001
1478187414
5561034050
1416527861
1613532514
1456303522
5723953630
1986710258
5328457889
2131263089
1746875840
1449434280
636981338
1878585040
5076742968
5127815538
1187345513
1425152067
1830861360
2134129156
1843516400
5533637101
5590679586
5858361085
1458202901
1459432039
5306158081
5029797156
1621642434
1524529732
1017184283
5075196211
1839739241
1346721672
1561193132
5508592234
819011061
1935058841
1131567004
1236442966
1133747323
1690661984
1357931236
5951532320
5106522576
5622561236
1065727669
1490848052
1933380225
1965016847
5513539942
1210631528
965035401
1457940426
1788413778
986110318
5672750173
5488283077
5157967381
1375035400
1057223557
1015205195
1637710804
1737736353
1439311196
1331672574
1483362410
934182564
1261654987
1776803369
1457344597
5777024467
1342572855
5601063870
1776035130
1114513623
5799645023
1453136528
1142266756
1760838749
1324300742
1458248065
1576120153
1942415991
5761091309
5594020689
5775473089
1888904154
5682897953
1627632928
5522955032
1832544835
562756146
998861469
792921083
1458547565
1154285431
5161115023
5152867535
1346234955
5671052222
5472613983
1097373514
1847350856
2081644132
1318764285
1864493566
1876170259
2114382018
1426024136
5372016525
5372016525
813531241
1539757438
2098214534
382172472
5077289580
1096111190
1461590296
95107719
1403046103
5264064016
5758435373
1914428172
901222067
1753901394
977282207
1886548953
2022129925
5085093397
5423100869
5103427284
1586604378
1515615825
2126063677
1857388172
5480392282
1409536854
1721467659
5227675918
1307382101
972239460
1101432288
451041453
5209620304
2014767855
2132827865
1243933752
1159831743
633832527
1033056818
1442196811
1205932465
1872503353
1438752732
738583353
5957737957
1517034668
2001864637
5625914051
5003037258
1005692230
2100244452
1283361336
2031032915
1020046267
2076083570
5721668426
1714514424
1187937981
1045599696
5988646089
1748220096
991851747
1390683129
895737642
1627395123
29450033
5725781062
1844900679
5699579783
883491803
475127955
1980517535
1959990938
5698475499
1354155353
928184813
2042294336
1495035828
5064013758
5363456504
1793434528
5673277664
2123401809
1968103142
5238365159
908802172
5053610125
1453460304
2099090227
1942248014
5731139703
889189102
1454852466
5897174091
5972110093
1668294937
588366652
1848667425
1259670231
1043482611
1949318801
5753580379
5613386890
1450723281
1446188012
5068162322
5705349634
1770328202
1429445143
5622003921
1164659166
5649948972
1987760776
5433576297
824448282
2052004572
1354403510
659961559
299043527
5728819025
5084034994
1758526292
1497430635
1741293808
985511752
1023570714
5600277513
463190724
5004082730
1547497879
964071010
1329623476
5855341037
5582967452
922061966
1101253115
1489400591
777038181
5771277371
1828373286
1454994313
5549303191
5542153454
1988785565
246231711
5326982957
5262025922
1270940539
1602658010
1383677415
583753345
5513588955
5882994385
5552052194
2081182831
5646775926
1384857796
1496636058
2038468391
1873676606
5580748474
1348542710
5371791325
2118263871
5468010120
1679259862
910453774
5708385956
1962699539
451285214
5849590065
821401055
1826170127
1143171642
1950534566
5415126122
2099897932
1275188765
1551747068
1892038008
2017284298
2061757797
1278748299
1789538091
5766124414
1974311755
1763505482
5605535180
1434380458
5670648256
5467497456
1754767269
904648160
5193001926
5441863431
1173729074
456775912
2018647079
1122854633
763250758
1021264536
1312162440
1518774907
1277796526
1268813122
5059174869
976367310
1300940512
1329601666
5973041857
1284431105
5774657916
2098174878
1084362194
5602561591
1466474231
975992602
478025135
1965584084
1448670204
1255494189
419127355
1923523137
1296628940
698119957
1346758657
680849759
884027222
5595077034
5976570221
584262120
5725905495
1342991560
1925848829
1660087241
5789097981
1783195807
1960495104
339916089
1927640818
1230741754
5277092748
1400478972
1999723756
1476523763
2105829174
5045706300
2050892070
865319467
1971536931
5672879321
5649243288
5478966687
1565847565
5098713801
5636066794
5030551410
1442289263
2133911280
656577494
5393748285
521994648
5371866339
813461238
5102686997
5349682183
5513321289
1026230005
1734797231
1478912809
5980041129
5937002521
5876770253
5673043203
783585548
1202735308
1455152719
5795377556
1003261508
1174331515
1623539211
5145081764
1240915769
1766330623
720544501
1721754880
1057279122
5227297040
5783416059
1297130057
5698037242
373184864
804049190
5689732301
1931465851
1446136826
1782098176
2100771940
2125547656
1872641209
5768300791
1986603631
2048977296
1904392795
1525944808
5003681748
5054813666
5431176274
1060963521
1356912089
5552092269
5129260490
1611805995
1046461272
5500705236
5128487502
798082909
1421643630
2139815927
1754152251
5823660352
1787817645
5511790351
1464802731
5517554676
5187390873
723748749
5772856382
5270661416
5665404065
1660582062
1189567294
2141576115
1289370055
889212939
1397363733
1927826049
1110755870
5755897839
2065701477
1586027705
824597518
5449838678
5585055752
1672545913
5031812505
554104264
5655750135
5528590046
1284610555
1645983134
1762218993
1940708209
5795730573
418079464
1992057775
5915464879
1235704211
5186384508
1140462025
306824606
2063579840
1047215277
2090819144
1436377988
1485983235
5109630391
927663284
1883412919
5282591939
1490653053
5606267812
1854164799
1925524885
5321624466
1094303792
5686325062
853478192
1368165210
1139123724
5686050403
2130786324
1376831364
5532429260
5272116930
5384328892
1631430205
1967583804
859337582
1953018072
5155274689
1456603075
5138019526
1339832733
1472525515
1355022281
1485302346
1453471586
5884298763
1974262286
810945198
1487290343
1927502061
1416666994
1267265024
5539887269
5464942608
1146317633
1265465873
803278713
1442610053
5755598605
1643021717
5986054779
5179303195
5924676340
1220205311
5386267864
1745951747
5573990983
1462493560
991770425
5025751293
1654180367
5419578157
1246338244
5262966013
1743638140
2134627887
1620392161
1922908707
5596330436
5194930326
1728056832
1874774846
5432062825
2055917639
5621448709
5377711008
5287961553
1348832795
5185516568
5148097508
1110476930
1842376080
5400420855
1436405548
1356124131
1812544644
5617443840
1397377208
1455994862
1296046983
921148906
5678925470
1472797249
1580798410
1483422786
5638021328
5710585200
1529363825
1302723115
1359140238
1849540890
1951577598
2099110435
41807432
5557302006
5667201223
2091420669
1640535255
5835808497
912212450
1061779376
1631523192
1461897331
1221491668
2095265573
1630402635
1489808507
5928195835
5338101377
1263718043
1293903052
5523998736
5340683023
5119648368
1717137496
5687417593
1701484979
5971745902
1177121955
5062761126
1833534267
1667115196
1417790627
5881511260
1873406773
1677280789
5952474140
5628363518
5618088096
5710717893
5382643021
5318388242
1733579144
1524456513
1365887464
1466708078
5542787558
5376158774
5016503804
1759793703
1094842399
1231608359
1298489110
1902940050
5524314339
1473242677
5071005520
1987265646
5168217177
1306693817
5441824157
1495261639
1701025083
5183260486
5104481168
1415037916
5529988324
1548271980
188174778
5687110904
1431560577
5652815005
1741834351
5969481538
1487837081
1485826859
5826089711
1984908239
1330908917
5053006424
1435087684
1083153879
5789103427
1239448581
1434074044
1438775714
449639054
328961306
1692729236
1904561582
5045434567
1311246254
5907399038
1374907814
5299354222
1092854472
1513623390
5038052329
1416204682
5576717587
1909536552
1997912570
1047328704
5317161342
1812895044
1384475416
1008288951
5496621693
1381632542
5542597183
1442047882
5570874047
2078680452
433144662
1966656249
851486230
5403849824
1424154492
807335055
5286712180
5446840291
5976422154
617251691
1060445403
5897207981
2115993708
5329021231
1846233446
309607739
5248162947
5731291013
1627008827
1340062267
1191194963
1489742077
364062205
5581113862
1470826274
1678880414
5918997081
1384020838
5084657259
429492930
1622778580
680747651
5377599454
540503878
1180241326
1217346282
1961498358
1513402246
5334848562
651344175
1763307386
5661111686
1610704700
1420501224
927465545
1757690394
5760211611
1682903374
1630354234
1035278090
5779401191
5012874839
5596092489
1620788503
1810003463
2044323916
1760395861
5348692877
1605674773
1353215436
1421418542
5861571603
5864784478
908187142
5171617247
1488864543
1919991701
2068095531
1578427869
5305214317
1527278246
711192082
1316694424
5798633231
1486107136
1464131168
5034678119
5503413924
5451151762
1382834044
664140902
1958175437
5351178002
959080241
1968718747
5660819146
1584175092
5733309504
123898446
5815656768
1432805119
690590022
5535958975
1435326375
5532092607
5628060365
1408231020
423491332
1488995524
2027960235
5450156770
1911467730
1432565646
5548012614
432602989
5708726679
5235159790
5756945811
5610180101
690258326
1025127010
373018122
1448359796
5635482012
5962943918
1485072524
5618601742
2039683903
5768967694
430958460
517227350
5648713024
1632425887
1471769560
1893983970
1274938490
5527038752
1544631543
1660687237
1499734745
54500423
5760143432
1526363969
5366374267
5598775218
5600819640
5441801918
2012446468
1695601220
5418803545
5505965741
5705348080
5965719346
5774047636
5776420047
5732308721
5076253135
1652303598
5929915951
5276119512
5479127088
1408376697
1456759141
1935358255
1926188220
5965427208
5516866205
5294460688
1441589966
2017588005
1378413535
5781325131
1066868173
1271289522
1436144438
1477826052
5823071132
2055167051
1992406625
888591540
2131525081
481888364
5770301850
906173032
1532861176
5333000543
972479566
5612103582
5392480522
5481860146
1618481295
5705797496
5655803522
5330913858
5392149790
1454338171
2105078942
1003353682
1863400689
5494225103
1643715789
5264305431
1715032239
1090587137
1267205770
5310539721
1908087386
2099523656
924458835
5531878286
1267591204
5054246238
972555490
1126789081
5258568836
1142818811
885252649
1479711529
5608978594
5444057310
5120854592
5120854592
1648777899
1770050384
1965991124
1407332116
5680882200
1478998052
1452607349
875633673
5544878935
5081288104
5906028651
5414534837
1305518736
5463625211
723955830
5553897469
5209894130
1394409703
1915626805
5100318054
5731530130
1616003234
1450747913
2002703542
968290155
2063729821
862988163
1441711110
5618946890
1529328807
701998902
1414587938
1210115052
2059495980
1664113206
1355367294
1436633203
1422637680
5047750854
5401435975
1267208759
839321139
1189457125
1469433995
5511688713
1891466236
5772095145
5766903564
5500573851
1877866822
5948942943
1837008629
1123808018
5506303902
5523642723
426429167
1701100277
1585034649
1434849912
1437874547
5646531679
1483395553
5151013429
1409701670
5757941958
656300290
1149973250
1317971919
5176968529
1076626684
5188511685
5431719912
1958688035
974452465
1294583157
1979054427
1810491821
1512548227
5253900807
1483360324
1944820325
5230702905
5045131204
1495581473
1529125586
1524879521
1339867319
1183858752
573308559
1465611722
5678875109
865782044
1105227106
5663275253
1281305512
1368278059
1436904355
1692120566
5008799373
911625085
1445327596
5404435496
1317257665
181044966
210979986
1754772462
5199534384
5498091809
1225191112
1020803440
1682698223
1480039716
1698545500
1409359372
2057491356
936482281
1442121284
1969004066
1387767887
5764031159
5513706232
1310802990
1198245365
1040708359
5418210038
5773847997
5720483649
1330364023
5138469677
5473449054
5236288250
1386189972
1962134754
5549194822
1650371495
1449791785
1079064028
2124026990
603940624
1423864591
302925340
5491300678
1936928239
179060986
2036079873
1720033260
2040412364
992996937
1455618312
5479346283
1432094523
5206494677
1467137412
2018676944
1353089497
986614116
1740295778
1365659256
1406360247
1721390705
5275838021
1472667017
1792684026
1391823090
1756101119
5488143132
1420798779
5901646681
1320428075
1466901990
5120529086
5825980995
1024211510
1486173812
1183184376
5482823517
5618760155
1960798334
1800535093
1613836212
5105407929
5690783824
2055437269
915390368
5333900966
5958823838
5668325473
1987963145
5109035534
5708226381
1243893670
1340207846
1513347311
694450747
2013407912
832027991
989438589
1461872702
5555505273
5462015752
610414560
5252090528
5499710452
5499710452
891940888
1645739542
1454423754
380113614
1938277526
1276885507
1102199449
1453064510
5921669821
2077241780
1433076894
5158031653
5132162047
5653699374
5714960816
735951012
5438282008
5387420376
1102322831
5518947744
5963336102
5781932223
1302410901
5023237658
893376959
5654871024
1538434445
2086353831
5454622031
5869210396
5719529297
1491687036
1432933449
1910295478
5611630748
830683859
1570407350
5397786187
676082833
1720379511
5743462217
1702045795
5767401520
711785302
5775377051
932828253
1859389501
986789432
1116135036
851789871
1391676217
1270176942
5636027717
5578822972
5324109737
2137305634
1125234558
2102076815
2135190656
5451674321
1158604485
1245316673
1261140568
5483165559
5691665177
289338763
5706262372
5637720585
713770225
1245705408
2004390011
5967218314
1724396448
1868135651
1464534278
5278491672
1700541909
912370935
2129114759
1817797700
5537373244
1865864675
1551332335
856141599
5200189655
1380151277
5718040483
5037513381
5466811711
1818095111
5788895130
1051970791
5581945873
5789619372
1096501355
5045978969
1130243885
1311164499
1486443829
5710152661
2100387085
1201599414
996542921
1032295264
1249698054
627426053
5739390593
1431706702
5232493452
981368455
1083019984
1494989740
5149873305
996258087
1912207617
5417603238
1101871966
5900987505
1058384208
5249778512
1805994054
1054268920
5150614960
5908607204
1907988292
5647041262
1833313384
5577958201
1228847734
5764494829
1455187793
630766490
5774195454
5519762380
1472223806
5347787095
1990721924
1091473366
1883879601
1497564818
1224241512
5408362875
1678088275
1489030713
36697196
1190558578
1952244898
5690416241
1960925646
5811465045
1398553771
1355743250
1334961851
1261332305
803491168
5528004420
1017269852
5054072188
1572566793
1776149517
5361018396
1316725197
5424658476
5785265147
1682534210
1467392642
802663837
5540549686
1068534571
5158625892
5767734410
5113744768
1414142249
1647271447
793092640
1377680481
1462236586
5392327873
1568752553
1130758239
5557728901
5484023635
5410959916
5198214181
1635610269
1172514319
5412620971
5786556586
5770915669
5234762840
5285484247
2126909935
2127406463
1320018303
1334792969
1311296793
1465636556
1490579515
1383382182
1007740546
1624467999
1496652768
1836698762
1360264354
1698212775
1773313458
1415886532
5650566432
1479137749
5552093795
1550718900
1167735229
1943151792
1121757370
5330098765
5024668172
5838499469
2033636482
1023635082
1618384980
409638189
1328867234
1675788608
5591676956
1222307407
820544656
5154460678
1455685263
1437121246
1354234555
892734654
1290600037
1461592639
1433646302
5574688799
1380583860
1057313875
1351115483
5501114781
680722493
1689235221
5763435028
1687921623
1071494023
1089347293
1089779769
5490639242
974621554
1011157028
707059464
1534126955
1397245587
1339870882
1444842360
5424233017
1149099219
5471352776
1464464491
802585577
533166649
5412452190
1348003323
1863033354
5050055298
1303494363
1324891098
5768154404
5491464071
1113443873
1957414173
1354772073
2133011574
5071283707
1427199102
666613655
5361367597
5383509981
1426739855
2123607378
5411080744
5467871504
5546113733
1438631895
5625804469
1586236296
1398144983
5562918101
859922141
1028348268
2027925256
5457784568
1458199129
1487145977
5167406917
1408246518
5950963366
1594384128
1268562479
5736242734
1312958061
5004409227
1990945129
1178391101
1468437075
5983289003
5586739304
5023908601
1017435960
1021855794
1182597103
1665578938
638125970
1847231450
1037475869
849784567
2144961281
1349274102
1283288803
978659841
5377214579
1352134584
1222598603
1066922560
5050050111
2122394110
1890435313
2116517481
1363572820
649285100
5759687973
5166233585
1810185185
1354885791
1173079432
5158789794
5775364559
5400814804
1650837586
1971921507
5658320998
5531175939
1304659977
1833176773
1941532532
1966372239
1114832216
1032111856
5406521050
2123378228
923703975
5107545984
1318428767
1269327175
1365724471
1487512910
1962049362
1494263520
1219508206
744282134
2042039961
5701525608
1765985055
5497096041
1267435631
5504550326
5091295716
2010027080
1663695557
5345397729
5343532421
1640951380
1357121135
1433593512
1629413448
5109218307
5262018366
5188738770
5096018555
1053353810
1406141598
5500276896
745786886
2079892898
5410337348
5709641856
5203472838
5247501618
1939839169
5982382690
1407994197
2002404611
5590694417
5528371862
5527368465
5890548324
1003152383
1108625925
5364770222
1934166041
1157702227
5515438967
1446847924
1117729286
2118117246
1948541094
1988282781
5815275039
5496209533
646254521
1953550219
5171845558
1800004249
5616666601
1991784619
1000889741
2145677170
1723473511
400857439
5800452582
1754317609
876370838
135643634
5386941538
5495852833
1892536116
5767579393
2134965733
1442877740
1393894873
1425044975
1574210956
1062426270
589692543
5396639763
5598415329
1523895499
1442774090
2098114358
5711900681
1420970938
5381497579
1300278514
5411442941
5769793146
5195598551
1056898884
1397627349
2132738813
5722955034
1443932018
673634393
1014439100
1330484207
1677239844
5720334440
5116783400
5799616505
840591208
1967623328
546464915
1110879457
5939652159
5314515923
5922995128
1454954191
1673359852
808572543
2063640449
5143938441
1129564543
5691853110
5985377383
2093008525
654562600
357766755
2042193917
1437567859
5881345946
5885140423
903281220
860428200
1402983008
5537830240
1022186496
5139451558
5852817631
1465674055
803728634
1493435861
5407426302
1062936756
2015789927
1425363070
1036551381
1160021207
5741322878
1498603434
5427682389
895654036
1122162443
819844941
1075852338
2087766977
234440216
1111972278
1456671332
2132887752
1739844486
5413635215
743617861
558273805
5027365495
1963584885
2142895874
1414276155
1642208245
5742090486
5247852077
978355622
1523282586
1223513145
1871968078
1610453009
1299011580
981603059
5478103868
5003104621
5647678418
5618272170
5441102074
1701669074
632029463
868468653
1204423391
1296518491
2023659888
5198461285
5239751952
1953349646
5062425646
2003734341
5481983979
1089690242
1762346381
5643046660
1606520935
1349942674
1504605435
1971433010
5045823777
1947971700
959006501
1458953792
5392561978
1324196427
5045812324
1618802132
2034536831
5055215483
5021948708
5694750549
5679047790
5281965002
5109705342
5458984980
1955035274
5711301836
1774653029
286805181
5637813605
841831928
5386041570
1484240992
933746467
1978186450
1602554192
1432346938
1850627567
5053897618
685635231
5760979840
852168866
1953669237
5298553978
5009036251
5956302692
5554322049
931829672
1895102273
1895102273
5543733572
1903880480
1662246980
800661792
5194159436
2015779831
1284196703
2100769904
1750787207
1768787209
1210986833
5107729240
1815439742
1033020498
2058588035
761927254
503793651
721375273
5481376033
1029251253
1065315274
758705269
1820283592
1909062477
5735505112
5016115005
1054799528
715482474
998861331
792639687
1921323238
1496345969
1969371432
5338114120
5435106987
5115584579
5177951595
5784783462
5959017124
5826772615
5884112724
1862770854
5469123439
1330200258
978254772
2142248567
5603311319
5643413313
400751156
583747956
968798599
5027471480
1193113296
1607855586
5536896816
5393944761
2038962911
5635636535
1022298991
5433527351
1479994285
5966577495
5031988187
1277390866
5289397209
5209332321
1271832842
5030294687
5755188431
1382019695
5075584347
1340570405
5041325558
1283986766
1628115720
1628115720
1142716591
458260493
1733669041
1565376375
5426919996
5460389412
5001012615
388393152
1364224633
1442496998
1411943043
1705396347
1421677036
1612748471
1616605185
774802437
1457608430
1212045886
1424036101
930067107
1473805318
1771488213
1926854439
759816665
1986760002
5418784908
1141160506
1371824599
1884607750
582865058
5540633447
1551763990
1281217661
5900556883
1457183422
5550915112
1288765053
819113369
5107959383
1256891828
2010837943
1039106047
5568239180
1905119430
1542554355
1289645228
5181038313
471943937
656555647
1340590252
5421013781
1006725077
5625116893
1615398638
5463092059
1424055669
1329129983
5615021378
1097521118
1643966508
1633553140
1083013636
1497647494
996216956
2009092399
1447887435
5920098290
1416273102
5021492853
2083622815
5276477182
2076579390
5678489801
5736196238
5736227431
5444063555
1190065451
5413382008
1935751819
1408027464
5360525398
5523848874
5988860640
1966070429
5227477279
5017216721
2085506256
5261265142
1522158699
1320006137
2120485721
2005506521
782908770
5687779077
5127174363
1389318950
870899097
1696269679
889932081
1151123355
1438962547
5099992978
5031535571
897064858
669591957
2007981438
703565027
5054932847
1457061709
1358489281
1637648203
1092800367
1763784641
2015045902
5811955203
863242051
1273493291
1754134224
1894012150
1393954768
193441576
5624680347
2143972920
1496087951
5502733685
5060107545
800956589
1776740502
5014761603
5472321265
2130316243
1520455917
1555987819
5142648243
2127425355
1016955676
5396235860
5840824376
5040306516
5288587305
1897784907
5131244173
1146923352
5190118008
1402951223
1256747991
1793042390
1753653981
1131048226
5503694857
5062854410
5516299250
5130315575
5150664731
2096204150
5814203676
605127075
1856740982
1948843087
2016264031
968754120
5338084662
5410338913
5459825222
5654610649
5257885263
1912846890
5455688015
5889076967
5621525455
1417315573
917098362
2085816451
5323628088
1149324143
1006941791
1094855465
1089786299
5525801648
1318512586
5361736372
872271652
1818373159
506980216
1845609946
5200908188
1513442824
5534413980
1126583016
979460498
5323656605
1348196421
2127658660
2072121997
1272342530
1670246615
1416239913
2120270379
1317179943
1154951840
5959575036
1071822792
1288367127
1691328198
5526635746
859318555
1258765840
1646231782
996492730
1211549456
5559383049
1574172815
1653357582
1512392013
5107263761
5856804944
948308856
769098822
838088512
1953295377
1346449157
1405316084
1463368747
873137226
1726225287
1694456479
1244715368
1623946310
789466101
5793778378
2139349025
2128733926
1633202937
1152479978
1730325921
5180250169
5484243106
5498589325
1466568951
1676894491
2026717966
5057690830
5736505310
742777340
1336272655
5929910859
5981589821
5949996873
1423727045
1107678565
1314401123
1907021174
847071415
1684625149
5793085448
5620356429
1038533737
2138459191
1135461379
1198550727
5522123650
5243252597
2109760209
666669961
5745305249
1575317975
5114450868
5577366126
1841125817
5034332146
5799792607
879413613
2087644222
5945615431
1347805498
1534657494
1570764443
5363178079
932366969
627996705
1096322406
1706023116
5316469307
1124102118
5684941468
1258844617
1115571278
1765673215
926661690
2064583759
1626721678
1079004743
1603127291
5429459032
1395961162
5879389267
5924742034
1980288758
1847221173
889401532
5708891765
1965985546
5484966413
5337743875
2130044358
1508845932
2125268357
1260891521
5781034730
227257286
1058487380
5605812032
874037467
1381757793
1008008394
5203709734
1491407216
1667556711
5044338068
1743823898
765103111
1483103129
5645134464
1455287201
1216749293
837894290
5538953503
5962026537
1936493256
1439663478
1980755709
1946246372
1417163252
5393432763
1907511404
1066363532
2030900735
1181938246
5044522039
5448764226
1414564939
647133496
1421023335
2096768587
5604241597
2061465115
1839712782
5035735264
5572146605
1649933203
1649933203
1301627934
5441015612
5400270433
5779411029
387040966
5540614922
5039175007
5234099451
5344774269
1615304175
875225835
74432981
1941503354
1876070709
5546555790
580225106
1433588729
5722616200
1077224760
5566165779
1609530837
867287614
1303774629
1237574881
1146341756
5908308871
1449887896
5612272752
5272200343
5327381577
1098158573
5029987024
1018848242
5213560073
1921791755
5798653745
1041256623
5729467869
5309869791
1389191815
5598299131
1409557097
1180618784
1257916495
1184748693
1451733176
5861472288
1214369905
2110366548
1626436547
5028998922
5056319095
1427027451
1474256106
5852221477
1306549126
1313088636
5065628179
5196642807
1434829910
1435215508
5644589998
1497885497
5290499950
1425734489
5804159518
1261181504
1419525470
5167853773
1088604734
1404420276
1356460668
1073526573
5627127762
5979169652
1772171891
1864545786
756821202
2124969883
1684871359
5311908895
5582005876
5967074442
5170635540
785391863
1643869804
5092240193
1054161465
5774762404
1685257604
1799594148
1469751303
1139376236
5493281163
1933961805
1113810811
5804584305
5718231159
5559946752
2099921126
5943597303
1002776460
1469580278
5344450723
1281522434
5628747050
5745912929
441711306
2023756885
1793091538
1611892733
5748147767
2068006772
2015587433
5259103303
1936847998
5733097748
901406572
1491158283
990667585
796542080
1134911915
5699496625
1892970217
5297189209
1212013938
5665358996
1178261993
1622880187
1696409096
1376221650
2134797789
5126918233
1492798770
5298323286
5739132347
1739378797
1864584839
5968745411
1518436266
2047502460
878612514
5739136582
1340728546
1532713471
709391136
1045085279
1175526753
2065018762
1587986348
814118748
5608575837
1595967724
1684725514
5511892921
1793324033
5420744230
1655347554
1539505365
5686151085
5873174422
5084883945
5898138168
1747908258
1519850756
1496015906
2105838072
5690872925
1657957211
5080235444
1500674251
5369830965
1697120352
5070892672
863291398
1011843763
5056868666
1403536481
2037441374
5138972863
5668699649
1160434814
5648519403
1197942789
5234367380
1408410448
1621984196
2126309648
1305067096
1279926876
5129727638
2094822495
5344617926
1872261945
5133455086
1355605819
1387979858
1219965571
5535483952
1359487751
2135275609
1074979485
5620105415
1405267640
611597679
1441101671
5390089035
5038257128
1110671971
5763840218
5399577750
1861697566
5368099883
1300686577
1936700971
1947922325
2009628108
1546670275
1199441305
1390627727
1478412549
1487335900
1314328750
1270324694
1698381165
2011213073
5524593309
1728302696
2051432872
1676044505
2088714704
5798421862
1927479494
5524511704
1363813407
2045236801
2143606658
1801327898
5401914734
2066298896
1974982982
884842144
1710558751
5135383034
2115386025
1249446531
5415722358
1215596422
1824049820
1903378297
5474027933
1991060138
1952060212
5601444099
679966048
5658391847
5224355108
1835701960
5274829489
1485793940
1732711072
1379676980
5442594117
5717495567
1338888828
1539641741
1466061981
1876230055
1735617373
2107295644
5603212543
5731894523
1592758182
868948002
5761543105
2050088059
5427948572
882781636
5492430895
1819269425
706769661
1305444697
1615103819
1952191220
1271960929
106794900
2145921914
1502130932
1343964125
1094526838
5046305024
5849002239
1607183946
2130809231
5017755876
5131215168
679507729
763834264
5393421241
1320912128
2115957794
5202960025
5321401188
1033632434
5206415625
5802968079
1025522648
5348313824
1116613817
1694118903
1599283768
5020889174
1983285523
5319378589
1080005063
5812848085
1280396131
1177797529
2054621618
949068597
2128109232
412674721
5950979211
1585502312
5411977616
1838229021
5630215997
5902223048
634393486
1411266013
692764128
5330991414
1352177781
729635162
2139212749
5093516864
5222655673
1857124093
1746679100
5639965419
1662570338
1376812639
860715945
1498111540
5362957857
5545727313
5650939247
5595173292
845701212
5342430446
1499737925
5674630577
5954374540
1484573661
1329941850
1834205616
2016157083
5631199219
1431007538
945906197
1076638597
2112470659
1865271640
5248636762
2030852005
995765477
1392953155
2067649766
1181669322
1491629299
1435662275
1983771929
1471820290
5567416410
5969696345
5604232406
1780476528
1400001842
1611284920
1702626427
808320923
1244825805
2122165678
1553592206
5190416170
1451545259
1651974621
471981032
5702795363
2113167733
1643537065
1643537065
5630911730
523523439
5666385246
699611194
1423048384
2105006918
5786187970
892887378
1134311365
1113389978
5742321413
5045387372
1452180373
1485853399
1439331753
5312957358
5581717972
5004448756
5167804794
1424119460
1810875352
5166381521
1381912101
5162127952
924205870
5090445037
5254641170
1417201301
1305492500
5060778183
1695897900
2139891253
1461569743
5019224384
1461954957
1774340038
912002901
1163640075
5628373884
865763748
1012548478
5661970655
2121058197
1136856495
1923320414
1653972940
1809874895
687225048
5794102160
5066584215
1693770746
538407502
1468264092
5420065682
5541525849
5064671321
1379692231
5294828222
816463636
5303562526
5023740600
1639728431
1471764324
1274738749
1429844290
1462564026
5769552316
5207083593
5546745362
1654355278
5652434826
1252951155
1411837945
5850233311
5896906550
1780364695
1497003087
5861391878
1939342056
1651428993
5421552355
1747986421
5032079875
5941020750
5691558700
1431951758
5539515409
2106483716
5245122422
5320370388
1381493482
1972194069
5353313170
1031971076
5229755935
5550111017
1021511398
1136248478
5049959545
5625270320
5801332084
1324841808
5452210048
1297559579
1412772348
1400765873
2058247670
1669390946
1066435255
2143997545
2030059628
641261978
988683545
1195546146
423112526
2084078318
504769192
1131306992
1421829053
1210649373
1810000702
2100097469
1627173319
2032961565
5230985664
1690635535
5162537561
1221944811
1470779781
5764907683
1682586505
2094416363
1082908436
5674651324
1036480862
1842795440
5096386631
2146562609
1812239845
1300722179
1165882400
5888224089
1338044182
5606199068
1270242473
1503939738
5792705243
5291573720
1295419097
959370953
1417676605
5084901010
5604554824
5696849886
1415669482
5511994102
1434743281
1609027671
1089307566
945284735
2129593258
5367055366
1480149452
1275458545
1397948679
5021395045
1313074597
1669679415
5046584350
934657684
1673297354
5639792863
1833123273
5168175163
5646236846
2053953628
1563649765
1007750106
5528237856
1564051278
1415055420
1739615519
1364059153
5252642463
2096205731
1021840455
1442557908
5568464957
1286906212
1101063024
705663570
5607616962
1401395226
5348346591
5286708114
1994264039
366985398
5610402850
1963531352
1702145353
1474121712
5788787632
1346315631
5035116582
1448110063
2146614187
831985066
1484451992
617203932
1465514260
1702430086
1617581097
5534600454
1461052642
1419044148
1474443802
2025425271
1628313901
751030543
1950598066
1694570883
1423709998
1508653149
1487054368
5165103314
1617631223
1003968520
5390011098
2102461157
1474639083
5770098914
2040094182
1458332493
5334123986
1306437479
5604430452
1200393298
1451863691
1393048072
1474920444
2126625253
5475557629
1468959468
5649230280
5445497055
5065335956
1038189798
1285452146
2041371308
1256372307
1436483040
5801277145
1403413228
2074024741
5192501183
5192501183
5577932636
2018115300
1743051834
5250812481
5349452743
1712864380
1663058763
1499699352
5887845716
5135746825
1941001937
1908475889
2054799341
5567166050
5444363658
1462323241
5881282013
5062599527
5732514774
1404834082
1266855424
5861358323
1966450018
5387843641
857714645
5877083899
1043996887
747323757
1080318702
1425274682
5350473853
1831563844
5749739233
1413403193
1459783347
1434266049
1171995780
1436760867
5908194354
2142978718
719958778
1486248697
621915975
5480976108
2130353107
1751334513
5743961189
2144509514
5674943522
1411416454
1927437689
947428627
1523825120
2129391900
5301721526
1856542287
5218651607
1196691045
5343262503
1529460999
1404858630
2021472265
1874878227
969096923
1694639851
2108495094
5181571578
5668317659
5133458433
1674105030
5914171150
5837114590
974658161
903501241
5658403737
5687796844
8495069
5294001654
5701755142
5822040512
1882673099
5539492117
5361648754
5349195438
5263087365
5474402932
2107277317
5546019025
1466551138
5647956266
5718812055
5654239938
1450149964
364925976
1130839547
95809127
1427992725
5569325172
1335763275
5014307585
5434252578
898795220
1987639533
5076219632
5667548762
5044904787
5785478732
1396441330
1962010558
5902758659
1447151977
1177704330
1707301840
1447832496
1447832496
5470045822
1206869967
1410137662
1406755515
1103627895
5086731647
1760018064
5069289593
5331229587
5710075351
5114716047
5913533231
1614903495
428333513
1383872616
5665684567
5859108250
5445307720
1194212517
5163891388
5431083920
5281338864
5589170477
1148065250
750387474
5222692099
742087458
5631347153
1969102361
5104478461
1717150226
1658910033
5312649863
1342787994
5350490019
5659283737
5655806966
1014810674
964461796
1422157861
1233518205
1403339543
5371350683
2142027143
1525008387
5000062461
1448635278
5438971606
1841035130
5398525893
1478832284
5658120054
5542540332
1329190111
5573801623
1114366750
5536659063
1894869119
5179801468
5389527714
5374493858
978006451
5351209556
1605509338
1531181897
1629068786
5582450018
1418090762
5112824883
5173239005
1940607042
5565701818
5012376518
1727472403
5743985835
5897869711
5599001531
5696766793
5632264598
1831500664
2126491729
1457897843
1540806457
2057554254
5667364054
1182991636
1731106932
5669560887
2034688243
1761682973
1365999839
5242709292
1686606995
1043533201
5552200482
1670307396
5899152652
5185394973
5225279952
5185376046
5644965075
5740424715
1720320740
5730672139
1274648321
1914579118
5225853020
1763050788
1904458769
1895422287
5057731492
5173027883
2102092775
1451966254
1467357926
1639188550
1791667115
836983236
1029119044
5972420838
5460302824
1507708159
5451170238
1206538542
5561158752
990447119
1260790191
2143543462
5429443692
5216781881
1451976841
1313445721
1775692633
5582689178
622336397
1336027506
2113270709
1867468864
5902609580
5808883537
1518247848
5052801655
941388802
995332205
5325407864
1885722288
967535365
5016513151
5892746746
5641225263
554876203
795132144
1476439569
1560753846
1872727089
1567705743
1360152996
5223145441
5705530909
848331413
5670457931
1471906353
1699997511
1819931079
1451990493
2046249005
5108188063
1664850364
1517384699
1048091558
5349963541
5005820968
5748804726
115051304
1420818451
1146783927
1720161893
2043282190
1287124545
1863963429
5759207914
693097553
5370521885
1699215830
1411888877
1446962349
2052487429
515078223
1777190551
2028274465
5382165476
5863093415
5773783062
5064224860
5123676439
1927211155
5191273307
912413922
1558569494
914513708
2094861973
5649357138
1437892489
5721191940
1287323676
1980615499
5206186467
1058623692
1264161753
1412131747
5637617647
2121010724
5977498673
5658654376
998276967
1281915308
1583888787
5929095013
5711495948
1390197924
5703554597
5893507622
1492493807
5079213589
5668353526
1794772978
5532094327
1483854642
1832817970
1403153412
1614873412
1135400588
1461009305
1862128102
5099309983
505948833
2089322423
1316713553
1447264049
5440769044
1750312647
5666875413
2067377373
1629091488
5445193399
1491448637
5066739603
1241965570
5404653749
5535911491
1798166368
5710175549
5774817912
1436657158
5458847793
1403095769
948913782
1378734257
1453573457
1995226024
180130654
5646155458
957925357
1297210329
5583656957
5811635386
2086150521
5119255311
1940992592
5068837588
1377976813
5904440448
1095928809
1041201672
5537359771
2137868544
5591741175
1710944174
1242096183
5826093476
1596842122
5034348971
5414032729
1469076164
5454607709
5981291926
5377758654
2123111638
1327155332
5235622164
467940178
5198606453
1668940965
5759758558
1076154789
5462175684
5658651623
5267663191
5134623874
793066751
1121959270
1201572907
5063190079
5385145724
5715292829
1539624685
1296773995
734629836
1439866330
5748251814
5566601844
2033337766
5770168154
2102617067
1035501521
615562451
1314560377
5204220204
5377352756
1798310255
1403736306
5186107684
827243255
2113130971
588466791
5051458152
1333154632
1484234635
995363202
1358573547
1499800294
2077935865
5594969335
1409966493
5121339369
2126773535
1412356770
1312207839
5616248315
5660287631
1450989995
865396806
5241805790
1455897576
1235132213
1865796819
1440091510
1398901554
1138315509
1818849334
5537190403
1908225390
1486259697
1473116242
480754144
1101763112
864936905
1032929857
5141243091
1432442065
1813572788
1757079309
2016512875
2064735512
1105536936
1535951499
5639530726
1743693159
1806679472
5696092317
5304743550
1611979191
5780385813
1611322573
5503881218
1282480634
1413075216
1660230007
5521954316
1357041309
651512674
645694754
651430359
1261451721
5471482085
5625170980
1216719781
5134018057
1411508758
5071518822
5334402480
5453225425
5401075914
1409207751
1757622366
1184579244
1576175050
2115947852
5765535708
5409702256
1690387745
1430539062
1698581815
1226124896
5196951535
5699429634
5459915272
5593268527
1921961590
5757592359
1420558703
1146027400
1649786189
5672097332
1481971811
5517925864
1414221533
1403662143
1452369172
1392757438
1947454125
1399164063
5709556198
5542978241
556726904
2106923279
1426298152
1482117773
1182303792
1402551027
968890046
1544065185
2042798887
1474648424
1153306423
769232606
5195597410
1084800716
1872820926
5131068734
1089190665
1041975949
745060369
5954436626
1470011147
1466816426
2115040657
430819098
5664220573
1554861434
1434911341
1105900721
5598260157
2106902504
1753758543
1997746612
5786885563
5900456569
160904155
1140237271
743314161
1161505146
1231008490
1531987921
1944185342
2146796971
5317343181
1121507290
2131810579
677147208
5627629713
1903296267
1842981332
1697344258
5086659831
1489908510
1205130343
5395577548
5389670877
1617108321
5716318746
1484096255
1167635973
5904745804
5829840600
1612118073
1135158305
5628594764
1227207741
1378793908
1307101522
679521634
1394929832
1913690848
1448232793
834337047
1461735774
1420366227
5582605630
1990701112
1433876884
1219448649
1403986943
5228223792
1676021454
2065148344
978644765
1604483901
1864744381
1557719686
1995677160
1897118678
1443807140
369777684
2094264048
5499632329
1740795431
1415397021
1477043440
5549388137
785425380
958083502
2062796058
5326350300
1249926394
1413686843
1478876274
1738769880
697629502
825579442
5846748980
1246691361
1654831792
5596103450
934239318
5698874896
1607568258
1223498579
826179841
1354568177
1810553180
5351656487
1210094366
5123531829
5189989225
2028797225
1849197275
1881752532
5108395467
1612308811
5491684085
5898202658
1459286910
1492816266
1945669157
5740730025
5446375260
5702332856
2026362544
2116281420
1340903851
1686581192
1010308430
5488299823
5374177110
5926071826
901270719
832470725
5706029184
2118811603
5174698628
5548927553
5452560203
1278905855
5753751895
5805304849
388110546
5286632875
938708222
5659492876
227911758
1492915366
1140723394
1783155985
994990913
967107285
5744041832
1417429865
5401075787
1347826410
5763216413
2009592421
936980137
1472357243
1638243520
5268058754
1454651051
5557378685
5685792803
5784532467
1715236413
1518472961
5773283899
296930403
1355365420
5080559484
416097077
5252868956
1398197316
5591131984
1400756479
2001685311
5729323103
5802647939
5959357512
5592327464
1378523608
5986641669
1665773760
5169720950
1381590899
1127405937
5432018563
5856820198
962355150
5651302798
5010659555
5414539982
5303237059
5713111415
5866738047
5580257105
857340312
1079665139
1423904445
790102421
5763624631
5687722901
5099640775
5086983605
1006856386
1932610388
5716100625
5403150866
1383520666
1844609791
1377451832
1996098340
1391573143
1702498485
2131658102
884105609
1479159019
1780537900
1201244956
5929810181
5674542293
5420564441
5634081480
1494768283
5615985294
5385964124
823217887
1409227590
5133339686
1078123044
945752540
1014552324
5459861384
1271140990
1066473214
5658639919
1149119304
1410780833
2107496036
1680699825
5113901366
5034923529
5014556919
5688998977
2107138829
1046845260
1776376151
1824373762
5891764746
950798557
5902427498
1495913969
1597134919
1267366211
955226416
2111697412
1430435450
5585860452
5773656948
5492091855
5510795031
5499373063
2025286878
940350882
5983165078
1850830844
5054654885
1764403835
5591464466
622691010
1126444167
5713844448
5473352754
5313817337
5654179778
5126011205
1955331435
1804722926
1208345742
5667965467
1885689514
1485890446
1836277152
1131606326
843194920
1455516787
1760747889
1444680660
5418885315
1431754860
1839622320
5611087696
1222478642
1713818814
1642099040
1462464981
1335243126
1211644740
1577344217
1456441622
2005744602
5406627897
5083273139
1049196502
920138247
5572352444
2097857973
1425764661
5200273572
5567456254
1594762014
5521005729
5601967805
5574332103
5809314329
1263359582
812060943
5534729421
1978070839
1755296745
5262502263
677219334
5551348520
1770209434
5135629581
5850849623
5365468340
1965742872
5730009558
1497471779
1755031586
5300677464
5005150806
1050992598
5309808279
5526758272
1416990045
1319319291
673825014
2032602723
2140426165
5885591475
1984206619
5090932026
1185692821
733001113
1719144236
1443141729
5349023909
1936839688
5169304102
1901170705
1929857968
5014520570
5570951601
1110370257
1745948286
1494438239
5188550677
5163097493
1729240147
1285276921
1419143606
1427883580
1350702675
695836641
1818366067
1471966623
1400784498
1464184881
5466612116
773230114
1400299728
5046861357
1913104531
1453182822
5888554315
1280747520
786359691
5415611901
1479219509
5024319435
1124776911
1835564808
1240485749
1932923199
1805291345
1325918276
5026213833
1479926842
1697534100
1495336878
400545765
5050317463
1455991279
5430760919
1423022735
1067233529
5529864875
474460699
5851656552
5842813295
5586258607
711671846
1608069243
5550800233
5223856210
973899315
1085763580
5592354854
1375659290
1236898702
1298360663
1455020585
676205136
1278591812
5730425604
1427870506
1733617111
5742585647
1558321618
5679799788
1378840776
2133524172
1392016958
2144551635
5191658999
934344330
1120853041
1158454899
5788512432
5461196233
1768660045
5284971745
5280532709
5295675837
1908132571
5728324821
1473473840
1368310031
5550367576
5053837152
626980832
5912581154
989318151
1535532146
5902659837
1313821257
1574383582
5213998196
5765004455
919041330
1467272219
1931138995
5684844515
5493243800
240606597
5759465730
1178430702
1638957219
5060345364
5360864971
938795901
5592533627
5154201385
1453943217
1559896101
1966017992
2141090552
1901354375
5013658091
5796749811
713024206
1435041416
1099107543
2116869151
5702103015
1424289652
864303307
1245347923
5752450414
5793673197
1560483413
1442367224
5383687905
5630879967
2136411876
1476273626
1787528020
296879820
1458319887
808049030
5370111216
1135380811
5171461011
5974497002
1824913297
5967739006
5414014278
5639355593
716287464
1304780767
1997867313
5370657209
5376645423
1343460775
5979386479
1200508664
5582149095
1374041437
1948146429
1948742533
5938015711
969813695
1035832405
5453962227
5862869607
1103423735
878120205
1446623047
5849370519
5587128243
5425784037
5738217716
5026175524
1596006561
5033368999
5734295288
1563358932
718550285
893088841
1574177529
1319670561
5970414594
712829018
579191844
1759319824
1315936408
5593294253
5058386108
1125121683
5488717835
1171062361
5345468245
2120495080
5287109434
1360382172
2041126973
1061155922
5552689544
5807297417
1775258827
1484954479
610543709
417994331
5934627035
5233639964
557691271
5039789047
893411168
5356895383
5390115897
1288022587
5085481250
5060890939
5104700567
942076769
5094143812
5256283578
1378231417
1643535892
1427940724
1486184121
5754325267
5094397416
1483729412
1946163751
1792246429
5163501501
2023916591
5631384588
1995540986
1380398199
1649121110
1492593265
1495851255
1016309670
1492084325
5477197603
5681444214
5946358156
1057656967
5780483656
5361929863
5776882269
1286722570
1422107858
869950695
5353054105
1095600864
570945968
2049859836
2106660971
2027127639
2039068212
2108209332
1842524110
5617183856
1224856736
5666366711
1798592435
5046810315
671961479
1040843571
1012530697
5540430251
5722094679
5616517223
1343261379
869433471
1452080727
867297962
2111428609
5155679568
5005732514
1566946166
1745090718
5454528931
5548856639
1639633835
5362556535
1479761694
1370948132
1730926888
1453748136
5988548153
837226984
1677845118
5463976150
5717268378
5546029652
1446764676
5377993001
1454183819
2008094414
1054023185
5683442294
2077778698
685485169
1368430466
5638103332
2010673421
5357873215
706152087
1497889684
1204170691
5469002760
904255506
1087135994
1105405376
858945377
5083322251
1398631031
1840333817
5719661169
1529851946
5318337454
5301988548
1918279746
5088126503
1476255487
1997882822
1730088938
5544108054
5592453860
1901586456
1468878640
1347075013
5286421686
1857449625
2145712517
5579489601
5177471954
5497216752
918597843
5247223528
5968839922
5710849724
829890154
5501924250
1486199533
5494266519
1355898978
5615998408
5830044972
5698587508
5224006547
1466312948
1551793795
5658058372
5231079205
804355695
5264674846
918413497
5345500325
5614074180
5542612472
5759150762
1449102226
882938359
5856730181
5015197082
2059372418
1406942453
5685249963
1356691867
1142168986
285408260
5190522494
5473587021
5793594825
5850519928
1807669432
5616372447
5858174787
5000378805
1334320781
2124399355
5916186819
1213676561
738335302
1546606400
1416658074
1608533111
5393603943
1479461019
5839858620
5922836790
5886838354
1394537173
5982556234
1459265377
5480330637
5633499978
5846742041
2047631643
5898262777
5688897096
1319210582
500671359
1209682687
5728431586
5689391278
1299762074
5565110384
5122399632
5362502515
1919897971
1712493879
5076678208
5668695551
1481452555
1482212149
1397476083
1139413405
1667282633
467709768
1172589637
5537608267
2023254241
5401994036
1728440479
727697914
1295506750
2112118056
1612768451
1635784137
2123913749
1142910448
5104565023
5686741193
5446735931
1398697963
5866684053
1340388307
1060315828
5338276622
5696343857
5325759079
508129418
1449325801
1420837866
1552029138
1091980202
1306610433
1653333049
929896819
5437521802
1932754308
1465677382
5533155833
1378729840
5450362642
5604481621
5352603628
290043183
1221062673
5159016080
1296984679
1469956311
1833199253
982577841
874014379
5724770571
5959988474
1076184518
1854774794
5404841675
1796773236
1085398260
1096435568
1789273683
1440704393
5838653309
1779760802
1583777140
2109952859
1024955947
1497615201
5098586069
5968760408
5894125366
2116562686
5419875851
1248477897
813558193
5670600537
1767675510
5728404003
5497834617
583130011
1404638228
1175805328
1359074798
1360231616
1629833570
1389804386
5670051781
5537505554
1548364767
1848768951
5811987967
1771782824
1392309885
1534108665
1423615789
5443911154
5205149901
871723941
1333736973
1918840832
5132673297
1588959775
554019027
5626163033
1438512026
1301733254
1508014288
5293441119
1433146029
1654312234
5663302576
5702231844
1192698591
1776432704
5808596712
5268184424
5323508520
1146551348
1342372299
1474680234
5112406636
1959625428
1241998891
5593087935
5859432664
5631347856
1144705498
5028634873
5002958546
967903966
5740832492
760863297
5656538668
1475312174
1533177944
5074733437
1829218432
5755418784
5576486016
5197011852
1498660180
5342351854
1487631222
5197060238
1654048721
5758941257
1513842185
1876746815
1460327765
5680798233
2067617862
563484649
5486267312
1450060310
862700905
1536296742
1105051265
5699129424
5912724811
1894605798
5831355836
5800695665
2118774946
1987314259
1796119648
5492820914
1784470929
5451515392
1335618977
1556747297
5074806590
1556679821
1419005337
5026705604
5384713081
326297093
1482746549
1365981501
5602076615
5131180745
1143282250
5129497837
5305092014
950975072
1431306836
1614628002
1457207634
1506779320
840128527
5179211129
1416410225
1269733303
1279772806
1383785291
5730958912
905367954
905367954
1382795858
5738555551
5277766935
5277766935
2100503151
2119162186
1958295264
5691878935
5241917145
5436311899
1311794093
182748477
560879466
727378387
5032838852
1878710791
2123422447
1756590173
1903838433
5244094537
5791468109
5682087284
5412197820
1060742525
2006251298
1416089842
2117475037
5924362015
5520386214
1822093845
5782214686
1644194031
1435301048
5476124866
1646650146
1430312203
1488339735
861983142
5510983496
1077618680
1414552086
1209882918
1481355553
928260763
1092171393
1890461850
1851183934
652902252
5341718154
817485100
1709189887
1302600577
5805809796
1914203654
1232675957
5869238312
5960965222
5515113490
5729195323
1184765204
5572585055
1435924239
5073906561
1324338068
5242501939
1510071013
925934683
5836892246
1440490175
2051998584
5134244210
1444534587
5150941589
442256080
5341964530
1907510376
1392379998
1634267673
2085834725
1272648075
1729808907
1239320050
1861653283
1351695048
5629535579
5883947590
5154180907
360516970
5037733798
1356814659
1372266902
629000896
963050821
1522567794
1406101558
1938394430
2030158287
1925756566
5700990934
5582814026
1168291655
5586077712
5147797449
1418704185
1882682803
2102976122
856379042
5846449324
5206202400
1847112020
1683786511
5723380741
2118130953
1796799340
753479198
1287162048
1224818250
1197637574
1447394234
966533231
5435869390
1436992903
1894410022
2064287601
1022643856
1473084582
5386168465
1436271391
5632005878
973359754
1027946668
1953044288
1314287963
5678708951
5581156937
1464194222
1860106166
920741899
5358881965
567503411
5881906465
966889095
5779346234
1633982775
911322723
1337681170
2138075704
5157240145
5273229443
5637185807
1808100575
5236176780
5638159723
2088676394
5532500685
5597375146
1018128341
5759012768
5234822303
1787834573
5392737415
1124930999
5565763624
1481688025
5032186731
5535351547
5937874544
5122114436
547930322
1507898199
2116190167
1498249539
5431299408
5725768966
647368211
5925132734
1433226641
5799720914
763448221
890807891
5593221430
5243473885
1058015187
1083994672
327419673
2089377903
5379941986
1688394569
2011633468
5642451373
5504089817
5979374579
2060824071
1896079755
1411067010
1569088422
5540673697
1454228690
1857600932
5357719631
1468565590
714682862
5611293688
5136992213
1190400925
1933410212
5086366360
1578055760
2125576566
2072102292
527506856
1400191648
5735698719
5695572881
2087984350
5168288937
1058882209
5834224017
1559092360
5093425578
1427430349
5834317201
5077549897
1373914665
574316523
5618750882
967528756
5342003054
1404426340
5519484233
5458872327
1270373957
1231372184
1498549980
1563721657
1400397301
1414772491
393145906
1495736888
5597879241
993942978
5382606980
912368201
5730093483
1409947610
1660806381
1126042791
5689081418
5221399295
1197067638
5056712599
5149019325
1832276360
5821368016
1611544902
1493280790
5263916736
1158769075
550085699
5689837750
1670592534
2117411913
1485280407
5737912433
335009102
2140152323
1587112849
5428331734
1126358661
5575389044
5349944380
1406542200
1444607820
1721042682
5613519266
1678564930
5062883776
5245482551
5788445788
1340348698
5099582596
1476051618
1562925145
954412122
1467949260
5157020733
1695673482
1124768883
1387495534
1343607901
5413018313
5971546660
5694484594
5806843509
5804974394
1013687075
1227401219
1191504814
1408592989
1456144096
5805260720
5266296854
5452523679
1004371042
1302427473
5874315632
1758494702
1621156507
2143764995
1713543685
1444402884
1820671566
1156695136
2003824722
5370281231
1487095659
5332311577
1424734823
1428059339
1722803258
1349209071
5637834525
5783102695
5437846302
1072963262
983401982
5325957891
1394749501
1952507077
2144152256
1492711373
1492588743
1780623311
5841412263
5219098136
5464748712
1775221299
5679299536
1968329130
2079491516
1873737248
1785657353
5545606061
1721652794
5594225636
446246025
1645106458
1994163035
2018474868
1958277959
1370436016
1724853019
1655147950
1058267840
5020702561
1079809993
1250268291
1516562784
5696196453
1500103210
1350562076
5584958334
5512034606
2136073567
1338136256
1921949067
5435358080
1171176952
5375602376
1549914702
5669729280
1809131840
5648672773
1422551136
2084942144
5898955507
1988697636
1121507405
5922018289
5538103877
1242009971
1447549863
5378109191
5559854619
1437140127
1889681129
2122473366
1898394651
1339140853
1353269803
1423955415
5373550172
1878006757
5450197148
1711187003
5244609288
5273014877
5796244806
1998662675
5041625649
5593955389
5074767540
1097523461
713522658
1308549358
1239176553
5571527065
969003697
5262879682
1969660125
1730972534
1326860138
5033622292
1620548671
1909672974
5541273562
5084206526
789042522
5932252056
5051149577
1748278797
1230976294
5080759390
1446190319
5606268011
1628567884
5318390132
5388656507
1804739371
1034566305
5542903360
5613036496
1830677532
5526302957
1280324785
1669951899
1403485178
5437888077
1436112192
755777787
1962121337
1690088032
1464270118
884045157
5760058842
1171285049
818829949
2076051802
5734468990
1233489467
1346251643
1239776131
5980541802
538822902
1291987862
2107540134
1103851492
833707572
5561132742
5548643560
1172720522
1882709732
1633412900
1073915069
773752421
1393853907
5657984446
2041643674
5045899002
1201950307
1204811639
2137006130
5617501888
5055602371
1078492453
5582216883
5691019372
5475263990
1906899796
1230439963
2028541171
1391671755
5844592181
5781693680
5630837237
5679328748
1714356821
1933795341
5259097643
1870306531
1355596061
1857606091
1978418315
1307247762
2136546333
1073647277
1255836282
1453446653
1965843687
1445868824
1187404877
1281202856
5661178467
1160011858
1165513219
1583781649
5246187656
5046683054
1460841589
1759716310
1691047990
5941580748
1081920847
1218055040
5898702758
5227452454
5693129284
1284984242
1895033439
1024369446
778756448
1470503969
2028985929
1374018101
1805746804
939100836
5484839610
1471946571
1066401628
5614463546
689465383
1180318235
1622942496
1089777567
1548243465
5745422317
1751976934
1643283355
5892939882
5045956191
5160132801
1039223071
5009491535
5729435579
1473781047
5458298215
2095256609
1417974083
5390506307
641292800
5254547670
5886617220
873351442
5189211654
5691690371
615395770
1340993027
5549379359
5450494875
5547990454
5462798059
1077206602
5361414773
417374255
5162549030
5754074423
1891828589
1973509070
1227167687
1420022453
5274597323
1405555836
1462962802
724037142
5005658818
636318689
5352688682
5545339803
2034188725
5964912783
1285068780
1350572023
5680747558
909892172
1228205641
1088049961
5569691118
1028574287
5688208653
1450381726
168341432
5459970306
1481626034
1171751967
1407868431
1972716142
5877116855
5964992745
5983927764
5024480072
1140960014
1902180318
5861860218
1679137938
1786251955
5216063911
5893775095
5264884618
1596274870
1848681348
1973715422
5430415250
606510259
861303065
995356374
5422477473
2016118020
1152880329
1674253301
744584448
1499135306
1104290670
1474632893
1409609820
1546716645
5583596705
1646934904
5425108232
2063990980
5114476344
2010203987
5099313599
1486733165
5344907881
1290453747
1516298915
1231468836
658214471
1108642248
1978025721
5497668303
1505316006
5631498584
1602367283
1917782349
5920831110
85254365
990187909
1400610074
1332606444
2123593782
1482017076
1478771016
1249102223
5960393384
1240162185
1644815477
814044555
5947547768
1177580039
2077767613
5778908926
5557630303
656023927
1409258873
5583872737
5175359954
1149951640
1146486221
5011523056
117638016
980319578
1596249104
5082620657
1481195629
973747975
5414731175
5604850249
974527711
1175640609
703777789
1249959616
5533933094
950919123
331558883
5503723961
2010082858
5791580488
5069755958
5972749179
1059752285
5318383602
5909223500
1805467776
1253834541
5673695562
1311210325
1084912371
1361898703
1445619223
1465078545
1961382194
1583910340
1086665059
1889254530
1867245353
827356863
1441304237
2127456781
5335407224
5695691681
5855509793
5106442422
5699458967
5463644196
5947743987
5785918765
5056089209
5142887856
1456796257
1939673250
1926032993
1430459042
1685537381
5560877600
5914131212
5771065260
2078875874
5594514551
5060122454
2046013404
1367852019
1445327050
2049891590
5051070112
1410675285
904104711
1322728587
5231189505
1351658270
1257489197
810172432
1365520156
2098647715
1912862507
1286343537
5664348567
5356279040
5681865063
1608384004
1404235780
2086531102
1554562187
5278080664
5380440454
1358625005
5623689529
1221357966
5592024258
5811624739
5493200470
173802808
5901529294
1349036328
1565210997
5607441626
1503980773
2039259781
5718646087
1886114293
1172251293
2098597186
1473362494
1535886114
5265360267
997291361
1447853980
2036853469
764127101
1469509097
5668482866
1654036641
1680992859
5782247824
715478573
1384666365
2115575138
5089153425
5771882341
773973281
5105111149
1851375245
1676925353
871119872
5318095851
908408987
1663764793
2059598258
1986801629
669833729
1083517412
985899965
703460354
1797371501
1492810063
5025129011
999293146
989983213
1762015719
1774294649
5155716982
5103259887
1114131243
1450260643
5445857726
1482899760
869575749
5445277058
760997486
1044004850
5051036380
5389562431
1998217088
1209985503
893733642
843806163
1640194076
1251942486
640913296
5686651728
5698173028
176574629
2056743527
5290805260
483001997
927305560
1793126181
2133101553
5524364999
2024634317
1977817009
1692149725
703046012
1756064779
1680431265
1774771788
5682850957
873587831
1335948329
5625695063
5578746853
1467011511
1023963531
5547553612
5007141903
5968259955
968160863
1390281979
2127288832
1689625298
1850522289
5418007083
2028449485
5761993167
2143346393
5471156514
2144510961
5012020425
1407247825
1951750311
5171609103
1999093866
5852711035
5383301308
1045802523
5005478855
1489496119
1238108205
5639213560
1899497033
1952279182
5874161745
1450141923
5442277235
566918624
999629553
1358605847
5748986758
2069310141
1479328162
2138652874
5848241813
5014300181
1423662297
1655481938
1420448832
5506284779
1440603876
1308916126
1318366974
400267760
660109708
5957624588
5476681140
1905553459
1814729992
5670852747
1501738341
1206458724
1096039176
5768455016
5810895979
5696749532
5767106199
5098559810
1368772940
1373964589
1144029302
5952190928
5634176837
1392617398
5551727316
1799313992
5535418197
5509247141
654192483
1954818936
5586243414
946994780
5687787987
812645990
5082296678
1326547488
1509448532
5203443728
1402200900
1415438536
50555905
5091536648
5225634537
5424110223
1386628193
5660690103
5400531555
1663496774
5953101848
5798953277
5550313189
1362760078
1432986152
5440175048
5779408349
5538331691
5402278881
5818764498
5344280914
1929301646
1381047473
1532341070
1991316868
1325467324
456207139
1446870561
1969619399
1297853979
5428862043
1972062939
2066071710
5415726019
5323264114
5075239740
5729230305
1734932974
5792676502
5210092959
1697184435
1209539188
1875690592
1593314715
5490970946
5616111535
5536513743
5467089734
1154256974
5493024751
1138038574
5621556785
1811464261
5716392148
1199034988
2041362905
1347642568
5515831011
5080448382
5662217326
5409756556
5588180990
5602012858
1356224426
229928191
939619756
1090002997
5053629200
5735532478
794124603
1062820044
5120417648
1980994547
834628452
2093877691
2005664152
1165117162
5639320724
851903608
5524417063
2145912462
5841322548
1770905162
1626415188
5658625553
5842692191
1432722009
1212906238
2126311623
5935890861
142425637
1375272650
5058402920
930867746
5799000213
1751896872
5710895910
1262539144
1521263861
2073040948
1213918258
2046270283
1748306837
1149922879
1365058440
5726091709
2024931811
735393549
5102294256
5335687063
5672391052
5173565691
1226586050
5852441127
5460040654
5806977431
1488523269
5356264507
1204425533
1204473282
1979270552
5943537983
1000485404
5329247617
1060113817
1831371971
1986196598
5264699700
826835709
1377333234
1008290049
1835545401
1140617091
707398466
608661824
2128245321
5618431101
493277839
1223922931
54400489
5671335350
5359602853
1492250805
5746711382
1169875837
5577042890
5194047526
5784362555
5739976143
5832444247
5682443184
5668537158
5476028722
711710265
5325804506
1461876603
5951385345
1539268639
5758540904
5104511929
5779061501
5675328001
5312788534
1854351164
1998378833
755648886
1561225316
5096239794
5646421640
1161922150
1408660821
5505378002
909424880
5774965992
1646661247
5717484343
5332856298
370138587
1964138189
928184133
958419211
472338107
161961233
1480601542
1707083454
1983495100
1816678859
5293061648
1472210672
5617438244
906565107
2050927616
1110389670
1945860653
5382594395
1195509583
5577630339
1673317829
1134218756
1836649960
865007871
5975969795
5814132053
1231027021
1490225661
1959619894
1304439305
2139007186
5673319755
5096373391
5297670486
5770922136
5686903291
5036787927
5565314029
2023262412
989785238
710484878
2101872292
1375851161
1309305507
559202033
1513415372
5591517977
1122132573
1443109152
1848302633
5325310166
1675658500
746862180
5590208029
1297449137
1917065178
5611739043
1499318230
5112973113
1184526207
5658333017
5540030751
5989361749
5974935877
5087177716
5671820345
1785799809
1326577520
1447317622
1309443377
5427336327
5740893163
1980906739
5335144402
2118786028
5738013064
1980919394
1677853776
1674744790
1014687405
5379086831
1653794934
1807862700
969322051
1786966878
1368820128
944274317
5794370185
2034838839
1484341270
1552827435
5705133048
5625123932
1569398347
5475651359
5619255226
1682550113
1797071325
5582464838
2005334322
5236998414
5937112442
1797467885
1243265875
1629881552
5538066462
1581364597
612537791
5045930526
870967105
5817539346
2058267709
1401641225
1300386036
5426348597
1454321019
5075078982
1221351946
1964898599
812108300
2085873622
2078805250
5512322019
5550608425
1908318932
662580241
5637797019
5081457154
1847627339
622724123
5028425968
1471905268
2131889577
740211922
5658278672
2027485015
2106026746
1304860801
5338130882
5117518527
5459254086
1436928133
703738572
967407908
5085825523
1448064753
5904176270
1219186241
5724725523
1449450761
5043273517
1459902305
5787857393
1903250454
1915276241
1798026717
5182346799
5076287367
1483173417
1475189695
898937912
1316646254
5686977409
1066195267
1697045275
1888301117
5708042690
1413473808
5336463880
5334724205
5866484869
5822060688
807168020
1971093608
1494843013
1464555811
681681481
1877997022
751208031
2134456620
840298028
5792258837
5538142822
5934490225
5355294128
1457676993
386350682
5545691837
5811678130
5512120798
5735872950
1611789154
1452316458
1084734469
1146813509
5023278183
5361963925
5401881317
1970325154
5853491077
5460334077
5679602411
5610431168
1864146118
1756277301
5147459352
1163185266
5399119799
1765749769
971430215
5928147802
5494730680
1819877147
1934071217
1415104435
809503898
1198125748
451113657
5360377316
1463551161
1155858414
1349622288
1777248429
5334671787
1238105384
1348862503
1219726290
1514185471
1870475671
2067041551
1346335131
2070442956
804119109
1395466844
821945050
1949378047
1069717274
724678977
5383481218
2136692726
5058128363
1216883484
5776799691
2065053800
950595152
1626445925
1562690062
933998582
1871663869
1611414078
859791749
2035856998
1857910471
5404767965
701937935
5404139361
5409344267
5919054946
1730909910
1359944893
5537317342
5586125550
5741934600
5144414466
5539602232
717943665
1793146234
5972701898
5218318326
5795923688
5235188110
1457752590
5026417327
1044836409
5923293146
1712395751
5278103670
792158825
1060774687
755351245
1164399235
5791166868
5870642199
883189162
5023331887
129942503
2034574094
2137276786
5782030779
2082803076
5888975816
927042030
5332021028
2123120615
5861908669
5489148327
1002039338
693723227
1236717329
1127096224
2106998889
798317879
5152148060
1353432449
1917148759
1717120483
5951495534
1720301712
5179839878
5664091873
1450986820
596604940
5610753852
1093227650
1466117822
1551548570
5346582245
2025306448
1411897888
1786901976
1474748330
5122401404
5191340206
5829461970
1337500079
929525007
5514668293
1792352076
5706360834
719784974
1411148149
1800351015
1731019976
1072094091
1198690193
5314327272
1649709681
5540344339
5182803665
5607448640
5424740886
5487331117
970894909
1897388340
711993400
1248382870
1462868169
1056607683
5498469020
5907116877
1750098838
1211026800
5737990483
5372856696
1382765113
923094931
1961219358
5652187620
959601075
1029765853
5648294243
1385932707
1184719086
5823364749
5218760884
5445913665
323531979
2116909944
5578424785
1247666930
5309465123
5636304942
1844767286
1002388708
1170061124
993723729
962063370
5179656735
1017376848
5376245376
1172052178
2106911742
5121815425
5460606727
1664217634
809170415
791035084
1958664215
5593486668
1921444716
1361588459
913955640
1471710306
1376918762
1634360513
1592047528
5792577825
1123182217
2144713377
1423162089
1483769615
1332631543
1969019410
1399450437
1521470281
5849026598
1989145090
1174791045
1024842881
5239521043
1025571540
2092835078
5466198229
5474125055
5903445981
5719777316
5947847044
1433579905
1161668529
5499562674
5838656459
5576133937
1412233352
5389816058
1379356839
5862598540
5460476711
5711726041
1993104874
5294239769
5044840171
1438545206
5152706567
1027034363
1118042624
1195198369
5096663539
1863259684
5372938557
671597641
5417278261
5240747423
1302160260
1381763532
5136740549
5609777613
5039805444
2002645827
1745414105
1985195625
5949588944
1762295242
1396480060
1611532209
5611139763
1693628369
2119090577
1469357011
909747956
5918526319
1452018483
2141465051
5089279305
5383142920
1254470795
5507374700
1393545032
2082386151
1726418739
903264210
880254679
678660817
1409728760
1735646399
1400811927
1408215642
1408436919
1306917099
1266396163
5131692176
1392646119
1688011257
889767302
1423211676
1289040353
1475461719
1857447863
5968153556
1203889544
1520913556
1012776410
2121694086
1690970631
2017358689
5440327765
2119433339
2068212736
1302464318
1452952736
5929187764
5015823540
5530157428
1669393120
5835649081
2131856125
1317169984
1987863349
5459138435
1575618931
2124874260
5773671072
1294163092
5266314227
5981873366
2146562403
1651024658
5800086817
1204530333
1514323143
1961833316
5589055539
1390755044
1676064047
707017661
5784745143
5342926095
1626703778
5848031553
1503117947
5079363933
1418396516
1410279327
1120550660
1099334720
1183281551
5432905961
1277830379
1469469737
1398651473
5473594734
5112854878
1175804653
854561502
5503003402
1978091913
1463352086
5266527009
910506584
1946241101
5690663037
1970778636
5488100193
2127234573
1335353197
5383120800
5870528465
5275397766
1473443360
1479943646
1300749269
1643188019
1243979613
5080038016
5323831441
1204013656
1461654605
1937576670
5837320593
5554607156
1243397972
5952237736
5530266574
1366725375
1669838935
1489680236
1839554830
1383946728
5042146140
1296991882
1938463988
1450777339
5780113583
1593758319
978272364
2053933929
412925221
5988464113
916530377
5239427450
1178478719
1984594741
5106832927
5518102235
1220818641
5930174864
5547466425
5746147627
5815829677
1643295305
1023781180
5699382261
1051314983
1677752477
1476368211
820036993
2070250400
705978140
648781103
1534943747
5488773673
1438000496
1735349043
5980598986
668681206
5480806677
5388154162
1560946362
5641907780
1143510749
1807856232
1282287189
5654363034
948195634
5923631796
1529246309
988230350
2063001678
2113661338
1430786264
1326539614
1456045676
5754940274
1418730093
1451721595
1280872841
826327655
1920055237
904320751
1023718670
5511068034
5962424144
1275451420
1520150182
1704717607
5558168455
1419529044
5751767271
1938538227
1492001955
2125800960
2138624347
5556033539
5989061791
1787338588
5044342170
5037037044
33823312
1490016402
5985131029
638015359
5630270350
1851307964
1446033484
5722258659
5390230775
1091952210
1149175296
682242794
1397723187
884041076
1277066946
1579832062
1003786788
5295287333
2009411359
5714146860
5484199490
5794583747
1366766352
5764864711
1434529795
5281982496
743753793
2067579286
5115780926
5606973202
1865330814
1023263276
1788087637
562751334
5382401400
5822088065
5029436399
911550669
1639411865
5767935239
1282399823
5537013730
1628122458
5556483556
1991494692
601857184
899439465
849037045
5780985113
1459270003
1983766617
5386038354
5765263712
5697681277
1764131378
5411734719
1454075534
5856278610
1490268403
1376843535
5569598118
1924510711
5571619170
1244165397
5692630108
5821879668
5818861574
5283731655
1238323810
2114132899
1558181587
947499336
1312779919
645673321
5227041557
814880103
1201022505
1031930708
608154425
870781301
5543151642
5527364603
5912434311
1318532361
5346951325
235886222
755016516
1228703058
1391791819
1190908323
5541117308
1470829611
1442646298
1298342814
1426131746
1446806539
5658909799
1407179034
5002280293
5857827431
691471243
5408305447
1521801541
1744353029
5381179254
5977699606
5455916066
720854726
1487847792
1576751722
1286797576
5253821082
1474271491
1088944781
5142806780
5742443760
1941086975
1779553055
1575192368
1183525225
5467299390
1425212340
1088497782
5516882606
878130723
5935901797
1049122683
1397329326
5499743468
1358298274
1890364758
2139567802
5054859911
1234372917
1051920964
1469575808
5589195782
5503429706
95023449
5494324174
5769654537
1843560359
812342922
5031090506
614800226
1913322687
1450782950
1944661615
1439213258
5085548345
2011876163
5352891310
5924935510
5610987337
1476603643
1790796289
1552761223
1867582204
1625930877
1352759390
5722801229
5815725044
5750879596
1188345662
5460944168
1814982709
2128083214
5779027942
1419416050
5599008855
1400864437
1151607199
5459284444
1018667737
1087299738
1937210911
2062488446
1264202849
1433381641
5221302368
5748032965
1465504475
5547866474
1865994857
1469454487
1253133569
5470648086
864664733
5209095133
273400548
5505104853
1021918775
2079930752
1470171535
2086794469
5914320200
5492761473
1404455250
5456693044
5277752842
5154810208
1424005609
5848388560
949044566
1410308301
1658465920
977932118
1113098276
967855159
1423024735
5719268291
1554111420
1124500119
2064234786
1452048711
5287802861
1099845993
5778051844
5187633764
1300087618
1488236446
1129758050
984100830
2067804668
784771557
5570685982
1435091092
5755767512
5672796784
1484219207
1102425643
1755945717
5165378465
1415630975
5015096982
1737911242
2063411593
1916822522
222928384
864971986
786481202
1206521751
5308783284
1615648908
5892668291
5177717231
1020519309
924005241
1435124727
5917157135
1611419215
589315327
1149195743
5648849928
5611254525
5322174079
1471055778
5124945081
1486356043
1680184169
5629234754
1402492336
5058530141
1258254129
2115202356
5939984226
1448580177
5195628955
1872098186
1036857315
1757895003
1977493893
1584807408
5601339745
1705819681
5160573965
5638062846
950501665
5020447377
1024431557
2009759931
5343388030
1995643366
1545056933
1460481008
1107202635
1991498968
2041878625
1388947967
1407303664
1058328002
5023629999
793248287
394953034
5107949313
2010422777
1716730604
1335963506
1460472850
1497455510
1886179734
1044141121
1980268164
1402615163
730108354
5908578728
1453083953
920690323
5696788779
1177305659
5566827983
887476182
5335661350
5941807682
1027094141
5385833455
1524161335
5859126901
1492053189
1408904040
1414141528
1663639142
5214356081
5103568227
1400798849
1952016725
5333078461
5465136022
1651341278
2070579705
1921230238
5027957810
1593762863
1466788838
1157202974
1421816647
1022918827
5426943397
1592696085
1316546779
2054770839
1076888716
1332215924
919656822
1426403100
1294129345
1669486215
5939024759
802417629
5650263103
840836873
5683679942
1313641854
5758775527
2140136208
1044283983
5272418006
5816086311
1462634012
954271230
5721597579
5732037266
5418090776
5635659686
1261488177
5661873626
1179288788
2127263752
1234445800
1799012577
2024562855
1027209263
5837289930
1457570089
957079862
5624832567
937802034
1359461315
5446429401
1448916171
5045534253
1431040060
2088114232
1847516921
5869837411
5059787128
2109064116
1259045869
1649652790
1069779808
1858711408
5454648826
5583298596
474793855
5878541341
704966616
5922721274
2089832163
1158224801
1844884182
5582761906
5649198765
1980838141
921796876
960195688
5611823602
1405122819
2079123578
1141476230
5364600526
662214531
1407441102
1679084366
5426531409
5618324262
991665285
5192960647
5843860831
1438628481
1376328884
1620380682
1054531076
1590759230
5417434189
802852277
1469619149
1155932124
1501633267
618156401
1086320730
5514214471
2005938850
5372700622
5365685714
5932494744
1566530994
864854799
1649127092
5568729300
5181752750
639457350
1737135858
1236375689
5918723848
5470985476
1516978630
2127434040
5916287882
5052650961
1047660562
1143517726
992485573
5473338892
2111117738
5885742965
1251780204
1425355074
1417336358
5343817561
1930971933
5310423676
777141406
1431278821
1178423530
1283859919
5927155052
1727676715
1476597175
1451555534
5888984086
1694455849
5599780318
933913759
875012612
1013553930
5782666152
1141580566
1644624109
636412477
5791433952
1932555426
5877070787
2058656497
5150756849
1492165858
1295696935
908980560
1790516808
5673140859
686165631
2125839261
902838773
5839135265
682294608
5498315585
2062583880
1420803589
1471140415
1905240619
5802724720
1401267310
5767026726
1889272512
5356623843
5138620949
5400062331
1446486613
1475926952
5850278121
5350009724
5821262892
843102351
5825309943
1218280969
1462222451
952246361
5070556493
1092068698
1487321406
5772469873
5083176256
1978349328
1979246564
1855392583
5984963431
5423800649
1953747150
1362079065
5846685218
5440914435
5952586860
1816281259
1877060179
1077348510
1221899738
5228723418
596142114
1493437819
1398455745
1402430466
5680640247
1311312061
2126455788
1044099444
1476454943
1333546245
5391581746
5914104542
1626650529
1575110747
5412694923
1941787872
1941787872
1346685937
1057463988
5026507593
2087499292
1131615725
1694498634
1440085798
1467315985
5710191881
1049309712
5966758316
5772573374
1843290282
1486764619
740166732
2143312924
1042159367
5664547426
1948220702
2104343976
5711488102
1782018658
1241140292
5075078233
725199278
5327217673
1448466138
817965471
1442459968
1446164559
5927122285
1943762985
1620198214
1679569029
5084944357
5803586064
5857460852
5199791116
1690400152
2008758052
5183978544
1285491507
5846571502
1623090619
1191104914
1408553336
1543646184
5038720914
2133194811
1341186580
5321526527
1751587155
1446522260
1012474118
2069324434
1410884343
1328703276
1050432496
5178259960
926607064
1690251823
5612059650
682966403
1241714087
5299486170
5122873766
1550073606
679887033
1619279723
1466826158
5435855074
5644656531
5032604975
1113624504
682286237
5395240347
5469899627
1502421765
2103962854
5265012931
1516242267
1032865363
1426889044
5208383151
5058348971
1254297163
5582451036
5121428025
5819191239
1735173116
160465311
1651463223
1160644384
2135972353
2013991303
628382744
5500221575
1551185192
1279667163
1800021823
963728061
5561956808
5087362561
5529654129
1935519578
1433918078
1985062061
1247105706
731223723
596062368
978789061
1902173822
1428779934
941704060
929657994
1969046186
1484708063
5651279498
702730591
5613142232
1444999377
2118472420
1899894573
1147544819
1150243338
1948442186
953004515
1024224314
1933823489
1380815739
1684293382
1302271144
1601511167
1346143660
5501297153
1711718597
1666119484
1907611699
1542736884
5878507537
1586107630
899536187
5758779479
1414781383
659268655
1645873720
5251781383
1681194442
5842502816
2050670108
1305330455
1966992558
5199468350
1230213478
1226992484
5986451765
5567421455
999663768
268767356
1141242305
5085151287
1557782874
5503059555
920417175
5434633647
5453026068
5726594780
5142702469
1043436287
5878394605
993867909
1662015460
932972068
5138372184
5332182216
2061845793
5501825284
705922732
5502972820
2008840823
1524780391
1042272129
5280999741
889491907
5207647937
1413040947
950125157
1685834351
1479254253
5950457191
1677525142
1053820395
5233745671
2137210396
5031314600
1083355953
1471215166
1619191069
1459942254
1507602255
864316938
1454061730
1941129781
5019126960
2132085369
1542779653
1624624706
1280430560
2072462261
1276039615
5328918103
1153977834
648714098
5200035371
5939867111
5617671823
807466509
1310474707
5716898731
2027108419
1320907339
5387498890
5378465966
2124748835
1992217399
5611140419
5245674164
5623637234
1594923012
832965595
1071115737
5011310073
818505785
1363104057
1386540355
5793625132
940339070
1207037997
919070070
1296415247
1062663633
1291936384
1489372668
2039144236
1433612514
1932162638
1363145729
5701954947
5662634459
5638439809
1709453012
2076320999
1620182351
1212998569
1206117597
1829346286
816776910
5690791680
5571472278
5507052759
5288619035
1418834100
1896896959
2087907098
958573128
1400269548
1876503981
5295078935
1591916782
5194275677
1413940004
5429041435
1351720728
738642189
5892182723
5698076371
1437904134
5741545272
1445788809
5390005604
1384525292
5213582224
1478339602
1201538606
5644357877
1284492656
5124214760
1369173617
1170374861
5779820705
1014783282
1801037461
1515742732
5687486129
1351691744
5829851442
5838177115
873192966
1923434167
5752420440
854478417
5233555211
1414119957
5655749020
5435978405
1422647550
5244685769
5698237585
1349988200
5408306366
5046081901
1068277699
5504635712
1402408525
2124072199
5936954273
5047732360
5528133898
1180514759
5966053437
2137767005
1215190528
1715218264
1775432882
873520674
1898873450
5350487981
1606805323
1469651248
2056956685
2146183161
1814808512
1882414107
5325824891
5130414802
631972674
578809827
5952007882
5401571586
561282632
5642414745
1606661563
770772663
5199369822
5225040380
1491244896
840669918
1494558093
1326969410
5128233666
747598211
1449966096
1057203367
1455402133
939012047
5458016726
5829498567
1697817248
628554556
1459107190
1968184440
5556906267
5794566903
1866780129
5936893934
1339055095
1499867715
1490890762
5760991123
964534768
1580082384
5809887408
5257547250
1459539240
5666836934
5679868692
1387069309
707754911
1485274469
1894568303
5984801927
1392259013
1402941839
1701912736
614821884
1558041992
1447104726
1636258438
5117360025
1349685291
1425164435
5384631174
1707050728
2113217399
1532577890
5432712075
5668336078
5976268807
664583555
1369748189
5790263077
5339988181
5087086701
5451604999
1765716642
5593799947
1148060425
58298718
1321506357
2097059922
5544748746
5492462080
1504721781
1663083671
5304172048
5233759174
207953676
1002715804
2125818631
1063622662
609381058
1457471672
1752935271
5550332793
1213107730
2058131097
5780940821
1301646664
2059794015
975315635
1613490296
5892850163
5082212182
2101914900
5743316176
1322690897
1437870135
5681446896
2053107224
925670501
655507530
1000712321
5100419266
5451956604
1508549762
1634597415
5808177420
840648273
5011395620
1590904427
1749961146
958201943
2051586698
2105624164
5464706436
2095220782
1599041916
5582421173
927567193
1735487089
1441582298
1752024491
5301995322
1425260942
1446155875
5684412271
1072440664
1249805305
1366357275
5215611208
518413553
1082062942
626228659
781918062
5272573211
1447517759
96442988
1063666523
1110053775
1382575476
5653268445
1609376364
1028981890
1152978734
5901973506
5308955708
5084842073
1195481857
2144337355
1911728762
1463886131
5584822273
5843764755
1458957941
633875264
1741748666
1436516306
1080001365
5655991621
605189081
5508023527
1443146655
5844913357
552453517
5043451226
263441995
5942001105
1876666894
1837234958
5918496188
883638422
5449648100
5397889141
2048553266
5951547986
1624179216
1036223902
5421204781
5360958174
978388748
1212184619
1258376132
1002670215
801306382
994850023
1102173170
5384872522
1077507015
615240319
2134003298
1459830941
5274514149
862655130
1914292912
5104685235
2076719198
5783472169
1287530949
5031382370
950836885
5418278698
827875252
5822253634
1595379374
5420097300
1454901670
5432164052
857989823
5304749707
5086883275
2103391423
1400983730
1167439636
1306804089
1480391039
5202567954
1127083936
1374651021
1082065844
1730169643
5909722421
5362051787
1226853774
5728213835
1412052355
5527376102
1663965193
1483628768
5692784181
1262499254
5652634853
651422515
5760875541
2103500128
946763820
5518724173
2112136234
5704701236
1954395341
1778242617
1416242254
1006138319
5009192295
935514081
625312513
5520049340
5954286045
5378106612
5184348683
5256180980
1111549529
5128130842
5556141523
5061309317
1008774360
530748492
1499843508
5136286035
817404120
5563896095
1614959027
1654997615
5104988762
2138010200
1293335722
1352144264
5811939035
5477550992
615947869
1196892220
5786405640
5547501165
1059042708
5493270972
1381155117
5678958380
1815195249
2086589897
812500975
1439726587
5740610552
1920719509
131367082
1426510667
1112543622
5010466307
1994139890
5653885396
5984446943
1240756965
1151715681
5341817451
465352762
5749529392
5195195723
1582850024
1763392162
5223591316
1954692923
1747924772
5112503109
588896441
1396586609
5742539548
5301212815
5628972689
1861218169
1436877597
5808220852
5788132157
80409507
1598886876
1429955555
5806401146
1475032409
646158191
1401301706
1148041484
5356926425
1191841253
797135144
5725950318
5182598706
1110365499
1853937951
1785091978
667193974
982071878
993246002
1929651789
847079692
1150294762
5603073063
1321675181
958647125
1319975093
1227460701
1330872693
668253069
1792169903
915919287
2087718511
1431206528
5510296940
5701813161
5361472073
5458466796
1911316088
1347622144
1477890464
5441687476
1487147397
5562887551
1484614493
1113933408
809446758
5209750914
1698226401
5080739482
5252415002
5002023930
1779230454
1466994373
2023201610
1125037540
1483624412
1780191537
1374914896
5489057828
5283837746
5905367774
5758664522
647060064
1678757780
1426098972
5762435867
1469154034
5897511948
5641618130
5944135555
775899412
5612089111
5731229184
1443408461
5351788361
5332410809
2106291326
789650476
1130765963
972920080
1481135270
1387810615
5930632492
2134617658
653381221
1424659465
451579392
2087162021
1498414393
1017785296
5963398091
5246757973
1619504037
5644088048
1245775125
5089418149
5419394741
1480048951
1311790698
565570321
1755553100
1456903514
1765175045
5771264707
930166837
5206572906
921289151
925042472
5567468084
5772762139
1000204957
1546678363
941748027
5641878766
682865325
1649443224
897296984
1619494259
712133195
5806478353
5111466813
1237294752
5360238838
1350343451
1180018944
1364351602
1304781567
1530756509
5820838505
5608409894
5566621403
1063579973
1363133855
5569635894
5680393241
979330375
1566544703
5658501795
631660835
1988734684
5806970997
5578992276
1365360765
5814979357
1669055811
1529470850
5552156901
2080785322
2097858394
5503315950
1406287051
1479672242
5679732400
1274510413
1497013639
1407371879
1428312618
2009973751
1329015737
2066719665
1158314103
1206763433
2125595537
5661855282
904748557
5684918332
828294257
5504690147
5613933566
5926364666
1395498445
1442755536
1463047020
5795993918
1504585218
5837572189
1319665084
1472686578
772903034
828522668
832839410
5516572060
1756275638
1386354128
1595331028
1752044216
1713062352
5247201725
5090702472
1425403182
913734176
5277644997
1771280036
988347740
739122949
1852594525
2010956289
1605351294
5737527782
5086434972
5587020035
5910827721
1305318050
5894726570
1422367226
1618205732
2072759178
1133326556
5108724801
855340354
1409023596
967631822
1466264854
1330839473
706871369
5872593885
5041782544
5634299976
5436991530
897510370
5166355786
1252448203
5679639957
1120962456
2022662004
1534672374
1099362217
1836713810
1113283288
1105157844
5026417746
812257376
1849857981
5543255954
5116422923
2069405576
5175912358
5561373176
5517986911
621326358
1478167056
1374109871
1918055529
1574331375
1478278337
1005597238
2083427506
2005574035
1298275769
5981728535
1498697589
1293382155
1421895116
5486505653
1068219852
1678663802
1692368121
1679858106
1511326567
5098381146
1911146153
5034174430
5346649327
1985083023
1331347683
1437728216
5617929341
1090307798
5487185981
2063033268
5762907481
5138265215
5254922386
5166076203
1841865554
1179702202
649192928
5450831592
1358429975
5783391753
2093805962
953473552
770460478
1452479797
5601993862
2124718613
1079207616
974990881
699840322
5524960486
1437545577
733965093
1497472064
5460665880
5412446700
1266601475
1632584181
1565064033
5422978567
1340417862
1447865066
5670002884
5311101853
1582669882
521042463
5068468197
2091042247
1974498279
1309611094
883671928
5202954485
2106358308
2143681582
5899518311
1480551925
5464220850
1456284368
5730225372
1779713958
1705551579
5241408235
1517676705
1466168952
1442155858
1463106085
500114308
1864413077
401908858
5650460311
1912041240
1051106227
1326707938
1441391532
1046775035
1593330113
5627401710
5308472799
2118810434
1408295587
1056881874
1458818816
1446827905
1417785786
2027112210
1708307240
5801836699
5609641454
5768676129
250653035
706300390
1497142570
1555550635
5428993138
2138603004
972058901
1659763143
5477609567
5897425702
5777429378
1287553562
512127664
1503210233
1477975735
5387908065
1545715993
650804513
1632356118
1476594304
5560013062
2119448396
1090039586
1352994169
650389916
2117425964
1443251651
1448321259
1422666090
5363135473
1779198813
2071503764
784236529
1135450345
5758375579
1461589660
1232463864
1665125314
1713896068
1249335522
5361454108
1749577964
919499974
1433905509
5542736798
1493752817
5830547114
5484868365
1455790556
825086979
1417413057
1473318851
5685090078
691239828
5604192316
5400829622
5330982082
1374764084
2045837521
1428828680
1078702751
5808389904
2116266593
5388255600
1508448946
1264741527
1043033504
2046171647
5032017768
343066859
1351079780
5579063050
5653510285
2081553561
1088072548
1478843939
1988829844
5012920778
1537051766
1547781220
2093542744
1473287471
2068129586
5501239422
1092576453
1962030437
5060666206
2079030267
1649976952
1972886998
5412780552
5333360867
5984360052
2001109082
1881882206
5497972602
1873426820
5106686002
5545893881
5859685335
5441631110
5917041662
5338906291
5526181092
5071384154
1000584735
5832500455
1063504102
1665113276
5743011679
5152684094
1786287916
1750900225
5328995318
1025704862
1955341161
1696991912
5644329670
1022938879
1170803376
1991626555
5238389350
1484362715
1626913726
760340934
5613597005
1380335610
5182354257
5671733316
5758766935
1977300447
5704057082
5027891822
1617875722
1965255550
1741055567
1701365244
945357387
5327440953
1489961427
1808127415
5271822088
5895676871
5105814037
1469644325
5416833438
2065660590
1318420009
1314618340
2142088428
1489877820
5021968705
1350934611
5872127671
5439083518
5222459499
5740163825
1353792846
1446248784
2075829767
1777628663
1391662550
5107910608
5767814010
1453161213
5116443228
5057727025
1474282798
1289439947
1670767442
964092851
1439572248
5825475810
95456278
5828417213
5430009454
5398391854
5657997858
5778055969
5929404389
1250880267
1998958420
5515969746
1387796522
1387796522
572785001
1299315873
5488296732
1158778070
1659223554
5404712977
1843791564
5471405046
1353794462
1449775786
5416289863
1057252992
5742523911
5899934230
5315793049
1162997980
2049488523
5952848679
1394566454
5856712007
5159356800
5675090598
2018097086
5117725549
5813621021
5264966288
5572145389
1237166988
1693702632
1024715482
5653966296
5486959713
282523676
1428366480
1308643636
5986862430
1546852401
2125878783
965068704
2124782347
962785901
1986569594
5638904873
5149183576
1477695830
5665992122
2117685367
719170489
5214708966
1478250833
5492438668
5754828690
1395900992
1508830227
5802397046
5587716780
5630855118
5291398753
1405895487
1886480543
5600393029
5686586404
5673553764
1367319902
1831935714
5739953452
5868191904
5069315706
5983030583
5204699160
1813990871
5633772731
5389020775
5753932715
5465096517
5870121408
1232856081
5512255896
1977015840
5735968595
1321315010
5845039126
5037553418
1906630273
1877529804
1941756219
1111006579
1816439978
5559783881
1642582341
1201834771
1985239099
1326491267
2037574001
1295566838
1550548582
1496871861
1876569938
5984073720
1240451825
1640167167
1442739708
5427791366
5513842508
1637168420
5595483926
1278292681
5054750311
5763094979
1160960524
5147165600
1974819205
461354261
5153075435
5248896043
5742431913
1517566766
5922030720
2123399967
1360921956
1401901190
1155130012
5541253281
605245660
1413252986
1354724629
1193765617
5009292401
1281610265
5727683301
5369379324
5390106819
5882691914
5065362711
5087171793
5421455619
2134134697
5299476545
5725266089
1030508376
1562795460
1381808049
1987019146
1949714451
5209500588
5157052215
1465995550
1009625016
928303222
5014897640
1101371520
874430012
251270075
1655598932
5578760918
5783797713
1062910742
5047248221
5355929279
5710098507
5339011829
5503782922
5435832801
5890181991
1465371383
5163009222
5133658070
1127418789
1845852714
5611689030
5793273336
1419813341
913352843
5007197930
1586392949
1130831915
5913417960
5686306893
2070206856
5586788870
1567065476
5336370705
5506802258
571488943
2120773788
5501869239
504599083
2136448678
664921478
1435069317
5620992712
1411846352
5712535056
1969095218
5331780739
1498714813
5027569447
5487015530
1848152830
5628700926
5432469103
1956659861
1387021490
1587566023
5672296126
2006993556
1592682121
5762649485
5790854156
479095831
1485132642
5555458679
1323026180
5069073193
1893587209
1451200847
1550873794
1731241171
5522540720
1301086199
6136917001
891751926
1585219225
5176848745
805670978
1407991125
1483522196
5930685742
1435610369
5727495361
1475420244
5158994959
5521375674
1410186425
5100181284
5965479805
964881814
5377597649
5854628370
5010867889
1833127565
5717208888
5340223083
634442967
2090525447
5352245906
2124039742
5717809122
5958842571
1569223742
5255106323
1448147392
5694477594
5475714095
5213896618
1435496322
1337508013
5366118947
5600947392
5957770631
1673711815
1033983055
5765382878
1165120301
1400330005
946249461
5446621946
1319121786
5767054900
2133151241
1709568609
1396478046
5432389889
5441916918
1278205136
5536545403
314172886
1170805911
5032162999
5448961033
579940217
5193049801
5086974379
1749416144
5081737510
5250898293
900105236
5688046432
5120637629
1592780212
2119748901
1529944162
1531165845
5801915675
989785126
5671755184
1432156288
5085230467
761910689
5571983390
5758007197
5475400924
1881904826
5617897753
990939684
5404805221
5509225812
1378581594
363678376
1436497383
5181801675
1412809950
1889277255
1237644048
1463893685
1871373507
1239780544
1446765069
1413615406
2102734681
1324417182
5491478806
5888122050
1240124164
654822638
5647154445
5714399310
971730866
5030548412
2089551871
2019772920
1767947700
5788634458
1894377847
5021090688
771592213
5447922086
836549908
1048745697
5770431524
5893056643
225158277
607705186
1143847960
5461129869
640250712
831954511
1851181321
2088768231
5797592494
5339011201
5731407623
1383010117
1352978397
1198027583
1799331376
5089740312
2071033671
2038223385
200393329
5306467386
5870542513
5603301266
1434575973
5272339853
5697155246
1650691305
1362943902
1688251011
224982103
1004874965
950909470
5894050731
636128359
5263154535
1901357448
788464750
788464750
5787401464
5253659123
1757273705
1497140764
5606680929
1659585389
565533180
69991045
2021953847
5038223247
738814084
567120680
1428201392
5462318757
935238882
2097067867
5258809953
1861698548
5087486
959491170
1417019725
5445927626
958225469
486503179
1441249884
5132958148
1783695861
5537107183
5081517688
5097901262
1444789223
1276214882
5680934415
5381197611
5428558538
5846911274
1362800657
1232819531
1401885745
2079240654
1794900653
5534249313
1265198225
1913732702
936177141
1273749828
1229167560
5454805429
1638602488
1726123504
1583275399
1547711722
5080007702
1630400387
440798551
1695029705
1334111689
1841916009
1184536078
814833904
1480573200
2058868797
2008095628
520430926
5069636087
5231355881
812233775
1114454201
1277532214
5748054741
1369844923
5473579125
5429978926
5544338124
1071898966
5794921691
1641602752
1670367441
1370679888
1418845826
971089538
1604571398
649081220
5428684415
705844081
1895415668
811538676
2019681037
2091099421
1007075641
1069251998
1432222960
5653649243
5665941202
5064151382
1302985221
1731899018
996540871
1277143167
5955644080
1841065764
1388591082
475062163
1921161528
1613415895
5465620526
2135158612
2020701094
5920364004
2140561602
732356717
5574930281
2017520091
1034212387
1387355891
5309665581
944813247
1435289392
1648261500
6131782739
1989425251
1185432435
1249958436
1636147860
1127021314
1599424044
1959832592
1255328104
1516861943
1955155898
1436833390
5014070525
989330374
1707340466
1276661381
5823817085
543410942
2114827116
1081558447
5598305342
5085274642
5168391085
562351756
2098043605
2135711668
1470263518
5751500675
703716442
5088946011
1729424582
1752211204
5270632748
1635829557
1752321464
2015694595
830775902
1405505987
912936491
1249365491
5337950584
1449909456
1361006567
5339433648
5776827532
5576336330
1996574644
1896050925
723472980
2072154128
825018351
5670046823
5237568887
1737839103
1419034721
5289702771
1874012337
2109593538
5282046332
5144235767
5532483507
1142662752
1187047306
1294620149
1379002787
1882400450
1012797599
5656746477
5491546461
5330832735
1456062993
1820614472
1348768125
5230012840
1328021520
1200515867
1269761004
5231177116
1612743505
1898532594
5233727586
1974648684
5601774135
1362203746
1203896632
1416831653
5341546330
5033377130
1770064891
5189899048
5314116672
1255458792
5312690050
5092577193
5578306040
1017858933
1571764199
713767466
1795603887
1451831580
2102365659
2104313490
1253100976
1431379983
1141587744
1709524898
1139079314
1882220480
5473517515
5069620106
674217784
5491476559
1770835959
5783668307
1995720901
202098227
5506758824
5785109054
1838293048
1319938482
1432390491
1050489128
5942000701
5749148864
1655470338
946820405
1691540290
1456987445
1264825333
1748448892
5971953002
5261823450
1280177233
2107232144
5775244091
1535917740
1476079567
766588033
5571144454
1292275957
5583668127
5862605003
637226119
5953615092
5998406092
280182646
971898306
1253121468
1109264125
5703107106
1035753873
942413407
5637856745
5517787269
1494789667
1011326370
5663695956
1737626724
5210066013
5116087686
1079277687
5412971133
2010040043
5328922325
5843847925
1734844620
5227849263
1386741662
2130510531
1505725361
5179855955
2026922892
1439591980
5676983914
786733363
5935595268
5483255491
2130678337
1726504608
1786414466
5500652145
462050489
48420590
733480068
1439389477
1837788019
1232665887
668930717
5720588106
1205329886
5487878254
1686379531
5161040205
1903644502
5447809873
5471094565
5346607771
884376866
1011758718
1590065011
5236433599
1098732080
2044857752
1211059855
1330845527
5858602740
1644832942
959987073
5987985021
1364178739
903433227
1711546010
1778737566
1675590705
1710987732
1169151807
1419839723
1677118693
5916534273
5795620137
5479735802
1920861380
5201930333
1880842783
2063967804
6199565355
801832004
1939752217
5935289865
1968141182
1841451788
924250273
1939524334
1087057927
1978789564
1875899154
5464833059
1943689859
1438553463
1760809234
2054301473
996963212
5511729824
409448329
5260956129
1852644619
1695963398
917974884
5489594352
5746910786
1311139641
5237325911
5819951965
936145869
5843342413
715365096
1329681066
5565869723
1465774928
5008248997
5991632613
1395360445
5916571168
2123410296
5078474596
1373214769
5721649732
5082003686
1398269421
5900675984
5851177712
5982318235
5515498044
1494716951
5594592602
1169959515
5120510217
5401676489
5631678683
5620484487
1242228403
1695346824
5169637144
5702442592
5093173944
5445930114
1810625331
5739611828
5555781155
685963061
1594544260
5475902360
1437078250
5672096368
5804158747
1678242149
1016852099
1051177467
1670689941
1179643037
1227126657
5890124203
1476802596
1890418314
821934897
5503143523
656999279
5266435624
1421658753
1302305585
1135259783
405531005
907481650
5959754444
2011287319
1744638411
1950942854
964561581
1248170734
5378226596
1361062988
1442270902
5758596443
1639631236
848713940
949164667
5260582721
5697073104
1949914412
5550611947
1629982027
5950575194
5953651601
1299473023
958533802
2117447739
5368038227
1652584098
241400702
5911786945
1907705523
5909496839
5801637621
2026959390
5633274801
1472463136
5926436816
680933399
1685194889
2043455849
1138822664
1302825886
5480088912
1233743589
1159811666
1063097932
1233002506
5655923836
1556447868
1411387519
1948171789
955768324
5530100188
1134043825
1486197227
5273093631
5848500267
2022891566
939089581
1507219177
1042862068
1451052209
1091527596
1271313749
5335073764
5678521135
5975621307
5799368519
5605144183
5516691725
1439427604
803087475
5174975334
5526488626
1442143850
557700842
1669450161
5452627809
1363386046
5800566783
2131542960
5401453527
891287237
5247315831
1484744488
1499083385
842732013
1610672174
2121070610
1529565325
1496594941
1622616482
1401447113
1400311222
1428995333
1614628229
1444766461
5878830457
5439011697
1224939323
1430644413
5468102081
5672406023
1382113223
1477313510
5068333191
1460379750
5670780714
5174345129
5970995641
5761898334
2131152839
1466327009
1816996340
1593173844
840810526
5709400097
360542817
1042504812
5257948496
144448636
2042158921
1921374812
918993457
1672179298
1814178846
652356660
5813363744
5894394436
753844675
1405742507
1095899650
1775686513
2081356281
1445730614
942576504
1897052576
2065482601
5663798316
5730493780
2079215687
1718830002
387277338
5488797553
1788644905
1084119070
584022815
5035652570
1406713525
1810047751
5356443532
5304527936
1378331436
5302325145
1417497291
5868370610
1361072008
164594079
977137808
5909305393
5501425183
6169424642
1330620159
6122346026
5073403878
5462585581
5283788935
5292791297
1077898748
1885877221
287219856
5684588072
2035457857
5196784289
885144272
1435015255
767202848
1314678222
5748024685
747016670
1977937148
5419610459
5056476013
5168772123
5287186073
5575379847
5779685424
5367161671
1421472529
5949297383
916177136
5513960162
2108557574
1937903343
5901056958
1206381202
1624746702
1296880053
1451825710
1435734083
5766952635
1122748500
5956581523
1219814491
1885473904
5506561422
5775935937
1413527057
2088574840
467317844
5229558529
1154997763
5466900299
5950808598
5183600679
5384558847
5432343079
1315578030
5063279969
5432515645
5207256945
1534110818
1430485978
1531339210
5232020596
1482346972
759709924
5670066867
1824343258
1430410484
1839918004
666303703
5822732318
5452329109
805472004
5775542917
2118227531
5801348862
2063764210
5693786857
1476513799
1425446045
1489600635
5693938774
1009687005
1457270302
2043623766
6121386718
5874227267
1666280622
896812593
1889044598
5134991527
5341778430
1635232388
2145184396
1215784480
5656749220
1228795387
1883640998
1613874108
1434786061
5930530148
1622970519
1675206404
5836651099
1727657770
1461630397
1666683733
1263593061
1733338935
1423513280
691757476
5627292088
5589489344
1505003792
5318765891
2102047402
1471997190
1505084129
5142900440
924717755
1530165909
1391001022
1956986505
1436178323
1351047962
5935474502
1352803854
1406344110
5034454015
2105434321
1163349848
1474819628
5772243976
5778062432
1743668227
642829509
2092446620
5600809984
704498013
1388455565
5636483012
5173797895
2018254253
1872454832
5615014109
2037436217
5700234714
1331204393
2134642103
5886583265
5112215518
1404926117
1341367764
1766253501
2095200553
1341678043
1260569314
5003044042
5384803660
1812865220
2125761543
5619621730
5711890530
1319237475
1348385429
1156867082
1946416442
942234481
5051236136
1468228554
962791451
1312270549
1888414628
1433592061
5403033146
5311619317
2137636215
1331969255
2111397387
5700128923
368467441
1019997609
1327461422
1361039537
5740186594
1047822584
1068604010
1916449606
1420599028
612179434
5855184363
860617939
1133386466
2093753773
5717865464
846624160
956983138
5409110047
1258769492
5473938698
5984175091
5484302268
1814144512
5550136967
1902871401
1436343658
1116807298
5718026390
1694763093
5433859025
1493448621
5481963191
5033019704
5090720139
5190460867
1346798863
5166687627
5928981843
955843734
1690875994
2101120123
1788366089
5358741924
1803447189
5512916324
5637941491
5935525944
5578963496
5840117306
5330136490
1379304282
5016072842
1198137479
1632519789
1632519789
1727516168
5469939939
5768116300
1215067345
1944788026
1226459012
6127607182
998212131
1345844109
5043428737
5502434563
5598024035
5283987631
5783370445
856819743
5029026230
2096387847
5534295179
5562274015
743704027
5406060513
1703541531
100073985
2046052408
1726100113
6101505504
5554191978
1497324162
1326771455
2023165145
5088743145
1114936871
5075413994
5781310343
1569405118
2021264729
1381799742
5823042585
5392230415
1320404226
5923875338
5787379660
5398940064
5167473637
5640705928
1298211017
1547125437
1309155554
1613319693
5735907605
1440386656
1220827113
1717772982
1649412153
5956128967
5512186315
2070540205
292481561
1462423846
5433696090
2065118936
2028030236
5943261572
1368243965
5178922174
1061687001
5503495330
2141037041
1274562609
5167778896
1889343130
5558881205
5176928631
1882032535
1425024586
2142999127
5356885375
1213797899
1527937395
1245321103
5272937215
766182396
621524993
1636966442
1376991435
5694590236
719946805
1142530992
1533947101
1650660889
1637127087
931629735
1623512293
1970335915
5065439779
5616202299
1530833060
1476833151
1119986108
1170180771
261967375
5358556254
1396389771
1841256575
5380584765
1491928039
909855899
1301232490
5374571542
1031716998
2059281739
2080834144
5011910717
5422829295
1076457933
816130418
1164169270
1406434385
5756251325
984689022
1262002916
5810378864
913044614
5670547817
1496933851
5832194307
5214546479
236413231
5081747528
1022645703
1974058730
5494843617
1640429909
1486678843
5914655144
5214299225
5267376339
5384319709
5330585191
920312613
1514690253
5396964545
773474703
853417978
1227818454
5600507818
988773550
1400192256
5701175776
5489166020
5403048250
2080461772
5763399049
2119193821
785923678
5145236733
218837447
1346040032
5872361009
2074387659
1007009321
1701875574
5220837686
5416695073
1383832764
1174793920
5319224913
5904506568
5034323316
102782274
2103808545
5290962370
1127291302
859547285
2127980691
2106296206
1472012031
760280085
5489004097
1990119194
1092868792
5064557091
1422744394
602297273
984269593
5443066688
1848596982
1440704181
1233950832
1032321205
5956963488
5537258924
1339695226
5868323213
687961494
249449595
5680307951
1959981150
5452936554
752686169
5660231686
1554758669
923831362
5772857870
806007986
5382322912
2113274809
1475816240
5643522937
1498598935
5459278365
677142796
1258204051
88401607
1460699932
882480274
1024566856
850355291
5347679600
1417954915
1413966961
5153623621
5921115046
1737793816
5265458709
1529621919
1144904697
1367804417
6135255341
1562163680
2089840057
1546563236
1880278947
5507863437
5147440323
5723626757
2044801243
1314568138
1128140385
1115771432
1417868538
1365885149
878572340
1402254927
5042273669
997751710
246369983
1199119904
5815088434
185672310
1659312034
5538602224
1581717143
5536834942
659320636
1151109543
5018871507
1517972694
5362036172
1493306294
1454624363
5192545721
2145241285
2130218740
1592705387
173159061
987424875
963609344
1704458667
5343146027
5872727535
5236608712
5699205329
500337944
752844883
5401127335
1462363628
5950788786
846961486
5481543392
1415024958
1538390074
1833223516
5744112408
1827112318
5511201300
1369937430
475944521
5066458635
981750591
838288885
1357463315
775912828
5150729531
326198896
1381713464
948099927
1071991881
1796414445
1413273126
1649907843
5912905536
5538069075
5558881600
1226790365
1081399431
2064300800
2030030963
1406390375
1545126378
5670745342
1050016589
1438260719
1095245322
2145090675
842871681
5517954808
646981490
5270303739
1755155793
898857938
2003979091
1766005539
5712826301
1334938728
1579671195
5026193808
620520474
5574410246
5226984987
2104872529
1132819415
1353903325
5942431665
699186959
1474868744
1945964031
401339541
1761870196
1954770149
5289403500
5515115950
5467426424
5799271124
1569172768
5580237854
1240502535
5330577996
5457559957
975367772
1941172676
826682605
415543376
2142515732
1189949901
706523865
5721377887
5643389447
5453654391
2118469555
657665356
1389185210
762739988
1463583032
1061073050
1102014905
969830422
1047272248
1706304620
1147455236
1892048400
1329990367
864386935
5007742359
5510481749
1262893918
1372758061
5862565229
1239852325
776688979
1489067362
5945753617
5518732219
5742656203
5367416431
5071977724
5795380212
1753287314
1371339894
1362497389
5635396850
1479847929
1735137342
1091153744
971006710
1315060574
1009188899
1626255313
2045802024
140474816
1131963122
1228286479
1551657869
5603231334
5416383635
5581320155
5789998136
1873944467
1975365526
5359554208
655335730
5099793453
2010371581
1768264634
5537149557
1354758961
1080628550
1030588455
5427060290
1248603507
748479337
788170053
5128554414
6064654982
1689762736
1410112514
5748438317
1072861231
1898360970
5118099758
5646715214
884873831
5644721149
5842046333
6138117092
1471888601
1422148169
1421783005
1153258130
1499535808
965274173
5464510304
1439699937
5363257598
5738617927
1623376123
1071387739
984373869
5853685833
5327019255
389386934
5075724535
974637237
5740712113
1147370889
6075259309
935577512
748008230
219647033
5436792537
5824677121
5485241349
1609781540
5674319928
5129141971
5366175906
1346334037
1375332973
5541430108
5673458434
1348474327
1676432404
1303974327
5687030208
5644213234
600269258
5062362261
5487416194
5621918607
5761002273
1324126805
141532462
1404630044
1496770764
2070197318
2059545142
5844386337
5773633030
5058763374
2121489806
5200125565
1899155816
1403086617
1272565801
5576050598
1109701941
5651607166
5705543130
5458229808
1181464014
731060106
5308295703
1478125507
1430534061
5651315899
1023759913
1118587481
1486172070
1462428348
5463006452
1452617899
1325335982
5651213656
1752328243
2085163972
1368065305
5705696246
1413579924
1449854043
5047569905
2002317960
5698262292
5535788517
1309602737
1617248765
718851599
5493475539
1709631348
5351271448
1441191744
564008895
1475753211
5579413691
5651330755
1384895741
1187178392
5293624658
1661268141
2016070203
1995899060
1794229500
1601899089
2138538793
934329760
1409958066
2093694309
1100197695
1440183473
1471413171
1423584651
1006235271
1484838675
886503126
5603252369
5768976916
5542892384
5250131178
5695799356
5609227918
1687589478
1441296377
5955782973
1942562712
5014101337
5801941233
1393275184
2054150899
5044608114
1477399795
5695188865
5126731305
5377716880
5523485826
1848954883
1726434113
5209514471
5583801554
5433292994
2062259066
6106745795
5408951757
1784234658
1428805611
5116350830
1744918502
486318779
1038210503
5275649602
1189711579
5716598168
1463424187
5469549705
1948318048
5317990324
1404246107
1365193322
1363368869
5715088233
1653956558
1514567373
1514567373
1235389906
1209501402
5354392641
61791637
1038906415
5194739372
5564470351
2144376654
1501222688
5760104411
5401938115
5373753625
5953253117
6099096773
5945793410
5375992332
2099003838
1468508315
1540971222
1545206135
1422509479
5443091577
1687827422
1568096243
5812159974
1655957883
2094353013
5879486100
5474876413
1439016024
5348980211
1849618341
5124631083
1246261254
1847921110
2126630204
1059165440
5574954637
1451855618
1488476110
5147970644
874472474
1715968218
690523258
5584982730
1969940568
1332512372
5789965482
2134950910
5643615515
1933556905
5709702793
1454775955
1402680410
1833221794
1769150192
1635474595
1493222971
5781396161
1381527792
1691074766
1593839904
1565456995
1041525812
1223369888
1516673526
1063004062
1052626840
1093766491
1493827835
5461424749
5273482414
5489395525
1164839522
376291745
5252927153
5461940173
5628581013
1498346079
2104597798
579104456
948176777
5362478136
2041012433
5011535298
1748786857
1876460031
5633482749
1732613839
5641719415
1904595077
1502777688
1567997933
2101497104
5321774648
5617175787
1522175626
1228362003
5122410848
1492169887
1484340818
1377504385
5662985080
1910635215
5426344971
5686150197
1634509161
5681631057
5849955683
1093386669
1579392539
2060843532
5825019496
5080463234
1253269127
5677885738
788369631
1404244913
1426136439
1326747319
5513045005
5394737011
1628907979
1608269511
1241647827
1046640747
1462096605
5410299937
5635427477
2107061034
5728785173
1657165044
5138632928
1657193803
1471992398
5211757245
5928190799
5648320608
5732767647
1989649556
2067371187
1462530080
1079128860
1309948957
5401588274
436105965
5264734350
178788838
900138768
1485287502
749217626
1852303571
1123533572
1482986924
1541396816
1403309819
1348906864
2106238408
1341498171
1870996373
1928469303
5261477558
1421940019
1489604323
5576636410
758610736
1976751277
5773424276
1678841536
1547124560
1313864256
875142977
1340272429
1450824089
1424067224
1137273958
5713592290
1828271964
1666108590
5866275247
1961473097
1498063603
1669409926
5807951001
1046569002
5422964549
5923584823
5456335510
5032501383
966949654
5878508380
5695885283
5504144180
1733420672
1883316847
1468025336
1068551086
1168529363
648889117
5889859708
5751167364
1965646218
5697750519
602495598
2047350676
1477799556
1262011828
1170328245
743548056
5222329600
5667009967
1473458024
5312423034
5289325476
5942554969
1325655018
1335620027
1762286219
5195514418
1424825158
5853866963
5420070342
2032389119
5292933635
5374215623
1243392126
5749303179
5112430046
1874419845
2062851076
5475787882
921134624
5571983667
1094902109
5079865866
1293934573
800620627
5589943830
5657689595
5424335961
858959919
5341083532
1708726203
5466290261
1427248318
1630231101
6166830157
5568132192
854570159
1427300171
5629568442
5909678142
2133326790
2131968175
651050102
2055608262
1424648319
748864572
2126625132
5709861720
5936990991
5367018912
5516853901
1284938745
1029046382
5938126855
5525622831
829780643
5422339399
1466666100
5779116174
5076677834
1210570512
5836639947
1486148129
5671062185
1004890419
5803586464
5067510675
5263555878
5499619910
1007969629
2145500575
1441077733
5928488384
990728863
1504840370
5615199209
1397716867
5884234120
1225493394
5086399399
1453002063
1664406134
5757268500
1889267964
5845161605
1198028612
1358418192
5155918577
5307693343
5470604630
1372929337
1541919906
2062040601
1426388951
5236705972
5600521938
5746243206
5514546605
1859706354
5361134635
5328405636
1266461275
1884483432
5259218247
5378377387
890778191
1567116320
5288566017
5726467220
5869629642
5604904585
5264326742
808707179
1495422368
5184520151
1335364849
5762625384
1725598235
1460611555
1987969991
5651298765
5538881329
5144687155
1982779391
5435987332
1283309061
1479415046
1533786218
5754726837
5345345854
5183233132
5616502541
739632367
5297776182
5932523461
5310585219
1700495676
1893802944
5840258043
1725124590
1357139319
5773449885
1393936994
1163405243
1475362232
1660965827
1425406633
1458776465
1031648497
1295792647
5617161400
5900138305
1492966644
5524909740
1522498511
497450362
1649849493
5727212351
1171101256
5759011572
2019956371
5239262055
1487909403
1511578256
5871885922
1670662757
1121307073
5190620431
1165933509
942077774
1470331434
1438949167
1319918527
5739000457
5539201285
1440696061
1976731902
5644495435
5524170593
5471733212
5661624549
5192940359
5414259985
5966129467
5221345599
5561967249
1011118862
407780190
5708947342
1796039361
1675281349
5553115422
6144436573
1317916079
5541112446
5666332794
5440177215
1431618780
5144069621
1009275337
5583201668
5249223837
2049692956
838115173
1641264339
1620376267
1440532126
5505696166
1470047729
5967897856
6015058541
5252970288
1055200607
6135565295
1459678146
1414974096
1991967728
1481150428
2111671638
5290606711
1650273149
1234859914
2050302416
1377754633
1018261542
1616772001
1892051136
1630251626
1315344492
1440403936
1362156172
2108157069
1435647349
1252997212
5949614830
1187265046
1026391313
1899536305
5208168299
2119010008
795364209
5140451478
2017103842
1604480176
1426288871
5079954083
1126535118
5950457760
1900862672
824660840
5675774081
5685602805
1149619925
1458341654
5470017682
5771858395
2141621849
807951550
5138289346
761472164
2064521586
5549105108
851177161
1879757821
1663723811
5045090455
1816179811
5544725890
1409250121
5567173994
1610972036
2036872525
5456515388
5457936520
742960002
1600680955
1790668759
5628847191
1425173741
5147199767
5605529776
1289374517
604369464
1037680929
1340316684
830587450
1395344145
5675658772
5542211824
5038006113
1981606255
2040645886
5640415565
1444355403
1803792531
1879178082
5048978479
1256253216
690416998
5349312302
1116678547
5409844050
560481983
5967440817
5116830362
5581374491
727452551
5117667024
5100400774
159710192
1484872483
1490493265
1042615211
5528879891
5969903489
5094737473
1131057819
1747861322
5806156257
1999507977
637309562
1810025343
1731413877
5582231571
2143214712
5409857646
2007803678
5531878677
1405765925
5970003292
2141970318
5261943700
1061190152
1557209505
2048353356
5511437759
172763563
5251001296
2064347879
1093375462
1903697318
1056092590
1378769757
1453985361
613856285
1836943291
5805947128
5374127845
2133462785
1016709022
2016508559
1423576187
1754243075
1920486957
1063688497
1014138596
5415861990
1521912322
1759657832
1093646632
1714551154
1006679049
5627782861
5592814688
1487739814
1951255219
2077900421
5512124585
1491776054
546046322
5704619100
1836583931
5668149623
1619907913
1410308148
5495499782
1679198180
5574341516
5443252547
2129414162
2110161242
5203767645
5266034775
1387278754
627559559
1055039413
1646114003
5088249785
1670582916
675924010
1875400676
5103734590
5042862770
1183230555
2066574263
5065554424
2139160542
2047729063
886867461
1983928257
1091987179
1356050278
1451713462
1667196938
5107440338
1374521810
1224246370
1391903005
1434580407
5001943176
5987396568
1035715946
5800882560
1051090868
5817789976
5519713242
2031036129
5815265162
1628466541
5080296226
5886978858
1338586764
1466500612
1757958873
937544157
5129450012
6074799266
5123036550
952460574
1520048904
1657630646
5660675186
5732385793
1424212980
2067063338
5367943533
1188108583
1345115966
5493579456
1394418807
5139507968
2076020841
1601260425
1171519228
5549621300
413989136
1350295188
2108023030
5096560528
6187171771
5881931970
5168591486
1190575571
995257138
5402485870
1262691811
5079242942
5213742179
1667929584
1306208847
1440647947
1686170877
1588090279
1607459938
1486910426
1871285521
1725286451
5232997167
1885100567
1299587532
1460883645
1400497775
1797762147
1761766722
5960785684
1712317290
5767587540
1534620013
5348755480
5504633064
990895895
1406933717
2013240174
1131304111
1424948606
5261013841
1091262854
5424344346
5605759843
5437959385
1578330152
1205577288
1649898896
1114418908
650264574
5269485195
2144389251
5476426002
1574339285
878928165
5046901509
1400888742
1429149229
217346653
5466912395
683685666
5222641644
639236786
2083434353
5921875678
1944507235
1997639440
5083485025
6108246204
1169492902
1003646570
1459421704
1422271601
1138909892
1514484180
5643678903
1115052818
5877549933
5465472146
1428836294
1026396545
1481178820
5294900578
842432105
5408529351
1736946052
5701396782
5846569234
1403942254
5498910070
1426300489
5485451577
5754825629
5309146087
1391752423
1967900397
5711021880
1865491350
1580954499
5743054979
1241837700
1336823879
1415852409
1745859185
5066758559
826844706
5450349235
2132052255
1514916678
1485591653
5292494158
5318376490
1113019914
5968552112
5399306464
5382030022
5604267126
5424883451
5563428618
1724216317
1856286473
922924686
5241306802
6110904587
5327500380
1700446112
492583545
976666327
1913512803
5235109165
1628656428
757243827
1089467381
5078760616
962834796
1455732013
5169082930
1309116035
1659897078
862409295
1531811914
5936316805
5131763393
899664706
1178889278
1350247273
1333862390
1777787387
5618203151
910346147
1340278356
2089051238
1088362908
5055084405
363804325
5023457098
1039911575
5892719560
1073746720
819840366
1281424098
1722146003
5701358385
2064111534
1424417412
1384585762
5558347193
1248946044
1444438949
552520751
1032725779
826844072
5139484319
1448777089
5484127447
1415052050
5028361204
5361500346
5458370514
1410838860
1316400871
1933230149
5697309101
2129446978
1239055481
1076285596
5777119908
1349335252
1662713719
1556795769
1279305876
5955231035
5624489094
907349147
5595699785
5983322462
1384978598
1416030203
2039836068
5159827196
887357300
5181685541
1960354782
1396924819
1433437710
959423916
1757989767
5913390650
5445018975
1721897039
5869662360
603828456
982226259
1299807941
2121397632
2054520227
1333201537
1631600268
6093900332
1063796033
1894555397
2099962924
1341542896
1900138758
2114344927
5539461701
2094305678
5202528362
1183262647
1236538868
1438262500
5306868217
871722671
1498270173
5987908968
5886703342
5709117618
735778863
5757381612
1980403564
5220647124
1488556385
1126063054
545702877
1764273945
1466688391
5472633918
1067307382
1306770290
1917219853
5166581352
1519114617
995746193
5542012616
6101895316
2037268089
1099152166
5431664438
1956237648
965204852
5836091712
5849526950
2102499490
5445436598
1808126343
1613401788
1421251260
5849163872
5710958410
5191291699
5797596302
5005244608
1618706758
5686241623
5785821135
1368833083
1929287976
5759125733
5120964120
1887124153
1490767148
5261768986
5591952718
1633836297
1612930006
1786645831
1593804521
713554008
1335488624
1078934925
1308988906
919003962
727703229
936653428
5740525686
5962522213
1617684872
1377458854
640235252
1600771146
1461357003
5760078678
1116876665
5061446407
1976430646
5649761215
5119779556
5024117499
2116063682
5894588709
5796509544
1538210138
1030893759
1407127477
229929942
5328032674
1406233214
1839655108
704537649
1107678549
1324011028
1463130197
5752826390
1820386146
5527017363
5086934944
5908638288
1071946214
6003122870
5258964727
1870816106
5660461187
1449116983
5691752760
2107343757
691576101
5836738278
946776705
5525893469
5916864174
1829844342
5057115281
1019048196
6024599309
310634418
924599413
6223921797
5907787194
5774017228
5490658192
1752835721
5910276843
1357357323
1391327923
1547147905
1303818738
2039233285
1562094463
1661995188
1856369130
2036371121
1342436801
492027492
1381050802
1232207171
2116147429
1256130783
932565169
1535942573
5412458241
1655620091
1743550563
5891324683
1094962137
1064397846
5929351375
1876998364
1366058862
5791665617
1015853961
5460735456
5691653730
1745888601
1418228920
391561643
6089636775
1961016328
1687959640
2019692847
1315146455
1742237407
5317237135
864502690
1629075261
482920230
1200570457
1753889902
5824298382
1347351837
2062480846
1636122717
1815840422
5234053144
1529241233
1920474769
6297433293
1719840376
1920888064
1650210413
1263378480
5440604756
5227590262
846362827
5960482259
2076105090
1498160478
1960701512
2052927933
1626101975
1056967187
5159000526
1663147034
1680609097
1709585900
1735987686
1179649264
945044671
1808492261
1039841032
1343053583
5004866296
2026628675
1174247807
265602618
1977207274
5423603556
1988541126
1064345205
190713350
797750371
5014057405
5291337056
2138026068
1385194274
713017828
2145118936
1973899053
930140925
308679204
2017530787
1098158222
1104420765
768840499
5033642957
660886176
1137164875
1032041281
5297215098
5756597220
5663558317
1666257876
1163538798
1856594529
1134613778
2047812710
1612930079
815907862
5321724985
5485093357
1221561146
1088190684
5863006640
1403636946
1893045808
5885588537
1819387306
5580673044
1736987382
5222770191
1330597262
2066614162
5653119076
1489402681
491764892
1385729844
1933304905
5442500739
5592924037
1822104710
616963827
1254736234
6153719017
5628741338
1459556148
1119011600
1363169895
1462964617
1434572552
6287248874
1091175302
5688242782
1041270882
5119891911
1941134402
1981331165
1324091213
5871433614
5168116286
1885806611
5725931515
432577036
1382492889
5603658342
1259059960
1219411429
5593748055
744862752
5420977969
1546002764
1955097903
1371290937
5559230675
1173077574
5943004560
1023645266
1149811345
2025746946
1443248799
5644880512
1241063329
878256508
2070630239
5533871607
1340266332
1054812060
590620909
5464965790
5863304251
2138706439
5683383762
1060287353
1195737969
1049799037
5453742493
980997155
1517921900
1114841887
5952244052
506420585
5055460951
5000932892
5846622385
1674708144
656339478
1945882733
752306292
781957552
1042079845
1434735484
5626373099
1883326648
1871257969
5715720663
1493576517
926442979
5353825478
1312693521
5928472880
584942205
5566973026
5835070429
5191531789
5173609905
550137867
5018921775
1333381935
1935796085
1020322033
1017509785
1928935136
5463812325
5248704423
5022608729
1971789926
6041929694
5734925425
5326193322
1393894767
901591223
5105784745
1296740888
5394360574
1223032880
1983026849
1946148746
1255079591
1821601064
5095934248
5592244713
1892432620
5682586750
1191277975
5333191333
1980617051
1228670861
1184232916
2029146418
978821774
5067229758
999280383
972518270
851208206
1379391157
1030527385
5436991899
5275739757
1200921695
909002631
1390771578
5074485420
5864432670
2145780908
5250085052
1336021661
5506157437
5418757044
797508604
791249337
765399405
652418648
1703908848
1758670342
968117008
685339210
1460276180
1979050572
1215561898
718739481
2076841074
731131065
5000408394
1259766518
5557931905
1202074913
2021329344
782655398
2094895024
1991844951
5128956514
942107400
2099417722
5805477386
1364791491
2037059673
1804763487
894782537
5476179172
1225284029
2010602446
1739054552
1905198548
1487500251
1193042756
5520827449
790198968
1846114326
1271283767
1273356564
5161421961
5131019170
1675666676
1871252087
1233531807
1982024846
1395761146
996945748
1045696946
857443454
1890037525
1387705434
478252972
5224020050
840322054
5217115170
1763705714
5581650833
1392358092
5524649818
5822060497
5441697761
1067825267
1052785861
1074708909
1214376688
1665113734
477017715
1468947628
1347494900
6105448003
5800967038
1496352166
946805752
5777919316
1560293115
915182913
1423860382
5139823461
1494333338
774526231
1451163102
1436596546
1630251280
5091866900
6186478617
5987688939
5483320034
1097463514
5064909752
1424100261
727515101
5348826874
1451353693
1381155946
5492454087
1357657266
5970490771
922685550
1665637232
1489914627
5180936789
341709570
1564488546
1353815755
655924200
1318605396
727425123
1496494255
1055450127
2048399460
1232046112
2047940559
1377619981
1447031762
1738311037
5228534235
616866245
876013768
1128240439
5486427101
1476853463
5849023255
1384870965
1711422541
1472517249
2090748636
1766652859
1995341805
1978383377
5532765585
1067686883
1997921818
1716255210
1221475047
1349778396
2146267511
912486763
5992229552
667336569
5046624746
976257167
1936725303
916911997
5162640328
5205418002
5527012969
1272279402
1937490960
629861293
5234931607
1538342916
5371024875
1200861771
5510946483
958954930
896293978
1329660774
5743999868
1034558329
631521515
1710373972
5900466450
1784813036
1657377385
1546286724
688628882
1205242516
1646334846
5755835247
5056898832
842469679
5616872244
1407030262
5017075522
5483787426
968009632
5966671043
807380070
1522202002
367868897
1628916197
930959077
999434979
1296589288
1372449703
5011775592
1391224885
197528035
5317391139
1919955301
5462433152
764160224
1735633584
1319120546
1718935314
895671935
1839242352
956668772
1983686582
575982411
1068353931
1365754434
5468372921
1614021247
1759727659
1338423429
5856300437
5049097947
5637775961
785351153
5381186159
740877766
6065869735
5207200949
5764766977
1196029939
876984022
276521916
824080945
1457910334
1115447758
5268141379
5302023707
983065799
1722818991
5576937437
1212315670
5535256757
956391102
482026534
1769469685
1812734128
5013534227
1834107998
1215605590
647727119
1663582584
5659532108
5324708549
1096120337
1896947664
983651129
773808172
1461788487
5717674062
902102053
588187832
771618690
2137693784
5001816127
5336802647
1409947519
1962237140
874807038
2018644826
1938595687
998908468
1509702511
1807642201
1239513084
2114314534
5269866019
5812707326
245654359
1105381506
1505757245
1662827676
1037925587
1345661788
1141261414
5947631519
2040665308
1816358930
399068410
5810412283
835479105
1883482088
5221235650
5738542364
5961078620
1193363057
5606843901
1954008200
1829531282
1249685539
1339917842
5550916057
5701337434
1900994139
1295166460
940285636
5042643881
1903629918
881604644
5060032626
1648444637
2080693103
1310717740
1998181255
5337714909
5317343094
5856671603
654786825
5594882098
1183271654
602441769
1915006583
1293816631
5449870962
5428654282
1907459365
955560458
5522081450
6162612120
5980444023
1996083243
1572886380
916924711
5527883305
1271468162
5592277556
5497669093
586515013
5026313128
2076671465
1887436725
1375118581
1590832971
1993763367
993863009
172956115
1690620979
1866970006
5647331245
5048334387
1185598768
765427214
1344271609
5308028781
5330221253
922157055
1328838998
1399954878
806098355
5378781538
1166666114
1360936725
1224367212
5716555870
1302495951
1416657041
1852909024
5945026141
1602916981
2085761348
808835618
1519959644
6220141289
1120000854
1971136189
5467769566
5006016855
5036622077
6198415559
5176980460
1786539825
1611164209
1996646247
5764374889
178116657
5218857209
2141855331
1738105411
5397218638
6238087911
2122026135
5860714335
577202646
1795727787
5041389661
5501971106
5096859409
5131304395
1354321991
749000177
5836777977
1978994016
2015490424
1926820409
1029165420
1613897770
1911963538
966919870
5238281325
1196609423
1955392033
2147241510
1984444572
2039389702
5499577044
369633509
5457411223
1398077391
1556239386
1465261105
1828165356
1036542920
2067580863
1760992255
5372588359
5089241148
5207860601
2138573811
5681251242
547580675
1476158760
2051128181
5720980990
5020624857
5200375276
1187042645
1790379469
1510226108
1417623824
1367591027
5281195649
1757430147
5577928187
5693779957
1121852325
5123720619
2119245294
5366555940
5476601024
1538582316
2063688240
1361258276
1249245599
1323624375
5127157857
1932831688
5778191477
1458901110
1905456314
1714355043
1101999354
1990851857
1576930276
1411845716
803401273
5472229642
829721515
5532712132
2143385208
1137737110
1057066114
1785923464
5881750003
1304074760
1769017840
1311151535
2134151611
5887194627
5353632357
5702694673
5482631606
1041367165
5645223900
1760065952
1236814585
1768942097
1964146253
624725609
933851353
6186701730
5529247896
1239008111
5533999866
1074201365
5648168715
172544584
1291722181
5669331173
5639635799
812510958
1236411968
1439851371
1430098256
5682701239
1709307637
5133415976
1228100313
2131743322
1404529758
1329894165
874982044
2076003406
1669645729
1743472480
1143755768
1467245899
5657249307
5969006967
1471617302
2023550437
5520000261
5557454507
5515912743
1390068093
5054119383
5918402529
5967752244
261416007
1434032594
987551806
1937801258
6068290372
1076226798
1352938194
5731342230
1981376360
1433358254
1723930455
1067267749
5941508636
5180135399
1084345531
1697539890
5329607861
1688703090
1738975050
392360477
1130655639
1301011822
239050124
1330972938
2028157970
1615053712
5341054283
5036805135
1324271809
1479988068
623810340
1492162810
1848951008
1420647344
5727037533
5608159560
1270187875
1818617459
5901570878
5114835072
5169637294
1778073626
1750699749
5783251338
5173426721
1463608920
344140175
5613009033
1337444031
5274731987
5630607632
5526463322
2099568988
5371793586
957346562
2096882934
2061691208
2126473911
5673837386
5130452221
5292507513
5204567927
5239822155
2016435388
5304300302
1858473213
1415822937
5652652021
5453506463
1336943320
1463461902
5242024201
1991586988
1743262612
5774618820
5286821956
1821839005
5695165919
1951804300
1381554461
5484842918
5651535425
5374458514
2037916472
5053906349
1823981058
5925098634
2080369388
6037477406
5063664676
1836814312
1977656764
5302434181
1514184663
1649368248
5362111371
1164405285
5340913806
5454696988
5268159132
1674461579
1964937349
5168720732
1571490903
1833481662
5721305454
1989416111
5939245866
5675352238
1998186195
5056294442
5164233304
5501627087
5248175038
5783443609
5664773667
1406442844
5353322887
1011273367
1454986724
1202732656
1983545618
5672584237
1459977543
5079552920
1960843517
1843841661
5471381175
1755986526
1915663938
6191260907
6157341891
891337251
6140499525
1991720409
5159678174
5394439846
5343757329
5644227084
5822648924
1637257947
1169376950
5191849562
1425567238
1419647771
6099885452
694616891
722400128
5776211467
5996259570
1464180660
5804407545
5408544585
6251589063
1357952488
5205221241
1087171690
5342799154
5684818230
5895067272
1805458094
2060831888
2110204803
1983284805
5932974353
1657135945
1966027622
5461362961
6065091949
1310496833
863327047
1907506405
1199491555
1717159207
5652557282
1311269702
1446257578
1463218023
5090640800
1164631423
1200328453
5492157019
2086820249
1407317027
5403127134
1087900483
585278445
908888600
510697775
1406620577
1396372920
1835845179
1609831412
1634059072
997783199
1245624827
1907478992
2020274043
1818519730
5418791128
5421440074
1198102974
5580696462
1425561220
5417110842
1510158961
5422235337
5477344772
1367164781
5132633663
1808169485
5456517564
711208371
5629058982
5673609754
1354707490
1719345638
1360834958
1910777116
994938056
1965197391
1115717515
5346680463
890533176
5435847754
6281379872
5971221966
1291671569
1623679752
5438977172
2046506177
2047311596
5080757326
5975319178
5824360025
5791840134
1421310967
1392373138
5718028957
5121094590
1269077358
1441346738
1605163665
1984940253
5182589441
1048599410
1049525292
525690286
5432589779
6084911244
5444866107
938175324
5034709373
1669326089
5148932874
725194500
1873012224
5061248772
806649121
5039789145
926975283
5881473292
1634383154
5535705425
964633403
1901253222
1753215932
654845348
1837269138
1223090177
5245990503
5859532467
1443169929
5378352256
996099774
424327493
5467879369
639015827
953589477
1971540193
1979198179
5281251861
1821358881
1464827224
1530731728
6256996491
1864766837
2047447548
1041975596
2145275447
5432632951
601045752
5666885968
1472169363
5121241323
1080426338
1896969875
643416864
5615954321
5646346322
1130352356
726655912
5132110695
2081196827
5663216751
1188553488
1269979492
1899129473
1136489377
1797919758
5378987044
1262431546
1694389384
2097446631
5036770090
2095191865
523497655
1746256656
5806631616
1469662335
1006062401
5770577430
1327228096
964305884
704073943
1289301389
5644736289
5943354060
1992629904
1376795925
1258328526
1886316061
5539346324
1635491595
1949374187
5464288364
5598650712
1861852390
1065367506
1215550036
2062335170
1472256755
5784881262
5160035019
1641585129
1936727424
1626992397
870323261
5757639764
5669143099
2031054003
1506310282
5949922126
5002511809
1088539783
889209175
6144310218
1458047771
1080337410
1962440817
1324309356
657402766
1995465095
1044702387
403203172
5415387363
2053223037
1479681358
912133981
1937033677
1436286891
5285727139
5346912892
902023948
1800498774
1662103578
1195941205
1983052140
1987127227
5707647685
2026020189
1646683193
5312161290
901324807
1013233905
29939539
958022069
1928662523
5273838526
991446468
663593507
5428694992
5203744988
5474390557
1342549906
1557854835
5875556442
1902480485
1743973274
5725346096
5014373856
1262078718
1171850570
1400995558
5942748486
6185857056
1747461877
1418493692
5102991261
473639237
2092904880
6005111541
1022535056
5442087924
1400477599
5667477766
5669623754
5270373774
5433151944
1126236322
5855129570
150628643
1254640833
5101697711
1481698509
1805184926
1577170825
5639804517
813629511
713200403
1735848043
1731950388
5893854559
2082493665
1716712663
5859388511
5018915132
826030810
5760660517
5182832873
1011189677
5038567133
1267459689
1611288820
807293590
5435769632
1457801215
1041907620
1450995790
1465402443
1100153463
5407708132
1192189679
5949578118
5082312227
1490981584
1733287482
477766031
1446932735
5888371109
1309189183
5203234159
1289513207
2089704481
1590843231
6006904395
1733340555
1187259324
1184031223
5605312180
6213396766
5989876898
2125372628
1946823897
5122874524
1499286987
1643967516
5819915861
591239436
5600430843
1308405929
5138295680
1951977740
1257648284
5303823990
1219282845
1929666938
5466961337
1728374423
702276968
5954671515
5617079203
5328635565
1784669852
1386900606
1300652672
1314570911
1436833554
1672766940
719572947
1889834162
6092640008
1339484798
1789368594
1054531195
901090469
5271040765
2124093394
684039048
1339417491
5678552339
641063069
1931649564
5310862385
1744765685
1469198555
931384085
5943882005
1457288056
5523784094
5505452198
5389269365
999917543
1027052719
1276545477
1355894855
1552073434
1991402741
783081400
988191574
5624929305
1855157548
5441212375
5113816294
1343766688
773284418
1967868829
1617612848
1252929511
580469968
1570968743
149161562
5354884056
5632749821
1361759202
5351843828
1570981665
679214397
1271502401
5969458331
1680713900
1457739075
1624181924
1425899488
1922211228
5912185559
5232912767
131479993
253117620
5330743955
5389509949
906234585
1644819197
1974476912
6202018223
1136447230
1245252720
5382912263
1547115197
1736527462
5733554519
5520795883
1449912463
1067572892
654049578
165084241
5942542200
5470368759
1071955663
5497897334
1274844955
5495070153
664923376
5747892561
1254370016
5004097552
2028861562
2109532432
6058918065
363059632
1333041518
991826640
5815745438
5422991616
1888578430
1725932748
699448402
5055234361
2034721281
954018396
1065811639
641342552
5972475111
562404148
5351526823
5627850441
985731132
5523667537
1446454553
890455430
6108935547
5474907702
1042671074
252788157
1796811027
5668995865
461496007
1941141280
1743130569
2105111519
1835554089
849079720
5417209349
2098550727
5261340908
5415137346
1060810102
5442247222
5644640039
2033591115
5869424420
934432096
1379606468
5774891226
1898348955
1482300869
1149212242
961647525
5883347420
1067161161
1754720423
1636631522
5173652136
5917599102
2096691160
5601623902
1319339461
1832363763
1497784040
1123989779
1579559808
2070808584
5807670802
1089910726
793387762
502553037
969227706
1010244745
5471132323
5852535249
5062869881
643037625
5043305477
5607635689
1215422237
1169343639
5782597645
2072502534
441485761
5226462246
829439186
1134857291
805263827
955665100
907638128
5182110901
5663972731
865198275
893691503
1119520894
1682196656
462959483
1992952754
5705640491
17171793
795388788
5699861265
1077044631
929403107
1567953275
2114126384
1762885476
1768680508
683706474
1124699085
1983893704
2094847772
5718766767
739210227
820528930
5806392015
101314327
912722194
5361919980
941868784
1149778893
2128942389
5053651488
1557241243
1996349272
1886832730
5659155066
1698779185
1497205064
1243557229
652514217
1564985830
5618502593
1194162609
899082090
2055265662
5759514251
5242062785
5556203625
5775520534
314635368
593811936
5789594982
870219275
798904986
897271217
5295950140
1121082021
1436309537
224128219
5096064520
875336257
1615133322
1005842394
1077424074
6169534284
909294444
648031404
5230238405
1277775134
5755858422
1304309171
1722649545
5709346271
2024044678
1524887722
297594237
5855564803
2075746976
759347431
1812887051
624414068
802325741
5667628135
1687440932
1071566834
1015343581
1274511950
2047048179
1480006237
5837415345
1393166914
1384288481
1116367407
1956535766
1836853030
1043386730
998541022
1253623224
5901152057
689621365
1370619474
1682460324
2061045736
6291118301
1861113115
1910688608
6065945488
1740232419
1488408677
1620371439
2144847185
1055434248
940855494
1114388438
1044809753
904762696
812553204
5523721672
2035286586
1433281392
930659409
5565390723
736808181
5543750532
1945809826
5682523765
5555551409
5567584935
23596668
1778412874
1419025623
5074022173
5636401455
5124753111
773139829
1879801804
5055297968
667568386
1196476401
5018062973
5751125919
5682023252
1374018369
549865053
1222841388
1614176585
5936657768
1600659029
1455338364
5289675947
5959729059
1374599243
1033022020
1012981647
5600607929
1086915794
919286111
591512726
1608163536
1493787581
1090386534
5453381704
1501302897
1802496642
1000805807
1430566371
1333295122
6602829
168604580
221798580
1666764257
5897051585
1870230917
5229423073
977113757
173237215
743188277
1352011243
1186543473
419421957
700450636
581464525
5245680604
241099456
5371160622
1632320787
5049148737
1819718695
589502223
1024782288
1164841706
5471235262
5634057375
1240788054
5589079990
1547167825
1192291321
1186726223
1048129127
1158418736
108095953
1087883348
784420776
1027451574
5976971711
579015685
825101233
713504119
826608920
1022652390
1289536430
2002060172
5315121508
606391048
1696865334
179384412
725160063
157235152
1833284168
1375148737
1158057535
960634847
663508220
5314642381
38932339
2134360167
1645017431
5983221802
5480014397
1213390247
935429692
545457252
551572738
395256059
8140494
1294851095
781673011
815602938
1707794734
895889328
759221825
856070762
1926410514
1203872211
5499962400
987896251
5355397509
403813859
319346851
5722063435
259962889
728572607
703430115
931845006
6109454
578038655
511721369
341346823
963726750
853862301
945061450
706177376
1044114531
5572701452
1731238187
420858901
669086938
1174992822
1319858716
6245732685
984138653
1395888546
560143173
1959436046
776239135
428154268
5769185601
237303146
1121692547
627248588
497275126
5490056423
23376938
1021932528
946729534
512769785
733549970
5246904756
938262171
1946159351
546935626
344969345
5778836507
980753596
1206971255
735429727
2030913633
1986356241
592386224
5129106820
5776435977
5150071509
1247203115
5370343039
5647691089
1018000796
6181550759
818827441
830614733
5191959399
1397959300
908048712
804976390
241080258
925143618
804169857
5166045353
5724591937
971077252
1816088150
603688647
1094296004
651033407
156560854
1056304702
5560531385
1420224386
1885188401
233621605
5422668476
1007533610
997293093
5541569646
598434098
5215956671
667070316
643694682
1346176623
5950559994
674418501
216181734
1215667732
590169141
556513639
1382929366
5928997036
864409182
283003243
2019584852
1023440043
461344780
1517439702
750455835
407894113
1165766014
199483206
1871817118
604955521
865789852
5399781463
1320393093
305880625
1421023456
691121459
5002980749
975053960
150843531
599650647
616560385
758314521
5044486171
934220277
473317573
1072518936
833536512
335517405
1307243961
1141147195
294594365
768788060
970617982
1113734830
5064073662
5544309116
1016449836
484280128
5146422839
722767305
1133684108
916419987
5220129782
764233656
5650938331
1732699487
1276235305
1198596780
623835217
1408488986
294882562
5089412276
1747678705
1136262584
873370127
6079134097
635722878
1942611757
1139973922
49017110
1205624032
1806305920
5729299730
1083782538
5673052543
1384093141
1393092861
710805895
1171762233
1085456552
267144135
561903405
1006478552
1027030413
1390959952
38819077
822066339
5374686835
1281107221
826629191
313312657
1198609959
1018496935
5013194521
1070000782
5951155200
1662137137
1037671532
1656323344
1338960068
588794051
1049945650
1626858352
1753594928
1213835881
669407028
5913462986
1018244420
329813806
1196583772
1184761501
829861998
5030982683
1416347774
1094535038
820539766
5927606289
6784802
911018987
836145384
984298886
5926500100
1913603832
924485441
681359956
1130377392
5322801146
1739899551
126712214
1318018859
984650662
991108599
806257090
1018106845
734747480
593036536
742402978
422065820
1093441979
1283331706
5472859248
550891596
75828171
1422922152
774046775
869674445
641575707
902031011
1443533363
2042660675
1385538251
5048818765
622142106
614476887
906336412
1798261136
832086154
571291215
1321683550
1198137804
568964514
5234479094
1207389075
1250383114
1542097237
920639852
1006745826
1296662729
5622754055
650287927
650463832
906079004
1286216781
167169356
1173601575
1296961648
1025002590
1225678269
639038274
554563550
160091090
826798925
1627866136
1711679212
1079581675
541912246
1169826257
1402885270
1046833261
5604050863
5325852904
922749196
1026786512
1016379283
1716591751
1144175749
1368444668
299748337
806512514
1098098025
153074055
6186713967
765910519
1460035253
1981713445
456909172
543046970
5048625932
1000891507
620207694
1339683206
7392176
674582941
1608693442
620378731
649369959
992995908
1487772212
815156139
2045140999
5002024387
745020143
5517565004
1259220011
1449209231
1462232757
666827773
1495653186
850215556
428978835
1646174623
454752330
5322703436
1636133937
5093788352
781780817
699284092
1133931575
1060149242
214855518
1976839184
796473772
958618902
795533737
6197211737
1154730829
42682261
5668001862
1482807347
921581164
163286734
5541933977
5382801288
688034898
1442409588
482175321
1733791383
1332890600
1988577152
805289615
1438083146
1128134498
2145179927
747086532
5346627034
5593856892
1133884146
5878033347
627241332
5735950395
2061441165
1629072958
5203954380
1094370217
959212636
1478160085
701318598
873349505
1419222770
5250554904
1859118105
859931360
478626032
647526011
1130125756
921472667
1402793660
5339298212
1736018620
744746870
1920872336
1194163838
5042738931
1187021050
1323942987
804323484
666262126
1443867639
994265647
1814733900
5942491754
5028805473
1275162140
1995087948
1489197639
1010669259
694304049
339031477
825569525
1860569611
5323272706
869876510
1732291579
1842467144
1009771562
732420418
918426204
5030514056
1883313244
1127630826
5299008833
988338373
5075471610
1267345912
1084611605
5630123549
146518306
2107426489
1073955889
1936491504
5590619177
1309628759
5631257482
5048368920
958726560
1575343895
5752895544
1783358473
5900589907
2067202216
5669616932
6129975635
1229269782
1038693803
779598942
194745973
1170283760
1340814858
793805901
5420521290
1848574144
500063420
792146893
1289985212
1386494157
876455785
678189345
1278819075
1987744782
733906310
1633435124
1977465089
461580024
1804827421
5968580686
1136884099
985695250
5889680322
350315268
1742321334
5392934009
2099557393
819258988
1595140055
5086061580
5403450631
1089501452
746218882
5148593442
6123099216
1296763751
1968754437
1812507022
347214602
5116604474
6224752606
5769670019
1011937349
6055863775
1492426461
5600905143
637766046
5149417324
5149417324
544306086
5487686373
5015033389
2034129746
6198319601
514978469
2101697500
5319722385
659450648
654967876
1275581262
1693429538
1222684632
471485740
5835406769
1913407008
5704745522
914675176
1153553976
928674926
5571269282
1301676355
5069613537
1551136067
617440497
1100587465
5998172969
6248047948
5523220690
5709378236
1397461885
746818420
689009455
5502835163
5978096016
1225908717
1375526450
1633052454
2132965818
1672362332
1403326389
5883442067
5292004661
1221178202
343328760
684905742
191388158
5989794236
1541711473
640476226
490168981
1283130957
1759550769
1024961557
456300408
867528249
5229551553
343314165
1068415415
1018501342
1468704118
5535675341
354056741
910645664
5310492710
643928908
5376405414
5727524091
1888419824
527252544
1370479110
5018221545
662626843
5153262938
842580424
1070235417
5513371695
1218016226
1169038517
1327566285
325140834
1407155674
1642784403
1027803377
1376954505
1157213316
1275192800
5215168712
5675941362
2021984250
657796071
1051958300
5414106528
1732268723
2031734682
1732589476
1661156092
1701648852
5634496937
2043640872
1405087552
1301823948
5346184016
1254982324
1629028152
5763407385
5853569523
5498506395
418101029
6207629487
889584924
1305581011
1857530844
1211922013
1129475339
752094989
5710899110
686531041
1332655089
1247598154
2146291802
1335776101
1520383614
5530494518
5504288800
5680900849
1093707225
143348092
5493648168
5308364044
5268047103
5050462053
5197299308
2136457069
5747584998
1628259931
622115539
1457660967
1183055729
757340204
5877695114
811671733
1434777565
6297511183
2021350652
5787441902
742877393
1315120750
1381319513
1787644452
5164644880
1635111896
1301705016
1148543081
5621316084
5045289708
1436236173
1596904736
930284637
2075458907
366069546
5580062206
646615872
966956242
1263187667
653809916
1575180801
5460257821
709169388
1378009712
949097083
5131003739
1448127524
1483456844
1003492291
1651435598
1383359552
1371022939
1994043403
1821336094
1795894388
5343721818
2098607888
1395813294
191467446
1446119553
956225678
1305582415
6170248261
1677096701
1621889722
1005927614
5049027124
1792849940
5038666799
1138830266
5544212320
1465153313
394395110
1285891599
1449422358
5794538062
495329502
1449154598
530506301
5222026279
1106135118
1642335726
5179769947
5728592851
758827708
1034112776
5876717862
1959082446
1548090803
1224936768
1688495704
5379676712
1261676814
5247492998
1220868034
1568318444
685489442
1053023586
5050239937
5565806659
693023078
723887059
6131645385
1361730907
1700876164
1162792902
1704942621
920316196
2093521027
1440897156
5680919740
6000847457
5993954495
1487177752
5189953414
1600686869
1730545119
1781073555
675779840
5970785830
935685506
970310488
5444428935
2048142305
1708010127
1043630619
1567286339
6132446293
5952926313
898154308
1176286030
5472177163
1235505772
5428912807
837824926
920637032
863056350
1308397831
5777469873
739957409
1313969651
2018656984
1240623406
1018848155
1126571266
5199857162
1491365768
739552711
1970072106
2028856195
5011547282
5015023585
1518230876
1280289825
5641654992
930575661
5681390471
1689628486
1435015702
1011105586
877089396
1584198485
5510666239
1646492182
817322600
1752378875
5015748790
1211216456
1172983615
750992811
1598066130
851439772
5398836376
2055309746
5869806676
5985435981
182011537
1805609851
2059474493
1518804620
6001717059
1315568898
770957437
2035488330
1321057204
979176036
1606439266
1065336186
45771905
1976120945
1793739121
5444654384
1233984852
719862060
5904088834
1191042385
1458750760
369434821
1024990281
1174413084
801276291
376435507
652863479
974909022
5507556283
2096158938
1279877795
5409629859
1540379602
5884611821
6289008412
1576134202
1503341694
1431826329
1258282339
1228126754
1199507886
1054448184
1756215894
888314769
1995278031
5061602500
1952151270
5073612891
766301733
830408803
5488595500
4719154
1947221565
2047592625
226391258
1838120275
6172816427
5830876020
1425832217
5193747562
1367963721
834864029
968601755
5045931387
5093203366
5268224876
935044011
5485062297
942967742
1845048701
5799161419
5891790199
5230738744
5383494931
1121841496
1081669458
1182341383
888340562
1251025581
1088622358
1768600281
1124661340
5879807576
603082968
1659924897
5558193359
841235133
2026199699
1313559011
5970210133
2103878585
1330074339
6160127901
1003525459
5112163126
5964307343
5525091319
1992111355
1087393371
376502506
1257905013
1787443606
5397540177
1303559889
938129230
714487240
1183931483
1096790521
6070462168
2018944062
2139952505
1321131462
1240816707
5800721165
5542094193
5914290681
1207453621
5950449268
900497391
1617618030
1386805258
5107065275
463833736
2006313358
5611771609
1799488299
1079286296
1244125658
1820970926
1584229093
182513130
5046010567
1006044716
1504231863
2106221273
1198607277
1401997321
1341894364
5094737181
6198462376
1759700102
5653607623
669249192
5031360901
507847671
785422242
5533756651
5086402098
1014152033
352160639
1730141403
5515741508
1195582941
5357290400
5947609285
908333522
2007462001
1414643864
1425580801
6217613373
5689402527
1136143932
5712782667
5920665013
5421357119
980650882
1322267669
1376703448
6065476669
5861202477
782564639
482377163
5591747088
2908190
1595104410
1075481029
6206550512
970214769
5752781775
5169521697
917178603
5622001589
5780752905
1902918754
1730076439
1435424118
5523051893
5857135220
5309358184
1897243333
5850730880
5684726774
6131748468
927203168
5599814867
1623458478
5264116978
1564979812
1993486085
5595463268
6195085413
1309240053
1349790643
1674854540
965997987
1103659290
5704588374
881454854
927748545
1024309521
1939779322
5137150747
1539024679
1247254040
1406822774
1678082083
5314169537
5285562416
1920126463
1143835467
5772645958
703576196
1461474904
1160496322
880968412
5142136542
1008026199
661326610
5484032523
5955697141
1073024730
2099978743
1548534450
5661461746
1199780547
1333635841
1972304557
1046441402
1911070975
1078960687
1913841333
5799613905
5093929903
927422886
1232940615
867672796
1884216643
1386141823
5365338522
1878915687
5407796890
5366178265
6144071901
6114391177
5686782574
5351419525
5251217918
5887948045
5799942190
5516006975
5354410679
1859131616
6027752522
562853851
5988122141
1848852016
1809320359
5556648882
5589476991
921786433
315473678
5366504104
5936052422
5799765057
1865147079
5353747462
5455774084
1912277243
1508283442
2003128342
5893178967
5387240753
6191596274
1886380563
1005987556
1904732240
899721002
1454773787
1996057962
1519908666
5983044231
5109454089
5212054964
5855284055
1618570506
5332551794
5886470874
835731853
1924040063
5567721074
5184332936
1673281037
1860622013
5402505390
1089051181
5033775848
5397491881
1933466409
2007024520
5639760508
5165607609
5037724062
5677569707
1108728692
5121262643
5491659838
1147860985
5697100052
5492686773
2062758604
5113010250
5946693864
5809669264
5439925473
961283859
1029993428
5575885082
1864088329
5195351404
5228794991
5664222680
1346143077
1841254113
5295984583
5526068972
852607812
6277597509
5102534985
5716103704
5473380980
5880345060
5999925008
5154867896
1287718597
5398389588
239766781
1423414179
1779678699
1464190141
130624428
1212452984
6102093517
5424557894
2101080719
5026768060
1921430579
1908490961
987613655
5120913011
1607704065
5118826687
1434982474
991625372
1102578070
5367937586
1976247018
6013915606
1459386858
5520069098
5178423705
5013203713
5876816227
1980712280
1875156094
445964648
764722438
1890812965
5450892897
1717217594
1656605060
562408387
6218750832
5956386173
1844160834
2102306720
854983209
5929162748
1304364417
1085541596
5620718384
6253350596
368838180
1960048345
6045380464
1360068998
168724349
670876898
1496443165
824271279
1921973720
1967721768
924802468
6199845940
5398558773
1391686259
5901646861
964482514
5678450654
505971973
5556103650
1788341794
1408483589
953558927
1201092811
5488197725
2094137079
5541707684
2109200505
5333785472
684683078
922928131
5911999175
1246947234
5686892508
1105541262
1336385057
5037424438
5674272704
5560028103
1370583853
1481247219
1159168917
5890286724
5705888592
1769912682
1457987006
1848896742
5004521276
808620040
5350975209
1897835810
1620192412
5612483527
1323831395
1192974948
1962107687
5527124665
5053516269
865326617
5774847609
5824225558
5900841261
5379442713
5095699564
5095699564
1969079360
5740473710
2022697371
5395244503
5781175338
5080291879
1380184121
2086978648
1840235788
1859213136
1117520889
2040972798
1081925260
1047804643
5349436449
6284899925
5340863838
2142538694
5075963647
5476799037
5159560321
5580908895
1601411415
5201381804
945841699
5376639043
2079194523
1973522900
1479977759
1421527319
5082571222
5213318223
1745316582
5873175926
1983169948
1844618057
1670768835
1498379972
1858825549
1967282015
1446836670
5102788862
1563154930
1814623913
6016906576
2076170373
1390976948
1561157558
1516798648
6176554352
1673762917
5866671204
6076164162
1157466473
5877508745
5216228055
5293365731
1414741863
1566181529
5631539176
5896786023
5806279817
5459346370
1460166522
1882814979
5069240278
2118313367
5074552886
2107868065
5144430496
1095477567
629688700
5523050324
5503927611
5399034049
1312976286
5250734067
1109477989
1265355385
5907301563
5922805692
1435222224
5345443789
2093043490
1552657247
5776101699
1594529608
2077976819
5517427534
1426015259
1732178984
1627897260
1136338274
5075459173
2038699438
125143454
5325799046
5359542713
1885116808
1418662553
1583934589
5094404219
5058159755
5800375902
1514443084
5393530265
1250013308
5497780116
5482511643
5208451085
1816641221
1519058424
5596585941
5154992122
5767863778
1369851558
5209310608
1413289192
1473020395
5432256019
1494193984
5951676492
5090142129
1165089439
1588402901
1963211927
5947813120
2133021574
5978921292
5503110639
1486585457
5671183668
1283223909
1685912234
5390635769
968185315
5875892118
6073301693
5894606278
1532010337
1325428735
1874209617
2100443971
916375250
1394450691
1382095576
5145679892
6174808501
5153613399
5685035465
765253112
1405841593
1136918222
1258588992
215195187
5789534875
5714315639
666619274
5133256958
1795420478
5071721386
1489250777
6099174091
1394964384
1601353806
1429895662
5670567074
5392844105
438124552
1646770410
1895251697
5170984992
1731503950
5743158512
1548656035
1928854164
1813585224
5164394309
5165074445
5879060975
2063468896
5387319181
1093358335
5748162365
1200197703
5268133427
1467034869
5131063757
5079380181
6172189617
5336678356
6247610829
1075573263
1939637805
1535803858
5579732039
1949384358
5147693621
5680456930
5864418758
6250244615
842463450
5508792839
1385279633
1830024471
5207629500
1144117037
5608391202
1140629534
5646173650
5522428146
5739752050
1423249087
1040313272
5347425244
6213544296
1441873022
1492540460
1691198689
1756584241
5797582402
5424340317
5955923491
1411981225
5143773959
1579696098
1769568716
5987070140
583295332
343859358
5115218485
1415724647
1367620764
1840500874
5456129449
5788832734
5152454051
1707183900
6177438475
5450210305
1516031966
5945099793
5252880257
5138446361
5530353223
188551237
1724108537
5849744499
5649516931
725884372
1797609170
5332843267
5389830946
5756652248
5847304996
1750042735
993853001
5845174787
613349969
5012183724
5676230704
2040180843
5764809826
5875381439
941525089
6219143015
5452216691
5161670306
1914367325
974976493
1369380684
5778950234
1538149321
1499862426
927164162
1753358644
5344101058
1454494020
5615466685
2060173474
1412595338
2128927998
1037271728
5183226370
6246469337
1557552032
5303976244
5719893158
5362593054
341667049
1230336057
1316735530
6270863906
638961197
1372658869
5580714528
5711752671
1543752011
2001178331
1365788781
1062863826
5776621464
1954585503
1270538642
1384996776
2098060146
1654087813
1369962358
6080646900
768817333
940333078
1459118293
1399738884
1418986448
5253313018
1445564096
5182159213
5783865540
1354786088
1217849113
1577429288
1179729851
6111999690
1432051283
5967434427
602692581
1833001727
2141663774
575785760
1729029229
5770026018
5866480437
6251381012
1909650027
5068545415
2075309162
1076850516
5588909385
2027758643
1285562034
1814217140
5540210172
1567067635
683443721
5813055083
2015014568
689052177
5374607646
2112362025
1166843175
6056236832
5908358790
1740307457
1486279374
2126782690
6207210494
972241234
1464035331
2074209818
5338607812
5489484776
1499995332
2091127888
5113915178
6296043093
2044705650
1497511837
673399972
1305488331
1446664184
5586311674
2130244152
5913707289
1178722008
671662493
1914082900
1049914036
784662019
706340564
5560979967
991971126
1495812662
1345188118
1931699408
5774174569
5426580621
1279281453
2099015696
6024962749
1206004282
5181235244
1551803903
5341692101
5365608129
6260689816
5391528069
1379938740
5144277811
5488097256
5942470711
1250659157
5935735403
5305989982
6186827575
1861740768
5987633749
920101726
809050417
5002309506
1204791404
6267262646
1473358497
1924773202
5968624311
2104063127
5651199361
1525433170
1287575129
5441825043
1119168189
1200708713
1407683900
5968685846
1708169729
733647377
6179448585
952406651
5188358842
5763590113
5150577519
5663960705
5402459113
295615643
1274391240
5547126302
5878836559
1466078704
1413028451
5034160176
1466685769
5799621012
5710953729
1361329939
1656588787
5749275638
1380282209
1656336457
1125585323
1563034883
6134450360
5036112891
5927489666
842216073
1970127771
5652760520
1312511969
6034292865
755519623
5534715582
5625923583
5058723376
5431743508
429385999
826881679
5210182857
1975837741
2074851788
1909951392
5717871440
1188694147
5541124900
1373868533
1409083646
1835339356
2113276919
5618166350
5425846942
1985877808
1692274980
1633209199
1612606270
1004986592
1620391937
5040370038
2062683128
6099116442
1873576737
1313866367
1890956908
1671301709
1529706364
1492838659
5456681178
1445744960
5321477047
6043113207
1876123064
5732409366
5209273141
5092383034
1315561660
1936451655
2045905059
5668608877
1930880803
1037246413
1922239621
1112100209
5892725471
644260235
5499213399
949456533
350883322
1179598517
5927265152
1655543019
6296699486
5480026723
1642261212
1470997349
1196636285
591419173
849082429
239575092
5979681700
1613327617
1426613704
1458423082
5826928664
1798055217
5313972463
1609632627
6045841281
5112990644
5664556699
6123843053
1771019442
1207808988
1603195146
5347738356
1458528483
5234857852
1660418516
1916376331
1482938361
1688065658
5464191268
5951215069
1866089687
5892651053
1894344432
636589844
5122404796
5424485790
5732542478
5334737051
5397481221
1584678312
1523683074
5821548738
5505878640
5027122155
1977353697
1404754395
5089371538
1662882830
5449072372
6110339869
1330065752
805741052
5546369883
1004923548
5671051140
2025847989
6099415536
941979320
5947626191
5909491727
5308517308
5817527457
1454815491
1579430344
5188666524
1142322267
1655574442
569915306
5013305669
5940024128
5797614137
5239956792
1978796042
5282633378
998790048
1313577046
1030065132
5118192526
1705118948
755071609
1461215580
1492994799
1471944303
2108371481
5798918355
5659309789
5531420565
847928441
1312691570
898159258
5757117448
5885502239
808145397
1969111204
806629059
5295342373
5687514380
2010138298
835329373
1611670790
6070874292
1246742351
5218811809
5266867989
5167685875
5975621892
5237713593
157293643
1830256753
2047748399
1836652176
5033019360
6196430239
6125955221
1125951318
1989365044
2098196141
844849828
2038978093
5084506315
5914051658
5056602006
535517900
6130875926
5580949555
1923853382
5422789671
2116572385
1844818481
5532834302
1983973197
5346495259
1688346560
5324922902
1121152180
5745371641
5245848064
2100097571
1179031535
1471518193
991346868
1730379012
5268638253
5272098307
2050174570
5196568814
6249517784
1514919066
6088998858
1059021636
5316817353
894619521
5031357555
5776384528
6182105007
5061307582
635426073
1589240532
953643021
1224680272
1699284701
5699363001
1827436612
6128628676
6145553302
1782317683
5341531008
5217239356
5573670436
5492966382
5465687058
1136691883
5746837526
5304924093
1623061677
5338676771
5367855773
1920468387
5774657124
1957044741
5724666855
1711563098
960235473
2022952911
1936788301
5023196245
5881200430
5494652927
955908409
1464864394
1667952808
1469589145
1775740732
5895955499
5395884936
6131323405
1442021323
5445893004
5968847468
1798686703
1400969461
5647771125
6215023066
5763024219
1385893546
1848481443
1906707666
679044651
1576981346
5069113351
5475660269
2098297141
2056334665
5359698705
1427819647
5988947213
2099905028
5113034468
2119950561
959157094
1278190931
5977785217
6142814614
2072134232
2115047772
5264830286
5006047196
5333449595
1818951696
5063429153
1546752040
5975834582
1263399084
915966218
5920824853
940923864
5802817941
1434848961
5540601383
5218215164
5943633233
1916468387
2066637649
929437421
959735209
5446472219
1408281258
949120388
5662079010
5025089273
5205843487
5280142553
5269197158
1382595055
5194700718
5041433598
830678895
5365784291
5278808183
1402163171
5707321819
5987585676
1238734253
771796078
5127854420
5493886064
5586760465
5301045732
1958306446
5020577469
5248973874
5782566562
5384386536
5640645286
5077194229
1389635412
5434275575
5376262960
2010942293
1767441106
5080509107
5101551815
1451046394
5246405446
1997129350
5542521112
5826875545
1820645201
1908580325
1422021834
5059622982
1694152147
2004634155
5528522337
5938316556
6083265517
1330553157
5009516354
5691843345
6252430833
5926199702
5063811998
1838983912
5632857814
5128930555
5645439535
5978643369
5550666325
5107119573
5089502951
5527096508
5684758777
5564339177
6222248816
5035340964
1122913995
578963136
5002778145
1879849018
5605770908
5758265733
5415877636
5269722187
5262389328
1435310298
5471584291
5679882056
1607190523
1979032030
2104554278
5150173558
5597930642
2094350458
1344727543
5079293234
1038279497
717842173
1978522314
1283036260
717866709
5103184836
5857138110
5440996562
5037687945
5263813051
1406656577
5536781165
5091877906
1733860172
6166110895
1946910906
5606415554
5100555569
6125128630
1322622405
364281110
5424481910
5677180757
5179287071
5561364109
1510339690
973275059
1762760522
5089408804
5949314917
6238367223
5029657271
5868572309
5594456207
5820733145
1856121772
1274037939
1470900276
5385255612
1859019905
1858621336
1408809009
2114290047
642356667
5825212895
5765270732
5500233636
1942935481
5796529212
1692239524
5072099656
1282855646
1789133291
5821409176
5689964725
1894857806
650176211
1708703920
1497349209
5442339321
2054511664
1004182041
5969932330
836503895
1458095479
5920666058
1362584036
1195586583
828355546
1740144624
154178150
5582800591
5979385701
1167267309
1435754617
1934648119
1537229425
2025836244
906560782
5521021719
168738047
2026137357
5688059968
686656778
1305214517
600307058
857572582
828545680
1485838349
1267411457
5173711363
5015234660
6112220162
6024961024
5412940336
5879540081
1219690577
21223302
5352490422
1584611527
5969819623
895835434
1643283842
5528450429
1149514394
1968629393
5084504563
5280842579
1916229818
5790711744
1399306871
2050692832
6271073742
589663296
1550309319
5627440799
1322434812
1416959193
5548375621
5029763921
2049187138
5913105546
5501424233
5167722874
5303711543
1367456244
5790121096
5918380716
5490607062
5404401463
5172277290
5728738361
5955476089
5534019294
957828702
5963066212
5734526873
1903812666
490683638
1930987
1915445274
5387292232
5491216766
1975735769
1549775518
5358716382
1106767014
5220548326
5904324951
1939100914
2139610083
1875690441
1850559331
746919233
5299950238
5592396417
1946445805
5501376173
5168716107
5218261260
5250493311
2090261518
5253795361
5391159358
5148901345
1911691634
5607606174
5039489222
1205860769
1722463536
1645950697
1365185924
1127121500
5649871538
5317327700
1603522487
1129819441
1515069409
1441346266
5379203556
1596682438
5661966150
5461693092
6025588100
1523518432
5053450886
1575713758
1618969430
6185674107
5181744426
5613752646
5711893419
6024954784
850184256
1565834608
5640587849
1172504769
5984365709
5480974176
5083903343
5559670232
1387915116
5848858242
5350395341
1209515654
1667000229
1678695883
5412131752
1641140572
1499655283
1197988677
1531439191
705361129
1069853256
5041267311
838763073
1415319584
5131551346
327800155
1264131691
183127994
1478888052
993194071
1913333024
1570928839
1881780565
744642267
920408035
1439121326
6110434045
956696436
6107638170
444921147
5644797929
6082000426
2081566176
6169999057
6051712810
5434479068
5230892199
130590848
468107035
5528486321
1158879241
5237054188
5738665134
1690652156
1688489802
1773790242
5717125287
5426657364
6258057498
5472330673
5987892735
5238079086
942246375
1205500564
5126884086
5513108259
5940081235
1153053721
1409844935
5272861499
5189756681
1053706619
1373863628
1823008019
5016287431
1254258414
1108391426
1971942983
1039827651
6055419753
5780226838
5797529942
2083964021
1879837744
5415405621
1158385484
2073796932
1486272454
2142823166
5705296520
1079803368
2105245216
1544429970
5065154042
1315229959
1453328471
5474766482
778344534
2006229965
5388062632
5780892243
1631719112
1972058241
1249545574
1376110282
928624197
5492784341
1925773794
1977481300
75447694
895115908
1289329837
1163358983
5645258937
788761304
1538411604
2089194894
5169575854
1063744189
1110140091
1447982618
6094585632
1915778692
5581066556
1950863875
1406360653
5489091416
5098777410
876513769
1559466407
1877274965
5583070931
1915314225
1575233694
5992908036
1099377858
1004205327
1920681293
1303246687
5423546302
5866710063
1927959619
5543415302
5784035111
5546342449
5304266787
1409485021
5850329272
1787053904
1981112156
5507600985
951099090
5847638261
5816713536
295652141
5422850679
5076252878
2006836324
5624046244
1262006272
928116353
5189551754
5619745191
5235088790
5139099821
1308013745
2062081298
882249474
2094528227
6208811521
5091897301
1218418438
1447167274
1665042241
1995399181
1064897833
496198418
6177385262
5528901323
5472109271
1437150558
6131877001
5319111426
1248418718
5166673200
5461522016
1333688331
5149633624
864025076
1476581244
5593130661
1067333873
5717770579
5628876593
5533542307
5013211339
5823828102
2050007745
399855724
505579157
1668085891
776583038
1099292376
177065032
821097481
1468984398
5839455230
5694895754
511555130
664207702
7123840
1159978507
986049206
971418929
52098528
1237139482
471228476
737964121
859306677
501140490
1621881759
1585082314
5424799103
300397349
350101695
1207277054
172809019
5064144086
521379136
933110231
770788568
478550550
428913539
5096455864
834846485
303498852
575896081
143653673
5440118412
1411720414
708131995
1452656347
140457939
5717944321
989978736
930434650
925969491
628013690
854067753
164121003
1709811688
288497121
211283069
838031333
188720895
705582273
358255682
1823139412
422595563
284764872
912953121
1303885044
636932959
5778942929
1619684348
897437750
5352777070
1709331790
868899711
1153559644
631913384
1208760985
573354025
1290707815
202509186
752584673
1688590461
1573225007
1060269619
166246513
1854476342
801990590
1058476805
6091986455
562369520
159663490
851323429
6249153368
689031030
571078375
363931070
1369048272
5764750661
13907714
316573129
684553861
1180805514
771564862
381017094
849918459
897788820
1073722171
307611505
840075881
663644927
1972944188
5482546249
663274830
1891748213
659408424
5624697292
342255207
929293805
5371378671
698592787
428533280
5404839721
594900237
652879632
1914610747
706731872
789598386
5382734235
727902598
923510073
1668065796
1082017927
289562690
712467532
5697147067
1723025360
593876426
365661771
1194719452
4327124
887264475
411447958
601011173
1055671931
2040392624
1963168709
1273003162
5555060421
1968775815
665309581
1084675554
672886889
6876529
5874634029
818225083
5670738660
998110537
1215148590
305059419
5266236684
5502379691
1383854555
1650122609
732603482
5430261226
5524411472
796354945
442063998
486524621
246366440
5676879914
1387945141
48066522
164178997
6132223078
326312469
1325966812
1209528768
6154969976
688164347
5662551631
1184600017
5125195126
5864779349
1182161097
651899103
1581543362
1025972160
1367511713
1417946424
498492533
1082245617
561158260
1262815658
1126026100
1605990030
5329914285
5359214354
1265498648
1628251433
1336332492
5543097021
1800851121
1797597589
177640931
887875735
1065796288
944183932
5877325569
1053563334
6108548129
2121682053
1019272667
530344599
606180409
2313481
874190455
445239690
731047541
701637606
1332020750
2081163274
5467065443
516739470
836628417
5445285780
5445285780
3794080
1586406503
1404180030
739356857
5470483096
5403037672
1365581324
594566491
725730267
611656501
197910076
415343633
1356969993
320639
994634985
784974071
5635864278
1990626423
1675871185
1012384470
5045182169
300284939
1139811253
5397014091
303012808
145408352
5609100769
5894666643
1852426552
5265088390
699623089
5440916157
1589041892
5782574112
529346472
1867854193
1281541028
6282878727
558101174
1223397545
128950685
974106751
6016139022
5838794935
313342476
936332458
5695479592
5611963472
1360186557
1160604822
1350808822
1321330864
812094305
739266747
625252915
5339241338
1926927507
5438886961
5598369532
964934496
5606815324
1504507564
1115517086
6010163445
1464691004
1460839561
1027761248
5362078803
2011913227
2016880668
874501289
260834637
5685938788
5983801392
5028168064
5744417767
5016822206
1422732653
1333240375
2002240446
167122425
1200349654
1044257190
1463296578
1489198436
2106390151
550958892
1855906632
2012205659
1217701864
1855527115
1431590972
5151175169
770466739
2127161739
1665389064
499908133
2056078857
2122396582
543508680
1871464248
1894169713
5695244354
886891114
427548987
1285656692
5632350489
587288973
1129500154
1850973839
1470329703
5388263829
49461554
1294762021
1953486392
1265369179
1441675798
5565516527
356429147
6147002937
1426190062
1122688185
5964107690
5026481767
757368178
1544927974
10033642
5282750814
2072811345
1263740788
1551238828
5778611341
774549845
717678008
1107986712
685966759
1344878875
5024217984
5024526150
758611874
913635953
5879643705
712870521
729038013
1912376580
986636684
1915460728
1152078436
120605332
142601587
965230357
712322441
124328680
6274487944
5661400966
5252484639
44226258
1676404849
337930967
879539356
5741959825
5081617319
1581621878
5216582178
5656416054
5050153407
1025071211
5514312801
5403607470
5411020278
5654340168
5505754397
1195542689
5967794377
224594826
1206015150
1996710146
1178370871
980285990
951323564
534143328
572681367
1344430795
810380614
948740906
2051571890
1315851971
5172159106
5933431588
5560463831
5835835640
5983853218
1504591409
5625169118
1599258318
1330576565
1849522372
5687271293
5472501977
445697211
5981293588
5297605888
1175148200
788515518
5776163922
5698834963
1314823504
1372451883
841871459
1512912453
980700100
764283434
6097956691
5648766947
5690150986
860594491
1743666893
820681648
5575473080
487489333
1267413323
1970951233
5270718910
1615828483
6072472064
1427667608
1152113556
1397091706
2139973709
5467529313
1837805169
1044760582
6290834938
746987173
694389137
6038630170
1685020009
5652313410
5972831918
5577120523
1530334019
1640255184
1907420756
5458101846
1745110064
1820949194
5654811256
858300732
958110135
2062352808
5241105407
5863219402
1946472423
5796790687
1689669280
2059444336
5687412705
1767536500
5684031825
1250286990
5744373654
6250146112
1847624575
2064676874
1461336279
742883471
200557906
2127871923
6023889558
984472143
5591051134
1637054020
5562388608
6010873472
5692064982
1213926075
5388061071
125947645
5597020313
1734184614
2010759214
1955957096
1658201214
5450882581
992543728
896204003
1826572069
661014780
5717892344
5844510766
6083944641
5275253696
5021585415
1490285341
1414849335
5638842099
2095722766
5933662430
1310323163
5493938435
2104665881
6032026985
5030998117
5874437504
5963648086
5179783494
5460023197
2090314297
6160110239
1426829412
5681450972
6167569608
5433056334
6007099531
5562480575
853403538
5081115568
5891242300
1411085278
2119265379
1602894553
5387423007
904663480
1456898055
2058620994
1479774892
5702859561
1348949172
5812119658
1147169313
458358196
1328242203
4762103
6016209601
1233055720
1254396739
1810690035
2061131954
1480152569
6034910776
6263265273
601322215
2077710731
1190838143
5432575825
839829513
5351854181
1789337010
2136271513
1681057025
5035136637
698409805
5303831643
6079402566
1326905047
1607662792
5647697044
5516339931
1715193676
5647249467
837834681
6147596566
1906160274
5559030505
1868406689
5881979436
1481278689
6169326426
2119442308
1356001053
5861992724
1486897493
1985190418
672406868
5349219894
5108785938
1972117147
5536189275
1103892450
1923654275
5802755257
5052662389
5213624951
652084744
859187210
2039281090
344630824
1072711942
1933705545
1872618361
5849024600
912700329
1608539061
389380762
1215913229
1597005058
1773899217
6265611408
1329015484
1160027622
1213748137
5325826265
1620659760
5519449477
5152921109
5887028692
5699181686
5392176863
1437096501
5042132586
2002970554
5760635073
6198819202
1371400736
1792119619
5796531913
5556908681
5544023852
5427045112
2144394803
1302603806
1577203494
1132105463
929245151
5396493510
643302498
1814040907
1738763239
1950421876
1086553917
1380987880
5351123771
135543662
6225850101
6108243591
6149922033
1170261811
5713135596
5036580178
828577615
1005417467
1658875780
1377077601
1829917872
909217591
1389637111
1874257787
5221384816
1617978305
268045836
5977392719
1496954898
580289966
697275199
5348126907
5416856622
1121940874
1658938558
5796742446
5994372594
1106413527
1795727146
5776962746
5516682463
5242753161
5295166834
1887376772
2136649923
1482556820
1492827712
864582005
1141885174
6147764548
1844858922
5366658365
1917868646
6085891163
5697629917
1440764658
5505662380
5464477681
964882586
5970461453
1429099919
5434748503
1943134996
5049558441
5476367399
5749215065
716793406
5325444748
2067166415
6103250495
6248617936
5693448555
5738943661
5581872973
1201471278
5120225790
1268151579
5243956228
5964610670
1334223792
1387030602
951080583
1881693662
5045554524
5429706756
1283816948
5041907662
5661031418
2006928247
1404782028
5944596351
1811016917
1459867661
6233618533
5519802126
1508594443
5690584096
1832791595
1540433552
6166700908
6080200170
1982321882
2146195224
5301398839
5618319453
1467991340
1117881974
2095653136
1988082737
5614643553
6176692800
945603335
1652396810
327801738
1583315532
2126223602
493596525
1885706067
1579191186
755941823
1264784517
1091333538
5284745350
5604847887
1587440522
1140761164
1924852125
2092999123
2040887712
5174569737
5480854275
1548760472
5742071186
6219967218
1525204352
939618434
5809321865
5114691428
716832627
1405729292
854761485
5111271026
5015366526
5273539680
1396854756
1538583828
2118288811
411995480
5197264093
1699228511
567728706
1364159626
2115594201
1755002783
1460891003
1774439472
914612158
5665030920
1432840209
1428110334
5973486557
895504601
5359465179
1974111967
649525674
5716725394
1101524076
1395206773
682998667
6231463052
5786336054
652241911
2066016091
5320232908
5141957997
5752804035
5545935215
5100925157
931914110
5761239496
5240005514
1733438850
1068062651
1105236771
1163855002
5252844407
5434909394
5338314380
1257421053
1509126492
2113479301
6045582180
1843048230
5140560956
5814107656
5476011228
1125679052
5788562451
5651851850
6169131675
5876079498
1066349056
1082749651
5821144763
5495699827
5569875709
5900060001
1085090272
1842816814
1390117254
5714969352
5081973075
1614644989
5031341065
1474557299
1742053438
1793790647
6134114108
5729786138
1644547926
1995111131
1544014425
902145069
1117492143
930066024
5112845792
1859013758
1737705402
5271383435
1883205950
661687955
5906359246
5722722979
1728903394
1115530405
1621122460
2086484410
1840854888
1327322089
1342931168
1795592787
5294105672
1419802950
5211893778
5513863734
5723741251
5941387090
1678407556
1333817517
2082335399
1892411148
1480020079
1772254261
1992628506
1870081491
1518239948
1867814702
5476840127
5685899940
1996455928
5406392632
2043877924
604838601
5691789550
717309236
1755441874
5944231786
2018608218
1666196633
5652564021
749595222
5334165695
1870933840
5256804375
5683452073
1360312699
1689789971
574778299
1317154492
1337260996
5795822897
1132334591
1119135946
5014709864
5131927431
1377533951
1362111845
1393373340
5089763452
1985642623
5303627017
691022221
5140490303
5524870958
2075886218
5599746612
5594774059
6026971975
1332288514
1974386396
6273593874
5735467401
5423171186
5954325596
1438808322
1654738396
5907706173
1035251608
1976224852
2122515739
1389321593
1456223030
1006119809
5577213918
6211405309
597924656
6220808005
1419383442
2119408437
5939819319
5072402478
1034950691
1835398461
381850040
979339568
5825155012
5780610031
5703313955
5265436271
5574097405
6251051672
5693691718
2143632375
5956940850
5888951643
850995763
5701802105
775815453
5138173627
5672817077
5040333172
6179131231
2144054341
6209203563
5845828779
6151212639
1293000475
5997666274
5953847304
1915082265
1866907038
1872605951
6214417047
871553273
6250366338
5909322098
5079106452
941721170
1412861337
5177348037
1484024965
6293281613
5849235962
5262595472
464680772
2009382046
1007719644
5724165598
6190562139
1996772299
1625912669
5419016196
1831720475
5718129199
5271414527
996245770
5963903639
229325758
5393462231
1789321592
1079889964
1046225589
5779584040
5410988181
1407840915
1511676774
282843196
5138724957
5163853242
1128103954
745595527
5878141823
5174190054
5029323297
5987053476
1831572509
1191637225
5137675921
1030762692
1928124345
5796542508
6045769213
5406206341
1677727865
5535296876
5113327928
5749904383
6122691412
997497539
1606854852
6236898929
5551426374
5914324953
5477729542
1838556541
1602483579
250281105
5547528135
1876975171
515530618
1128078893
1558281139
5723301456
6152334208
1708700815
1830166290
2102634701
1824401625
1714921202
1396804355
1602207684
6114386964
5947613206
228451163
5354779352
1848993842
5336351776
1471815426
1779743935
5115512518
5977713065
1300641298
1027557079
5807519032
2048338729
1475896070
5496637819
1636555196
2059113419
1054035967
1368643885
1767853817
5939012974
5105911912
5053945747
2001100860
1818059009
731627292
1771860311
5066178701
5601267882
1326925499
5680854291
1346849844
1837418882
1117060624
1234085717
5642548730
726365202
1026971259
1978959936
1884846532
1781036500
953788944
1608789892
1013498235
616971328
5905504787
1896958980
875238110
642573130
1002570042
5757130043
5282393146
5586905884
5328400517
1019484924
1596412202
1389733248
5778825653
1299859651
5556985951
655534636
1558593562
1979340913
1292177786
1621938375
6034751970
1821272646
1308631055
1383393926
5615562305
1742996594
556156112
5751520114
1958833683
1181280184
1074677764
1173355023
1830377091
1719276778
1632320836
1028593045
1924829913
1363238647
1686013654
6133239216
1017377016
5887669329
921231006
5181901834
1012260004
5571963910
1085655627
5897237979
1990511211
1202536208
5056894689
1648245173
532330676
1746955904
1413288046
1168450815
1934109786
1821147609
5608954308
1912984794
6177514671
959148344
1970906142
1457415001
1571328421
5604271157
5469787487
1524759148
1317848534
2073511446
5154636942
5430624021
6183390988
1363641333
1380854033
5198623813
1062216884
5557172829
628584932
5703900790
1764944873
1834632496
5531377415
1405847040
5896071410
1808809449
668176129
1256895540
1480986358
5738468820
1792975421
2019855742
951111987
1101679934
948930466
5252990941
1842141354
1427104097
5003973695
1241672103
1719215843
1860934220
1881739323
884968090
1340744513
5730690259
1105729166
953944511
1934974993
1207093964
5309707545
1664624641
5083854728
5440043185
6127030402
6012993998
1377827785
6033035738
5684839360
1054385570
1867333980
5957607088
909415009
2012285137
963548389
6276248127
1755623709
356566047
6070496025
1277463360
465315639
1975839867
2034587526
5195728093
2037230771
1484633492
5058176774
5515002838
647971113
1103259572
1029841720
1100035411
977471051
1013705610
1439344417
5145408978
1190886062
5810052665
5770612195
1498177748
5906302786
5558436021
5677225905
1713593361
2127238961
1986727566
1712898542
867909787
1233609381
883185971
1016940900
1011816511
1478451900
557425751
1720581059
635668593
6141579128
1307268221
2007288136
1595999087
1981107833
1752166169
5162381734
1262983259
867238335
1760066893
1475980596
5459074845
5189210376
1134370327
2003927753
1132528936
589378763
5263899337
1973666680
1430988462
728287592
6089815342
5945078200
1871091157
1564175923
755154841
1972620360
760495488
5482046860
1769279740
5793810383
1023447295
5999509665
1527922889
6156904931
1537136820
1011043718
6143303386
793948693
1198243336
1481698918
164725777
5793424441
1654524412
1237528530
1464556411
5709624280
1226451175
1217777357
5072136057
1429152777
5453057266
1474863111
1305065730
5290705902
1317069952
1729005433
5964180032
1350923907
2038258945
6288841596
1094849916
1690400145
1798432376
893184958
1468569929
1674587541
5255072310
1063770707
1035237745
1396324822
1848159937
1427065364
1181637287
564082935
2067557623
1576115476
5180390810
1415501509
2120171327
1253379629
5405413576
1542526806
5339226213
6181710161
5076275839
1615939726
598663468
5335417755
1250032918
5138987401
5137599442
5843303681
1400756108
6260372602
1253144281
5963122546
2060696022
1091362650
1023855847
1995529735
1690423153
1223838643
1373263357
5500915049
1370879410
736212164
1155115330
653221363
898130193
1954807280
885888745
5599424349
1255125026
5513888407
1440514269
5231622197
58054372
5197799703
6232546485
5417166521
5584276669
731541682
1110628907
918687987
5809559973
830876964
743978710
5484862707
1004397839
1793084361
1335416308
2025545092
1197136784
1422834652
772750609
1924923220
1909882036
562570867
1920426838
1344081204
1030075291
6046865244
2051255578
5649219130
1474699935
6051559865
1105648861
484979129
855153484
1999871134
903748240
1395848002
1060980367
1000578119
1213624098
5604320455
1645628523
1793020979
1787594007
1462436979
5050221605
5832863203
5815276161
5713965503
5852744013
1150392865
5098774610
1751100257
5204552804
5091869335
1122542102
656438111
5134058305
1139893796
1092024514
5317299327
5565102524
5188877485
5633706836
5061681710
5685149660
5504645274
5258773426
5773411449
2105848822
5088308218
1370107382
5036201596
5981891249
863027742
1474155052
1098339058
5959313842
1818427896
1965868568
1178226675
1364348331
5764254936
939324341
5225454691
1589998052
6205325753
1405893380
1262232588
6065403769
1606465663
1960528442
917188706
1834187076
372018350
780403770
5908217231
5568406186
2056248022
1524111131
371908589
5804812813
822969318
1364908044
6173237002
6274672770
1981052110
5023836730
1835219263
986708121
1448915643
6126911297
5381415185
632662625
1915202789
932604513
2084928132
5836146062
841039161
6129859764
1342312470
912387255
566736727
1208445807
2065661050
5430761039
5234605264
5030806935
5491076117
5055880187
1378695485
5047112078
5927323882
1699520862
1078149451
1248534490
6264836725
1353150394
701615100
5502035387
5917426361
5440360684
1236675868
2117332888
5072376683
5394110561
693966920
1050959732
641169193
1086229225
836550500
1795262465
1944334670
1476962123
5054609539
5171934524
1070639720
6230338409
1957970371
1991396482
1319468217
5279042128
5739115980
1981221720
1361148686
1329551285
5743129786
5263095117
1313164439
5929303461
1771190106
1778918796
932383661
5634088572
6264259852
5197245420
5193241719
808884301
1761123015
5478263559
1558897269
5473107781
1197740119
755867615
5267327169
1291995397
5830058567
5558309492
5932667401
5984878754
5925622294
5612394908
5385513340
5144277379
5389652592
916525962
6009127434
2140079093
1828847384
2004735796
5205026033
726838795
5215314182
5400847799
5397710632
5010030145
1642374623
5808451276
193723709
1009345647
2102160704
5701456744
1267846577
1774981954
1774522793
1143672632
5120874165
2095619191
6009222031
703232741
1226291887
5646552127
1962237623
1729404503
6271426441
1497985017
6019998891
5070173200
5253047194
5104414998
5220201134
1481419910
2135257352
1543424630
5058796598
5992032103
1062930857
5944173454
5855211442
5335337620
593825664
1865061368
5443458246
1550697097
1312461155
6100959964
1976330087
1457208313
6034591186
1489648898
5057826822
5464658223
5862016705
1837173313
5770517384
833759612
2076702047
1927574890
1962350658
676240145
5859576017
6214179049
1088182547
5530357700
616247105
1696532698
1071719791
6249329222
5291387157
6087149738
1399896979
1194354016
5362916835
5738449969
1075769349
846287224
5390472602
1570209938
1455470410
5243933525
1990164813
5096059035
1018778591
2050907150
5303665113
5751577768
1900829904
1092286917
1835175890
1992082967
705439707
1860822758
1409074607
1417369644
1219880768
1818195437
962779100
1393027308
1810558611
5588621553
2118520644
1357349029
944682813
737691282
5568150332
1328470073
1774236504
5126318308
720754136
1053444257
1193807326
5659396761
5390704967
6047598916
882088161
5597840319
5979870640
998541178
6152518771
1322860202
2117716152
1777747078
658113795
5346224092
5569272656
5053310691
2004603958
5211817993
2050744572
5080888613
1931828535
2031443031
402865892
1298912024
498547992
5627248546
5884031792
1861388043
1427965964
1684778701
6045679024
744900062
1252969863
669215085
5682617784
2016564204
5321051925
5605054508
1117486876
5130784874
873359232
490863838
5945845295
1741516972
1800201374
6231105035
1811268809
5304821799
5995438866
1093738876
6166879447
5363192688
1135274122
1464418930
1009174299
5638515147
1651737357
5769740362
1797660230
5136956004
617783340
2125684394
874162946
5068690562
1780378340
5829823577
1584191434
5534786008
6281104214
1346035916
5041794472
1037493581
1877341322
5254236669
6137413428
5773507984
1963561473
1959024988
1331120641
5183521059
1162030504
1964288420
1835260310
5759851040
968371119
1144802989
6243536166
6242806593
6150077018
1338825311
1057647029
6153929455
1742115359
5696939759
800904114
833560375
373297170
1998104895
1662092653
579713949
5774590593
6252353765
1714799424
5421639763
1449135089
5602782798
5091980858
1898766432
5686746790
5409977340
524043558
689906178
1411783082
1222792251
2059096070
290910860
1017508806
1702977868
5194247549
5882808084
1338825197
5031703733
1497199247
1639722004
6042744589
1367474799
5241700318
1155924686
1112367024
1057249980
1243713383
5572028654
5649524357
1920427764
5194813923
1035560456
1869780263
1470146701
5046480289
5080693153
5306376341
5169223413
5030116049
1885765921
5581410108
1251528696
1183378025
5216690357
5527713470
1390313850
5463254609
1166617287
1428150127
1111495265
1934506305
5122057015
5319247080
5137254316
1438346262
877226717
1280959913
1069469559
1374471881
1374471881
835515673
1713229962
1210176989
5466253339
1119261720
990452313
460314646
1732633757
1093813211
5533384710
1089547146
1561957797
1018014834
1917701342
5261364970
1767751515
1731113899
1302496216
5450087977
5541150677
5990345174
5533668622
1314228768
1968901837
6031631874
2011220099
5662428781
569300480
1384185065
5380988748
1537103818
5470428710
973666691
1389692947
5915148156
5916582408
682303735
5498187586
606688079
6125895282
2022857498
5274787850
1319400497
1700075964
1175154696
1900191316
1607645054
1181578943
5950134848
1284336839
5977809611
1778941208
677514499
1906075308
943522092
833014984
5273396266
1863554130
5794704171
5195962640
5535443964
1440735679
1707392411
5871723310
5788013891
1335583974
1919404050
5061062794
1551947369
2137198217
1481241890
6202803952
1698810710
1201778712
5444607274
5252867861
388576068
5465120842
953386702
2127873421
482456653
5773509353
1632403289
6137029450
5246527114
1285165033
694438281
6191054404
1061127017
2094982027
1990702211
1878276091
1923006371
5831812228
5808353871
5548320080
5293014142
1439653749
5312220046
1747228170
1710701981
5091031621
1472549875
5085044039
1771396450
1750761905
1252143863
5246942423
1005198413
1277267507
5505907138
1683369052
1603587201
5380479101
1066241620
1612811670
1928789143
384971699
1542836278
1283637109
1606775418
5236174101
5638884709
730694922
2023949088
5487201485
1419429641
5893481614
728963366
5215129577
5072864131
1738616028
6279642842
5157764311
1965931602
5454608087
2027268138
5641901069
1562669465
892269696
1127336545
5470760936
6022274937
5271451331
1054790513
1479711545
1713769220
6261098100
1856649745
5972975536
1604271664
823363369
388801111
5109469712
1055846264
1992485155
912393816
6119371364
1387859402
5559299393
1310951385
5881116746
2131891278
5763570959
1803775658
2011681835
5417003257
5112270493
678962290
1383430077
5751226924
1317057718
2002229232
5317017196
1980140105
1366424660
6255032302
5544317755
1268988647
1804923873
1703929642
5625200314
2070718923
1965727187
5420287164
2004731921
1866533550
822957679
5104570053
1483496023
2042948546
5780210534
965892489
799599483
5195147479
1159089309
5829525266
5499696153
5251978616
1069009455
5036023283
5394297106
1633054077
1865335433
1690235365
505849123
5242493283
5053962694
5661065552
5799716510
5803771159
5675844870
5594060301
5373661858
6207506035
5060534796
5128224812
5456451928
5319702431
1445758960
904048129
5352764196
1896537401
1735382386
5166779573
6126306752
1467003628
150874001
5563069581
1745347937
5517681575
1724450001
5516513846
1302516084
1660629471
5680458738
5642917046
1224965713
1601519128
761940953
5714434635
6004409558
945604433
954161824
1479563477
1935077356
675249016
1319584454
5183175407
1793160981
2110301822
5541474259
5236469976
1684611206
2043650408
958393243
5813610380
5252294965
1471433189
6098908761
5225997880
5086938352
442084276
808533385
1723994317
1581596667
1586317222
1295742612
5927327414
857014664
2014904308
5925489787
514042540
865863399
2040168087
6011528113
5556190944
943602274
6141726062
1445632498
5240964893
5658723574
5268757723
657596037
1287437581
5750744130
5774692655
5833327413
6184263649
1267234005
5566991100
6040991827
5075286423
963463810
5474320317
5622267411
5498822485
1934229982
1648862392
6202292338
5675433276
5070841915
937194365
1467703047
1288461746
5630122058
1256035938
5584156067
1449252729
5524999517
1333755463
5184969573
1763801081
2069896374
2103421927
2024321810
5595990393
1303289943
1709498325
1580493676
5989951665
5340456047
1043325244
1372379402
1104877531
5593924914
5453421454
1561891942
5490539124
848439432
6229637041
1045525992
1466501271
1445015539
5756857641
1646612377
5405586991
1466967050
984644158
825643494
5464526121
1394001975
1988031088
5909440290
1776001746
711759035
1438977718
2076041804
1738445771
958318173
1874146528
1452523960
1020827118
5850388256
5264061764
1017553509
5576187337
5882278748
1452096834
5169421921
1012366470
2071092321
792109883
2055403238
5135190561
1011698611
1141561872
5243853302
2047182004
5684472763
1275198787
1245524454
643616792
967363530
1568955293
6259140140
1651954396
693499360
1116434944
1924560378
5694364428
241034808
5796929603
5565858213
81170964
1913806284
1413921511
5880485944
2025564514
6213534112
5770167101
5274506773
5924994636
701468687
1198455867
5134057551
5514355094
502945765
689914182
1140678475
1418023195
790778302
5387962133
1939825102
5845622307
5077353412
995848075
5083525303
1748732274
5412589897
801103802
1259739297
1917310688
5432649757
6139107757
5081536167
5708001284
1323820067
1800382458
2088788919
1461334769
1651426013
6177531449
1666860195
1200376236
5111556288
890123992
881419890
1272175776
1996275415
576947424
1060239175
5086675841
817299045
1462247659
5375038413
1745699498
124189551
1567033054
1009438864
1215789292
1244441921
750303894
5728988743
6278147123
1786736387
267033789
2078824674
1998464771
1026971207
1990515819
5533909461
835594341
5457462369
1774341419
949084328
5708537966
2117717099
1449918067
1584216138
1749061506
2048914335
1705980603
5111048865
1459629366
5972393383
929112145
1268746112
1152700610
5320826306
633629926
5439124533
1660532199
1191905656
5204622788
1919764359
845673991
1595713740
980172679
6233335102
761290764
5502831349
1447727299
5012709129
5384674629
1788955026
1772267697
1407251324
1412650096
5434376540
1490339140
1645961300
5714471033
6181306773
1302938619
635219868
5434660223
5614058867
1649180753
1156459012
5785380245
1832536578
1908169642
5424097443
5541707889
1070303055
1801458597
2042960887
6255858781
5604563053
977662095
1166851214
5490846732
1008655342
6077962780
1656361878
5457089601
5273929336
5350567008
1254032768
2063666260
2098468831
915909031
2007611727
2084605069
1410636635
6144840379
1402013123
1363727639
688258867
6128470548
1072928171
1406470477
5232195990
1994811398
914420237
1232665525
1901127849
5704181411
754665520
5380964658
1240519596
6001253120
5674922866
1637985743
5043246573
6273436829
1414896839
5384642247
1595054296
1268897094
5070898641
1824557894
5495486353
675289136
5306320938
5304081096
782075380
1990504563
5751217653
5877895239
1314066258
5342741970
1696215925
1549049671
2024506874
1150988360
1171378377
1279799527
648113352
1911261659
5339183162
5401461004
5295630581
1335973485
5361860569
806917253
1508386857
5265857175
1753798609
5095001437
5012948579
2135130238
6271529885
1485347400
5156929559
5508818952
1770618547
5213292119
939942987
489950202
1406128250
2139616700
1402870660
1372178934
5038136084
5011737035
720207143
1016976055
1858783550
6095402233
2113834603
5396494357
1168314793
5733116258
590264734
1339828307
1394803076
983214701
6105958252
5234290636
5536595701
5807898886
5697286073
1639807248
5641389488
2004056708
1636733759
5143351617
5335906834
836447651
1144944370
5607492788
5472675705
5615634740
1646144549
5297559923
1106019248
1791869561
435262806
2106081922
1724290052
5091840695
729388900
6047358003
2121222087
5536986037
1331163135
1599355316
5517580685
5725830140
2135965469
5206737563
5217987432
5660914594
6079022179
5163558273
1043775497
740483765
5646950269
1473073739
474372529
1483348519
5018858688
352224272
1114752346
5370973426
5876021402
5980852262
5101156193
1304030579
5646095876
1225630349
1411387568
5001861439
6184068546
1125661615
894545784
6278614357
5399290697
2002159203
1454316722
1998025118
1087698138
2063657217
1041698754
388348831
879394941
1632919928
5875534265
5881387250
1532558273
5781946338
5650542849
5870566270
5141196769
5349752202
1666296030
922126753
1854199341
1071961669
1869414419
1211264040
5526104495
6003077505
2078430332
5065371925
5995077293
6231104553
1127037061
2076895735
2007000787
5472610808
5063691078
1528895124
546881017
5651055724
5950944843
929882656
788927102
954975096
996760069
5815392508
1110677653
1875030894
1067521614
1943575323
1832787148
5544388263
5930301460
5909977686
1954125262
1260908814
807273562
1037073021
5904751348
1385387465
1252096929
809396098
166936825
1091780389
5306743548
1725857060
6127782654
1307832813
1292790484
1445143676
5938164411
2130452472
1461395175
5514670617
701176246
630571459
1372391993
5828280818
5513083827
650636108
641746614
1026717632
1997901585
6170258816
884401867
1307627606
1545295044
749822376
864478287
6248267995
851897383
1213573341
1942338408
5004895124
5094032593
5998415167
892087232
5195300431
1580885432
5137392253
5478784711
7488078
5171299993
6276796900
5901277172
5284488662
904305432
2111111581
5968600701
5591403910
1645377123
5001461013
5986976324
965779810
1275918152
881214532
911236386
5190472414
1800434464
940999362
5485248163
1135337457
6059334777
896230106
5878416039
1498059686
2105906701
6080945983
5782631280
843099078
819666091
1955143956
995901715
1805246490
1440566083
1052127970
1852810547
1143704438
896414093
1087513006
612009999
5379704926
573546373
1324323462
5783331099
6051706745
1866586252
5013410785
2053364297
790714099
1686046964
5651249824
1082709415
1358893507
1090802483
1329581889
1664505282
6035139040
1999846086
1357078401
5555196720
5141682998
1496641291
1185031454
5383733437
5897256435
5527659598
5355905333
940189052
5261561563
769918528
5453659957
5506964873
2072527693
1138603722
1094306999
1824653534
2025950536
1948141792
5053610288
5198434821
1343349073
1623226135
1350512152
921027782
1202396927
1352110946
5736696820
680422744
1275493224
1936047143
1361989094
6024165290
2016645224
1491554667
1803572342
1713912749
5101923777
707275496
5078626997
5002677808
678478731
5039557491
161418079
856342441
1672880878
1966590765
1509582632
6259330281
5729998394
1888334977
1496175497
510733808
6087113966
5369292320
5427979033
1939177918
513056311
5126929236
1582076852
1363634560
5304769753
5355798087
5179635041
5401997385
5462646924
5692578284
6211322716
5056514442
1329306334
1808821615
1125156470
1997766209
5867166767
5224477445
5844354907
1900503415
5861086541
698249102
1837075983
5009272506
1426289793
2099848017
1821502580
5557218001
1927078009
5700107874
1462030659
5760444645
5220468536
5612661590
1872101359
1056690271
5171696186
1199595611
5673843934
5977736934
2033052722
1418132994
1361688467
1483370913
6113124670
5088523136
5387625902
5433658642
1481013500
895196907
1802447038
1960596544
5024262697
1202861325
5422582226
1245419224
5777914627
6084081020
5620617230
772561704
5085224235
5118330944
1903293845
5528148066
1969516721
5214840393
1611103994
948522353
1928766377
5251444129
1496638284
868160832
5828770955
5175014053
900038894
1834616369
2030727511
1072003478
1405897361
1102754181
5445155575
470500478
6258514190
2047416022
5235940422
644757887
5651141486
5723648348
5499767070
1446406131
6161635998
1458077665
1377782435
1045089711
1394937551
1117300271
1374087879
5283721172
1776547419
849336078
1430528465
1109005252
5574922006
5642478053
1258288937
5509903660
5888229899
2140835923
5868289604
1688213387
5915867299
5450634860
5547447833
1707495123
5067017251
623117012
6101385594
1762401972
5100786840
6248809178
1951484871
1211151498
1986707974
1912848822
5113361275
5019699884
1035751834
1418550055
1495084992
6093836876
2018584717
5294929651
5825335581
1962095636
5098528470
1916204028
739303931
6193739496
1434565235
1720347284
1894741650
1737349212
436479724
1669806708
489500533
5625393926
1049453656
1466516388
5506968717
808085941
5232408091
5778577623
5950738554
6132381429
1445241338
1335972489
1290257108
1698632184
2121487656
5837445103
1350597016
953745769
5415048635
5619530672
1429282083
5680615232
1681389342
5520661186
1345046983
1612672646
5967391907
2083177966
5389916783
905430625
1262046316
1952864950
5045030418
2116267516
1366924605
533578525
1946037665
5288828706
1967865619
853310487
5968986044
1231082993
5007302544
1124594144
1194566944
975160840
1175640713
5209949828
1411507081
2052975573
1931606086
6079513446
586083166
873861365
1469737271
1649694187
5557379549
5523675578
5444416600
1719886449
5661148349
1282222052
5320007432
994875966
147546914
778336181
1822720844
2052039205
5408684124
5401229592
5578338531
5638869604
5998942868
2141392574
1825772276
433853229
1814024022
1751827781
1875659274
5776071578
1437579032
5574049301
5909436594
5039452913
6217331044
2018965015
1273685296
1796959117
5438964521
966870884
1792524920
5691097537
1394624163
1957230313
5314857019
1414905640
5183737958
1289222277
5667411669
5010651426
5795556111
1311772194
1369751095
2129380462
1479978009
5325502006
5573709848
1827079366
5630271125
1463257571
1427006515
680758498
1996366716
5766773394
1035696370
1208712726
1792906506
1430128264
2033279775
1335222508
2145848693
1954935785
731349233
1667591880
1152978495
1091906448
5067703600
5940323843
5957099991
5926631201
1669526661
5147337625
1289075113
5000903823
5166555982
5588110545
1976551821
5787480756
805625822
343316709
5674943479
1393818317
5722006539
1206060766
5229185964
5168704500
5743118205
5778825152
774298407
5944847689
1332397673
1850827190
5855284547
2054814877
1984900838
928332606
6113060351
6271065873
6033660906
1068493614
417026237
670774019
579549477
905382937
423267675
1159881566
5406975565
1277962013
465029818
1204169964
1094680074
5768295637
459014725
5719328955
644232744
460017147
851731236
647473426
1070351826
5768949143
5701360398
690093519
1926155181
1224421466
5552068192
1064148779
1798691069
1291937029
908837695
6035616723
5862647934
1287103028
1780374288
5125826310
2100199496
5974209100
1932771810
1729594390
1365123244
1472118637
6251912120
5621469881
779488509
998606927
1423213375
1681529039
978637511
5263388723
1647258460
1589363257
5287627427
2060080247
859370117
6215183960
132123264
1440464488
337487556
5753406427
5061479861
5012755414
1732519064
5583520683
938685396
5322404748
1366978819
5656862131
1013729808
5388488273
6112883609
5589751575
517614386
1152551977
848742282
6197037495
297447260
5778924961
2105495294
5752349279
1617766568
1934552554
5965980594
5020419599
5785487769
5822028246
1943746868
1332973198
5512231991
5230148313
1979161477
6098102416
800782957
5697985444
6086026788
6230653890
1089441045
825610125
5014843888
5309480032
619946692
1952210729
6283693392
6196034377
1128403753
5153260504
767190734
1288592890
5092826176
1593850880
1416093864
1469664859
831472075
983709686
5692500414
472441528
1474717412
626801052
6011376370
1855923309
5101721906
5689807990
5908072987
1883818845
1363743402
6291577312
6257443276
6256190850
1764618691
5329343800
6179680117
5249455659
1647145352
1342037361
1387182269
1870408949
1994126520
2100615540
1636479667
1601501673
422341227
1082780786
5013854679
1423054459
1528137795
922792266
1893810308
5543049684
1964554877
1499208134
1659480720
2136514919
1300552499
2074423341
5860516968
6118510348
5047450363
2132586071
1179316194
6265591412
6282380177
5573659447
5447572344
1499328684
5736497625
5512730914
5575253166
5045642017
6277285523
5536713699
5216609610
1315076260
1729905357
5940196492
6105410074
5028256612
1260160315
893466438
5465151139
5977554949
6166144368
637646994
5995514635
5111995459
5494636904
5854488367
5764302868
1556381292
5563707818
2035186262
2141593416
5397178627
5942335180
5649564939
6075670644
5730069412
6234550787
6078854157
5089371308
320844584
5577078945
5997960292
137414126
6214201380
2012250177
5241608256
5367377775
1410929997
5187655143
1941341230
5679866660
1081744391
5223473746
5719253349
1360631781
6112366961
6015888341
6181251896
1835367024
5665289711
1836150524
5849333811
1986954788
5657742054
695805947
5640941081
980179822
1117254317
1438594088
1062009200
315336885
5112579613
5718273554
5416238942
1845497605
897418180
5817383002
2108089913
5727795425
5583099803
5562548744
5666493102
5162440357
1896040417
5000906243
5892374077
2110500888
5625572186
520942165
1315204902
6070636984
1380715935
5718442011
878142227
782416561
2107377600
1613257931
1403393877
952788232
5626760576
5476167148
1297999333
1561616272
1114072511
6122154078
5050588311
5347983565
5715641746
5679463546
840328807
2068182185
656456021
954622438
6197549543
5079249196
1355586582
1337398452
5361791624
6028502334
1038468932
6144680818
6002485254
5359474024
1186344899
1351544228
5053945334
5748985068
5746703846
6193323722
1556994131
5566749701
5946747526
5549439516
1079262425
5736874928
1770339153
5599038014
6267328484
5433137582
1958026469
1855089240
657977551
871357619
1902991173
6190288139
5661387121
182326903
5495524921
5664270375
5062136774
5519915926
1834368251
5973072355
6083352959
785393161
1790621675
2022180863
1385103426
1851545451
5560122133
5413022987
6245321484
6192125053
5791813737
603317430
1551659159
1990659715
6016851008
6115598034
6115598034
7629528
6275325086
5787024693
1973137951
5273618734
655204958
5780185954
5542199612
5003023764
1986142887
896799467
1156470521
5290583827
5137793501
5652524635
1317517244
2064339716
5503534044
5008534149
5767407750
5524779298
2077268210
5329363417
254653284
5695211086
1630620911
6197529605
1144515249
2045593138
5041081049
1456049639
1945305559
5579426695
1443459475
5863661268
5584009419
5306186142
5511132584
5747285363
6129712192
5417571575
1163750591
5268275096
1293069644
258199787
1137149316
1002004108
5688999956
1400886209
6177877239
1675727519
1860765896
5603740315
1454956403
1452935556
5092744898
5773987373
1664915054
5246171100
1265743938
2087970555
1925332559
6107278888
1492909079
2022626530
1994059782
5277953484
5336188893
5869366062
1324634675
5503254168
1478880875
6168146556
1146217525
906329245
5555809485
5957852666
5935826858
5132874020
5225334914
1240679677
5107217785
938503382
5835927800
1726043676
2072399406
2040890359
1051495423
5647576209
1501146051
1407073760
6019267887
5830658531
1504091101
5591544825
5968674879
5254756639
5507476388
5994169485
1328262059
5041705086
6184405460
1103539864
6061728794
1983745803
5990165583
306995198
5471777291
1476132200
1442816326
6048361613
1295253492
6239927900
1258497604
2050382265
5904986501
5093734508
5682982019
5856417382
6207560958
1413536576
1952407839
1713578886
5502656247
2112729702
2097295379
5170999833
1070772200
5668705753
950167304
611710495
1665895358
5162415956
1700865269
1603740350
5374955089
5471193311
2145756323
943308409
5699965225
5173270019
138443539
5355587422
831136712
5640764371
5303670991
5801051675
5400067123
6289340350
5415050206
5766578641
5738178499
5378857020
1972406593
5784065272
1609990512
5064323562
2016646521
2031494552
1818738023
1324227953
995719912
1371483439
1932215006
5994424050
6054793942
6124356893
631758334
1044013384
1714894302
783411441
5437881652
5372279806
960771274
5862929726
5373548685
1671839271
5235359759
5941215367
891760996
1382541611
1850166283
1066666395
943900064
5832728722
1299436271
5863674581
824408629
1869292729
746342062
1402030406
1412064865
888364103
5036650891
5125775557
1909188784
5015535164
5337294122
1984269999
6202341311
5770118078
5663681496
5824700277
5044923927
5070807133
1947289715
1478870036
5886490050
5202201919
1254937099
5715772846
5866528786
5523363712
5796586946
1647864561
5658332466
352903093
1630179808
5137638170
2053585400
685926050
1147977790
5260959216
5765831254
1135898555
1235810089
5923425409
1675027565
5807963152
1419707641
5483217410
5202976959
5526408297
5734012968
5960336373
5259841006
690512714
6142285093
5383704972
6002789761
1523670442
5875799509
1291212960
842262529
1408647147
5526854856
6196565903
1973567214
1125819689
1116131157
678147928
1878986669
5919883167
5974083667
903232468
6154694161
1693450882
1439727452
5762150754
5520460118
5584787954
5440502026
6169280355
2039266683
5319364751
5581739477
5736680172
1591389466
5946296208
5795204301
942758749
1945812096
1492321660
1211699042
6256076314
1187475110
1309384767
5332577457
6233101591
1218933547
6217843456
1532941192
1775485740
1816625556
5134143224
1591600393
1758544217
6127615432
799263386
6071424557
6215195395
1210523328
5201232271
1988607107
2043009116
1480116329
5433606621
5811369083
5259437185
883612593
6270986026
1438653408
1309582777
1316390487
2124941189
5903519856
1062341126
6260153031
1307036086
5126306306
5856753775
886880637
1840093235
5943283286
5053326070
2019042578
5955033548
6050798305
5828896224
816798986
5117025517
5268904880
961671179
1382058815
6249081693
1341973399
6109897755
871327048
1293343746
5003610167
5965580619
5920792692
5311269250
2078420462
1855537714
1479932912
5374190504
991588386
1789977607
1453618252
1224973063
869814133
613333988
5994466594
2007394568
5560431188
1951551285
1837219221
5994645810
5403313997
1041186126
1596638014
5889495445
1117353788
1750623848
5868997557
5080222945
6161654492
5795891892
669484091
5584610528
5386375064
5111038092
1850330227
5034845710
5272616198
1992004615
5444955779
5870925831
1278743816
926211023
5918988858
1769738611
5237122636
5575466212
1472587677
1114910669
6012642148
1422922531
1088964730
5379192207
5482358269
2049691381
5383400374
5359152322
1767071276
6152369769
947836748
5788245051
989683171
5862546352
5135374505
929604543
2110250094
1794933593
1482246404
5016511475
727817308
590329210
5403217928
5669266472
5176106325
6189877009
1771435577
1675591263
5273019217
6047818757
5255570223
5185988975
5079355281
1998885882
1472321506
1666595045
5454283753
1433932073
1842706636
5476183670
6214390028
5483047959
5784602942
5696996623
900752061
2030747779
5939920006
1236582041
5970537477
6240374808
1640706237
1797318089
5873815969
5331904271
1261754645
5857813066
5485699214
1260933006
1007070860
5843663900
5102352054
706082287
5619530268
5637852228
1786320597
2031016760
1554038978
2146894611
1273637627
2098709235
1540542405
5884272057
1676707209
977703716
5248448264
5080279789
5615412495
1447042313
1392826401
1441462653
1194755381
1338407247
1903286263
5614204121
6214667972
874454651
1166368470
5383164757
2031979212
5634970828
1773925443
1997772691
5180529215
6223006920
1067354202
1356758802
1348410489
250124208
2120826313
1423603609
5372855325
5168577053
5264972946
1036137251
5823240588
1585606824
1434571252
1140355293
1538859929
2008153962
5853766313
5765664444
1099610276
1397008232
1282155353
5969702486
1284998003
1404300994
1982449150
5764371073
5430466784
1425657437
1443888911
5434425605
6094300816
6277817942
5097267501
1052454253
1427491946
1896674115
5032328389
5819374413
5028402043
5362325916
1721797973
1677636976
741793596
5872865653
1281632542
1461091545
5410226320
6196454948
1793154514
5644480553
6143426977
5846397307
5420777744
1500552564
5733072542
1415089901
835818262
5341018082
5431724012
1403435128
5165577486
958510053
5661400303
5500162633
1867962301
5677374124
1739921355
1897426118
5800232492
1345733855
5189342575
5474521254
1812961181
5307162529
5469427530
735637066
735637066
5919772392
5486354267
5726817763
6240262276
1666221212
5421241876
5373206083
994122338
2116216727
5436737222
5955548755
5655884850
6018222142
6269654767
1987329415
1050734743
1984953610
1638213435
1280088288
1511880691
1464552820
900463650
442264695
1087936383
5422577439
6112321986
5671642451
5180056887
1344163668
5386672791
6243048163
1669048457
5302966600
1286900237
6062385045
5274341914
5797626554
1475935049
5982064309
5792915331
1817421332
5323574198
1923604186
5618552339
1476022086
5643450237
843019570
5494869198
1251518996
1227599532
5639600994
682802878
1044547782
593104753
2118423154
5499005174
5664105858
5487655889
849154170
1002160009
5458846254
5380814404
5402304455
5981101022
5632513172
5405141718
1248825967
5594586131
5920764114
2094898930
5211349823
900261919
1178856063
1480961183
5353118927
1322597769
5605604624
5815599777
1725096894
1695488371
2051241955
5789989215
5444869058
1357913034
1639876043
957537919
1552798649
1951180189
1283397889
1956201542
1032773771
1523381561
5383152704
1652539878
6153402303
5004828410
1204704890
5994431066
1442030193
1771298980
1989980010
1873921606
1884799418
1838469824
5117232651
897005438
1378511753
5479755867
573185109
1091508362
1317202321
5081353383
5980968550
5884454218
1933983792
5742954080
5904445367
5777184969
1134583679
5474003703
772918517
5713522518
5393292240
1223695492
5505163271
6119415859
5698531009
5211380131
965334886
5428731825
1457548738
1131894223
5834072015
5568422930
1952438807
1244505001
5133414029
6113765379
635437034
1439495391
1738870756
5837110985
5784507710
5225596927
5961654299
1661907967
5227147688
1618084396
770896326
1892673567
5506306550
1810076899
1175845109
5712067539
6004487377
1424640349
1442533937
2061011724
1920863666
1838083107
5203600741
5748235498
6187063277
5507385540
5629138143
5316326767
1915612001
1264857117
5512066109
5526856883
5749184294
6103332337
1433515503
5569974913
5507442185
1731715361
5671427766
6294363562
6070462174
1502959911
5497803632
999266148
2129127915
2040803253
1829213627
1968538470
1480584228
2030102986
724362366
1729228946
1732325036
2059731922
2044364365
1391088143
5462861615
5715150491
1723664274
1789912470
5422360447
5273883287
6278232259
1493437743
5587118290
1279197543
1304179821
993885915
678450823
2093419778
5023311275
5169986808
5564296385
1450275311
6212465140
1019091319
1487821279
5204537888
1735092565
921715645
2130369126
1774699057
1441583368
1191589841
1773614890
757287277
1085623014
5224578959
1511082222
1925933561
1304939731
883284340
1546460536
1390515903
1285457917
1347250704
6268727603
5197272943
2133366072
1478208513
708931724
5165563820
845966574
1121680371
5556508781
6074203851
2089624230
905024862
996363417
5131691200
1651590609
5072814677
5556991469
5223734779
1680315071
5615812856
5283488211
5512285123
6023408961
5115600166
5016185258
1157606645
1903914408
1055221191
5864844740
5284825830
5420218043
1600750373
6078778037
708332091
1897548789
5969855147
5750536468
5572351221
5344403730
5343860240
5104992108
768076548
740144675
598055954
1322707986
1096762044
5440259726
2129165480
1763335841
5280156155
1301591476
1436139184
1879427847
5797961992
5078706232
1031483398
5512434373
1094434916
1888251045
5501577865
1008652834
5851386985
5092311812
889597957
1185593964
545121625
1806558404
5923117924
5181259805
1732821904
5597798148
1513708897
694695457
626179303
2054759166
2014415955
5578197075
1940788728
1910506846
5203305290
1664489511
679858183
5941901770
1872607845
5487931829
6279402321
5735756452
1983379595
5268981712
1689318085
1750458768
1707525301
1796716038
5682145252
6260108002
1398471677
5654017228
1827251463
1005780379
1097081450
5718566305
6080014535
5047380397
474553206
6259876447
238993949
5198360701
1144413936
1080277554
5395598505
2072149818
1115318631
5827578686
1397073992
1879025824
5305990884
1170740113
933754681
1449332915
1334209510
5944891021
717380417
5238185220
5609942926
5591710698
5808947367
5664224524
1175638443
5013817575
920577899
2122954841
5540650722
1962940328
1164424913
5341535197
1642072114
5042219609
6004099951
1404269921
5151985241
1687143172
2071328934
6053904089
6073999065
1092060061
6191047389
5522847505
1200814007
1544827428
1802396632
1034568411
5250749477
6138849084
5494517308
1610888879
1472839495
5579409602
1329159016
220419489
1767911209
922989619
5303311943
5903743893
2047063324
5783811462
5855997131
5833028547
1330283173
5707692623
5350848301
6214831631
1910219316
1642636940
5164385331
1845684682
1743752804
5478263167
5070900267
5057309486
1059590810
2100740763
1231540380
5081464137
1907961306
6143786487
5605822138
5052852981
1025300404
5435726521
1875643245
1891246601
907344713
1775848827
1044033900
5004256914
1417519681
139158797
1738567987
1991230996
5206119035
1935435320
1371170589
5498216329
5689895177
977720106
6265607557
5674208831
5510360500
1017658181
630012338
5175821126
1835679861
1160777321
5526258066
5016196384
583681889
1015049635
1933025976
1727169407
1766582713
1332378623
1701403284
1095305422
1793381135
1492063537
5329268278
891154382
2074018825
5825546445
5257742500
1203697009
5444249056
1176989915
1929127488
5614883071
5233390899
5210590366
5499010990
6116466486
1970315330
794736014
5529845900
1906469020
642924541
6124949116
5591789172
2030862928
6079594879
5482038376
1862031268
5172975460
5258681229
5167531863
5584258317
1431657506
5266057765
5453685752
5774846707
5499759095
5612896461
5372620968
1737194334
1267592777
1115457870
828209985
5303768919
6106844818
1240532076
5035708811
879834397
953730959
5479027315
1467741639
1987274433
5590741149
2099968610
1164613240
730314756
1430696081
943746333
550126623
397138503
1755562987
2129448817
5662468356
1291118831
5071336145
1321593875
5277753299
1940439568
694472186
6203737275
1487644390
1150241816
5620303614
1561278973
6121162051
834700788
6054124714
6144159862
1397240504
523090579
1062732361
6149970887
1760476565
1405251059
5824930916
5954239657
5219328357
6293181624
1360971923
1181286342
1389814181
5363475168
5312271224
1034381082
1112790787
1518522428
1942115750
6103418460
2144249988
1377681716
5980419071
2039776144
5386156502
5875149422
1959851823
2077826426
5215511392
866489006
688961242
782574611
988516622
5618303812
1288401975
2127280303
21700044
5534823325
5251710567
1370545891
1924581592
1796855676
1440361580
1786288217
2100326192
5007967451
2074664916
754681902
5216736305
5808365952
5784324717
1101679827
1996410572
1336321143
1370108763
1961561998
1627112151
2046158074
5728437927
1375515918
5298659426
5316096149
1511804124
1936388068
5732234522
2018806849
852820562
5839610698
1617673683
1480616652
5829913398
5293138718
987603619
5934069051
1979543790
691493536
5686930401
5726705245
923024704
788047247
5199956258
5046432900
779669296
1635617368
1909143528
501328317
5271526960
1962603043
754257610
1517042481
5437470514
1407676614
6036093237
5602906838
5895595058
1191696824
5751148776
5062984658
5554832712
5409059402
5949845762
1883051772
1674812135
1061490771
1178211011
6105941118
1849495303
1994798971
1634073089
931436741
994133379
766349687
5270259441
5752814515
5690220250
5679576155
1470971312
836404564
5315842542
1176508702
5351521489
1124300312
1243867790
1363695144
768227022
5718258498
925721839
341973537
1375542114
1977987248
5646473657
5171914813
5016026376
1241143948
5084238354
1379042236
6042039135
5712676207
1782227097
1638294104
5168781362
6076695872
5871673238
5423615686
1331864429
1483435015
1840917109
1538201659
1014787281
1816021386
2052305444
1560218557
6259688222
2031732768
5233855260
5831744995
5542666125
5769017172
1043250697
5284867933
1466165097
1336695033
1456015810
5941187814
5514712703
5583158510
6170752054
1495305630
652893579
1199297278
6099009598
5083361087
5530090912
774997428
1971735150
1405184701
758579299
6244207993
777021708
1656911500
5533628538
5630290228
1875442195
829790823
5320868886
1426114533
1986823845
5039658578
5488015669
1395366003
1223881782
1312337267
5049950481
5166345294
1293037250
5633231372
78254991
1286325972
1210975954
5289984040
1732264274
5329379198
5515684936
5732649440
1871683144
5687110993
6088989884
862248385
5992506887
5073591044
1747405376
5380655907
5213851692
1687023023
5377816826
1354337756
1067581170
5989327300
5282646665
1420139220
5782022913
5904097002
5122596288
1147675056
1302946252
1781867200
1994266462
6041436567
5410671419
1137523412
668978068
6202485013
650913709
5418586594
1679283832
6298734693
1497257768
1468730986
774358518
5906377941
5092618949
1268930601
5735803788
1057299228
1612537620
6040408917
2022632774
5482496941
5785681263
6225488065
1993727476
6222837376
1982744293
5823992593
1980788809
1336442257
2013935281
5528918855
538838415
1717888764
1006785409
6156269944
1800232184
6090255402
5114514732
880124479
6119953602
1356677306
6224022378
337798221
679445682
5379265427
651814620
1416500516
5900236491
1499996539
5270925029
5336945084
1646740422
5640809282
5499029097
5372093577
2036470012
5391086887
1483344642
1292228259
5937486558
1690098138
1401089364
1273601183
998607962
583491275
5644689050
1705755217
1674656710
970773004
1476175192
5992111574
1231362103
1616978029
1969721621
5144314924
1477803405
1401621358
5260378891
827763532
1944175533
6028482458
6244223183
5437871791
5192736396
1408987438
1361670891
1125427844
1042326741
1999310634
1768022436
5930487099
1482031857
1587061050
608387473
1610966067
1404664029
1483588764
1386401103
998443491
5239329717
6210400458
757750598
5030451285
5081895344
1663499798
966475160
5999142584
1645589669
5842779611
5182736250
943864525
1333267762
1110862401
703046584
5896175219
5464117143
5664056516
1322344228
912504388
5569810181
1309827471
1119793827
5538865383
1876074083
5143460459
5080462795
1764786653
1200549430
6253616335
919294482
1320650049
1781086180
5323349036
1033748629
5325227562
5187258767
5591290047
2102468624
154017127
2034239815
1487210646
1696124565
743890118
5040221108
1269693898
5657787357
1155133670
1852439050
5052601542
5768000838
5274236377
5536128139
5974016090
5043396799
893126318
5550305606
758742223
1428613211
5132720239
5130515674
832227533
1027157155
146784024
5681122275
915599763
1900780924
1336052278
945472644
1627578700
787723995
2134046331
1738861847
1253378510
1667223323
1703180234
656214123
149780549
1194811425
6290970350
5119944335
1967529556
759220242
1331613364
5737876940
443926801
5742183908
2024322474
1807436050
5009924203
5650941029
5416517121
1364002807
1355120069
6195614377
1848922227
1655099857
5028274656
2138730972
1996359470
1404453611
5434369191
1778670500
6100348317
730454636
1023263648
1269490849
5317312221
5763755846
5020255926
1930443770
1028307093
1718366765
1863932817
1142035323
5297404300
5600695028
1518524399
1232329965
5954019002
1886909859
1121341389
5105231573
1322319767
1942985511
1457824658
1161292671
1478396384
1373377164
577340102
1541371060
1607332603
1900376637
5445378044
943761101
1233442478
1403302766
748629945
1844675306
5914243676
5728047921
1973263059
1369995410
668717449
1230918758
1484226211
5390144849
1577393977
5107096610
1592489106
1677249076
1374832239
5146384836
2017845458
1174001695
1388947512
1031347826
1538537068
1486673495
5506772739
6258007689
1301751863
1467407928
1990168449
970989020
2047996885
5075139662
1978180540
1450664210
5798571045
2129922302
5625316954
1798659680
5410443498
5234241537
1922275404
1406180783
5315483273
5152574285
1417860223
2098084646
2055850279
1867879526
5516575242
5585870441
1297621856
682491647
5072044457
5173700381
1679045551
5651848745
5921410970
1128140169
1083980547
2083370762
5601695502
5294384505
5119535465
1549576105
6065525960
1143231698
1797734932
5418889368
1940740227
1768459462
5488597133
1098515135
2058281314
6041758082
814579234
2066820692
5556396115
371928992
1683544661
977250419
1649474989
5178321602
6085495018
6294571542
1912918085
1066211728
629369711
5260740697
1826308955
1632954852
5162150145
1303147332
1960177135
6176444832
1347378938
5593126518
1381269686
731055475
799267921
6010316190
6251244520
1875255474
1788701323
1692138198
1236901026
1138953649
5474643061
1396149966
1429521434
5208097378
1063956516
1281497358
546253883
5921957743
5822020778
1833043006
5885842518
5842538212
5819041886
1477199877
1459529746
1836047445
1593218416
1411407990
1332055009
1411889547
5338405052
5662229711
5077006781
5436508806
5540810008
464867100
5718206107
5398747010
5351601261
1559856316
837933954
1446907483
1800171412
1203985354
1364565413
1369462801
1698668366
1434237669
1177584642
5596134942
5289369091
631670178
1309441656
929102836
1120949971
1324543745
1123646221
5286684370
5764315736
5013912773
861486310
6031171499
1771851161
5409804419
616137952
1417436177
1388117921
472444780
6122459034
5678280528
5097405027
911595323
1438111775
5832056214
1420765514
2024459998
1749087279
5350617163
5391228367
1489342173
1606759365
5615310749
5647552156
737532704
1474204528
1874898116
128081307
5381263459
5930410394
1318349560
5570423444
1213429933
1426549874
1114135788
5519569175
885594043
1180030776
1697592481
1839412375
5369009012
5263443881
1983573798
1377490639
1273972818
1435857690
6135614597
55612026
1358542848
159918333
5961951306
672588668
5559435246
965914297
5326520663
1580208102
1447753705
5522422504
1346449239
5910046779
1361397399
600695635
5155732663
919602228
1406298446
294198282
1133834964
1447511220
891225657
1470354154
2032722238
5228608259
2134475428
1018768491
1833552099
5060685660
5506269020
1481397943
1279756914
1294682598
930040201
5342950696
5854367063
1922109977
1961243517
5301659017
1876563096
6159460004
5497736863
1067798394
1815211016
1226548551
5700238489
6114559076
1421767068
5250456426
6088068351
1451095333
287967447
5503847876
690170764
5134846814
1490090989
1225821809
1208441912
1750110562
5367827229
1257996738
898605143
1176808790
5498096087
5757751624
2113990373
1921860996
5823784074
5600094331
5278603138
1467549179
5337682660
5711600395
5216080835
705851469
686993501
1186866310
5220225442
1634408803
1634933951
5025205687
5108769858
1960808721
5347043572
5163463708
1371867067
2007131973
5161231335
2100429656
1110502706
1167422901
5854833882
919192302
1248933359
1415674303
1443960739
1488725631
1813980793
5641012552
5373152380
847242988
6058747001
1087725493
1380112168
1103740060
1680031432
2069163767
1435742879
1729824566
1826592264
358417106
1113738593
748386721
5667046257
720731507
1459804795
5630651904
5272903028
1606525535
656735657
2052121565
793929773
1287968660
799373307
1059015488
5846045822
6237948305
5667142711
5553396760
1696227866
1288916480
1275249921
1244036481
1368364759
1364264818
519800756
5936541462
1963253507
5499149684
845845954
706649077
5284102052
5607853632
5640361886
1795841900
1062607975
1113749747
1863517442
5942230986
621419691
423841677
1183975722
1193833311
2002209554
5237250778
672026324
755242367
150280736
1146461490
5405213283
1438684711
5022317269
5809620397
1653001472
5422810962
5725249780
1452973056
1135488788
1280442529
1070551902
97786521
6120042987
1786824173
933972483
676134354
5783333634
5508178319
948757599
6253856294
5533722259
1388541497
250803960
5470259839
5347427472
1558630262
5873694667
1911106107
5994177095
708384831
2016825015
1600213086
5627692368
1429002997
5105630229
769334399
6110833123
5673344658
1674237653
5806689320
1368429712
6171009637
6078596584
2005452241
1257472778
638941441
1981826481
5261353033
6187784257
5129579117
5318130482
1469742670
1117119544
5762298371
5082330388
1390928372
5724928430
1165904219
1530946147
853965932
2011075484
5641215112
34318726
1273890129
5338413643
5798305538
1173981595
1773756664
5825785087
5569650885
5140413467
1433177198
5425063264
5028504890
5943986923
120272165
5689117656
5893584763
1900877869
1899097452
5776218171
5886334325
1934322912
903559140
1748794642
289434311
1844785671
6119583548
1853066130
1522061213
1457474940
1651802587
1308996786
1345350150
1954547143
6056103513
6224070723
1911731503
1208454258
1947434875
5878350245
5171077590
918432547
5997291954
5018759451
5012912808
1380761843
1213712340
5387404067
1985397922
5768652388
5543786605
5207900070
5094114506
1496437093
1123102410
855831577
5135414434
839398031
1313531332
778297316
5575053213
6221533504
736724567
744466100
6053952649
5718402716
5387667119
5722939072
1089226729
617470268
5667440951
2024282891
5772250367
1313001808
1283325475
1950109376
5053742200
5559790350
1354453441
5543706007
923914652
1815356304
5122616457
1668760171
5838627077
742328239
1714367989
1559934915
2010861912
1097718587
1403749972
5852718932
6042007701
1437617461
1300031524
1748996659
5773942493
5486966849
1970727011
1688895700
1934926176
1798221828
153818087
5766332634
991642502
5984332044
5814291981
5055953159
694248024
625715926
5682647236
5892950379
1385432224
1469999899
6287529888
1780473381
1818170227
1453830439
700962489
1035807256
899002638
998837467
496071669
385943694
1247369386
5959213488
5904253898
5843254640
5659250197
5025186505
5781541702
1042819655
640807801
5490343851
806795649
5548058019
132066519
5937477892
1649098053
6207984065
6127968929
465913022
5553096206
841161323
1955622725
1853777322
5542312193
1382810910
1853689751
1439312064
1263904542
5967615698
2014144398
640564974
5269250425
1391614709
5486612948
1068419725
5736325358
1784230482
1109634003
2108210473
1664656168
5656104173
19030113
6069651058
5040805469
992342690
1678356016
5180632524
1524368025
5630095926
1399600302
5010967436
920266280
1341970509
1400005174
2044884410
5130913961
5668836200
5391745500
2025138697
1721298089
5401550955
1497219948
5958618905
706026874
5506585291
5931364556
1586878042
1804536320
5784562298
1007349483
970148932
5517024916
1313448170
1773292344
5845122380
1432214296
1959815825
5260077530
1142088138
5893959902
5142835942
1514581601
5106514551
1086674945
1025599937
203610126
1937930121
1987459576
1321965512
1901449018
5826786880
941239511
5309718975
1264232320
1199579732
1426294744
1754376761
1911640241
5501868507
5111747546
5368544898
998887718
2050658185
5964899480
712386588
1136827938
1894426517
895239616
913964125
1927948167
1941860993
1989489495
6160617636
1143072012
5246380296
5749445394
6289101334
1494848160
5689541788
5909803343
6171304419
6183601943
5769375972
1480301969
2117166561
1270260756
916498667
5434467949
5702347704
1496565449
1122787281
5095854169
941362452
5149121256
5954990564
874315793
1406717682
617662118
1495212938
1255312326
1973310199
5517538432
1784385711
1898675396
402666479
999097940
6049493465
6059285080
5511507980
5167230702
5947834554
1539280185
5355498757
1907869092
5024937345
2033713511
576998121
6175822163
703518247
1234782900
1718351323
5257491427
5497548814
2052839128
5250041018
5165624316
1178404465
6052049705
1801500344
5577950371
5742965949
780383793
1274675801
1611142403
1281402927
6088916049
1277552581
1553990243
1258839658
1945871698
5121202768
1054139312
5201276231
6243677152
962072261
1053099884
1437803199
546561352
899514124
1387695945
5426621370
1952811758
522297685
1196953158
953224316
1722956569
5262460972
941270807
735098181
1371587265
2117580120
1590995470
5133254326
1371106971
1950851828
1839103608
5204071370
954330982
5141188168
1819912163
1695154639
608154164
1611799301
1184602606
579435328
1240044442
5667386969
5608611689
853439270
5284314517
5353108661
1154987064
617761548
5278295562
5865280823
711506365
1887477926
603256342
1120841804
650865497
1130696695
5628493728
1419710694
1889988498
1389990391
5324259766
844648786
778755321
1674394788
333167501
1742630470
1277883070
1038498042
1159595723
1771153340
1281216058
1838671233
477339465
6004240415
5469591052
5168325304
5834123451
1388035068
1366200231
1095619645
1496581440
1280671590
1720417614
1070496156
1184164040
1994554200
5222518732
1431547797
804823926
1950580721
1020680841
1935926196
2045683490
5627899092
132187705
5022495364
1223769767
628854359
5041623855
2007121654
320912906
1705390843
2119802342
740945529
5258634305
1388516466
6217591572
1719727882
1076628902
1438499114
659724493
5468842705
2069356406
6038890609
531068724
1378516888
1942636453
5097352084
1446533845
1023438957
5289492277
805137456
6261733779
1292936611
5188608980
2073988763
5126303833
1267118463
1771895888
976504441
5195880838
888907430
5757224365
5293930849
703503494
1039514833
777671665
1744150202
1250549076
1103177001
1749510307
5106352955
624914173
1263053028
880413303
1062616600
5028215188
1435740524
5889308282
1462663630
441946387
620760516
1957309908
1216958269
1962409465
1665158913
1406505029
877729240
5719577179
552472190
940727285
6259625490
551370199
5500391833
5045309960
1445401238
2117790133
2006303969
401790649
816992673
1832592472
5126732982
1104145455
1317752229
1892647344
857681948
1874604146
1456674312
5234846873
5095221563
1722130192
1432482791
1425517686
1890717721
5874264431
1235581946
1161746981
1261874945
644954190
5902706698
1853938033
6047108012
5688295830
1452389217
1130041599
5756764762
1857330791
5490480138
1700816682
1325992991
1823572672
1082122926
484494152
5316902959
5389653227
5583316468
1680199672
207593389
1822351499
5012015032
668606122
6294844411
865407945
1785244045
1041550561
764084593
1429934135
2018025647
1023693855
643438941
679159912
796147700
934214293
1422486184
1207051789
1117068165
5685031603
1495757725
5335231244
5031304228
5897193301
1756981891
1692774427
684161627
1778786564
1687971840
1605424288
1604411740
5651647493
1782721043
1461681923
1494449887
6281116724
1106315640
1646637743
5751636454
1781396323
5038702051
1418387582
5122583536
5122583536
1911716296
5021529934
1065473057
5765990906
5833987777
763943945
5288806598
955680444
5071294768
5715060294
770863068
1485530155
1195949746
1489387344
5770895774
905391594
5744298435
988543280
678226510
949861766
1695715024
1370351547
5318782567
593016674
1202200318
5760812884
1641841465
1703947387
1311246781
397201303
2114226222
1383237277
1417411605
472678231
1593193296
859534432
5509239718
5458775666
5078446336
1609009674
1828930134
1677670384
820896447
1435210663
6000969304
1832241780
18531660
5074394019
622600524
1457465775
5262962820
842016263
5339896729
5024265510
1972675469
1135413749
912867634
1459208557
5158946918
1178693268
641506006
5863337363
1210391881
1202120056
1468185994
370202177
796984426
1448167464
558425882
981359810
5984813060
1352568203
1087110736
909781240
5231424981
1758783813
985806799
850815144
2012120696
5687570181
1061214948
1729436031
2049855587
1015874301
1720628704
1699161384
5573491997
5372375188
5338804201
644571611
1814493603
1395497712
2002560440
5148383264
155946859
5458251413
865889879
5038404720
5087653347
753756153
1513128282
1470461275
870681836
929327198
987749413
1331498990
689659366
5442577952
946582172
5264657679
1615941449
2121500861
1223846144
1556704616
663319992
5622116618
593700698
5022667378
1201174654
5031431221
708218545
5957297351
6049681263
5134120493
825491080
1292532710
1157058593
1239969760
1142519266
1915742698
768727265
922969742
627788763
5238653155
5034725718
1781149192
812748951
518379881
871687717
5836405278
5894707680
1413641371
948394569
5804209958
5689038141
725808533
1693759906
5671669099
1074800891
1068238988
498296004
1561755286
5496414778
6024948578
1010849440
6010246601
904230213
1358977063
654598458
1260731764
937110605
1418879427
5342385401
1359426217
1127730937
1480197222
6137903187
5380003878
5063253132
1159668684
1210437019
1108888327
6279997871
1872502728
1674559968
1708147338
866475342
1016548549
729988615
1663623617
318437142
2144951432
397163292
6086342051
1676409260
5572486881
939976121
1226226791
1345280631
6030913838
1066286341
1793829022
6254691237
6131571757
5316780094
6273197018
5984809127
6070043719
410043453
410043453
624050904
5631847858
5387391215
777327416
1477359481
1890416617
5037387672
6021501878
5790852184
5397700193
905587350
5123720894
5181421993
1990226927
1795944241
1021728070
1231585042
140045651
6199703256
5695181724
1236080071
1312030516
1118814340
5469642662
762507032
6110421223
1393094763
1974155103
5239555904
6172233286
5426649964
6103395850
6228619152
2024885554
6253444197
5291422562
5963773065
5915531171
1438549632
802998917
5426951631
1859787931
5067559529
1089469596
5357932534
1811725382
5923040811
1418431460
5639652516
5255626198
1385985529
1469294160
5260033994
6201988333
720193449
826337465
6213817691
5517086814
5865175798
692573722
1651328852
1238625873
5570125001
2042311772
1243508622
5479108881
5893322270
705012464
6075334734
5568249284
2076118097
657590451
1310269973
5129085418
1812686828
1033155749
6108396516
6261860988
1522061014
974690691
5813154085
1893055753
832815935
5879705212
5057126862
1383238769
5432691708
5943072660
5989191470
1102704192
5494459247
5091025217
1451811772
2062405101
1274036781
6042793502
5093930848
969354507
6047650313
5989094091
1928124401
6164100693
5411511521
5723434787
5501275063
1213471266
5248735145
1476263800
2089919587
675307564
5907400232
728771235
1573178403
6147872046
2072883825
5766005196
5459342491
785945245
1034615619
1681166688
821256016
5520536351
1140780313
5388080745
1477172355
6179018789
1214932820
164694585
1087484001
1322773921
825805741
1248817573
5641158624
1913878821
885522822
5790155041
5104565205
5720834579
2014785763
1900507104
604202042
6118763647
302516187
5269855473
6271745822
1946938561
5875674023
2060750755
601726110
6026328023
5868612231
6192376616
5072876024
1702068414
811504451
479602548
6206072854
1045960180
1767539542
5148655416
1741101625
1618242308
5719089807
1937994657
1058373100
5580913716
6179301839
891093928
5648331427
1088443543
6128241902
743379484
6125813066
5832061386
5687537669
1492399861
861016946
5383531900
1244015585
1010380796
1360966231
952184823
5186307222
5758939954
689861172
470026316
6299143638
6098322951
6143896900
6018453907
5844878966
6119154767
1041360112
947277898
655796593
5012455890
6039151788
5877694556
6264140687
1337684294
5017724691
5115889033
5939118249
5898041886
5342608661
6052267637
6141694576
2067866348
6138294137
5770450092
822784471
5099135785
5025844670
5779819803
5095807479
6131661771
719974564
6068047748
1204216538
5058299340
2037121486
5713617792
5522256752
5285450006
5156598735
6248074623
376088660
5770023846
5220279327
5257146276
5902327681
5335864917
5943100077
5305697949
1046048087
6055691972
6250402441
5878864083
6187879888
5320347556
6144790937
1341430591
1938538151
1269080045
6296978587
6255624861
5877806865
6214604691
5516118624
6252832867
1480977821
6215605160
6241450809
6000133247
6083632137
6177675147
6060083507
6003260022
6211815971
6271451115
5857150747
6087827482
6209259450
6051373495
5822193021
6026649255
6153003504
6274271661
1489590882
5616247926
5394866523
6013746578
1243706746
5962192877
6243776282
1969266088
5845162218
6120082191
6172874039
6145458376
6045709609
5869838382
6164285626
6260238731
5870179474
5229158684
5936700795
6293154058
5995878246
1934407829
5595181789
6274073460
5367508731
6252911401
6029793916
5478470853
5717061084
2131822863
6214915423
6110096654
1008188645
6110095824
1905498880
6009266264
1874706910
6039493319
5105103905
6149489549
5846345318
6270510161
6215605560
810089145
5538151193
5615183856
5609971066
5727558636
2074971704
6185725666
1459156608
1920011310
2037652366
5732514717
5872966481
1628211974
5841778487
2021520516
6092607630
5698601396
6028563236
5709452078
5859851396
5783727929
5249681398
6113628811
5573304614
1103589567
6216145957
5709010157
951974766
6073384906
5968955802
6112622461
5518448836
6118640020
1155826601
2037359465
6272306708
5510897561
6289769260
5686224460
1256866555
5984292992
5922370871
1430589622
5961643641
5767245154
6167287108
6109521425
6181823277
5366773905
5764807500
6229258401
6037082809
5828101194
5968068264
6015689014
6155447032
1482944999
6220363172
5605426728
6247756743
5907109565
5588279058
5651373093
5809389957
5496961413
1103480363
1230015125
6229763212
5812786193
5514381305
1427158463
5988714705
5528690257
6224278402
5965750922
6037616786
674351536
1357494768
5923886635
6272089644
6215539850
6116606652
5940816612
6134477568
5885288754
6007825487
6119422281
5178019653
6216482289
456762080
1897524508
1625314001
6243917831
5535480562
6294845954
6147689202
5130477860
6205948711
6297053718
1401410249
5887787939
5411802720
1983056797
6072901454
5632824964
5878409674
1441891573
5970460701
6199965726
5931767088
6130317703
5737906042
1487994278
5201336190
5558319724
5774510500
1520856083
5972524945
6103136422
6125604180
5702680789
6155035998
6062050957
5896378890
2025738832
1325824551
5195877436
1278993143
912967786
5640120618
6023712635
6239595334
5371551923
6013398970
6259052036
6063551990
899981311
5024482014
6184892670
1355188651
5964234488
5624077115
1367049729
2071302186
5724276742
6058435472
5413559955
5153425703
6016364601
5200268968
6100758441
5896209464
1458074879
6154084435
5708394307
7280691
5195697646
962022163
1304142519
5282445719
1465840830
5285495953
601636854
767634163
538413738
861126208
5724849191
510719189
1470821686
125135074
5218378438
6023986193
1078803990
5835693809
5121140128
5722413327
6099558040
5209928798
5816371275
1228856611
1936577061
5693564915
1996817133
6093347906
5980420603
5451717702
867812953
1399671457
2058584085
2080266602
6119610446
6196314116
6023512895
5842864734
5976622435
816621459
121345508
5715381753
644318562
559005509
6084338981
5880704106
5397592169
244358037
1835849816
2060097068
6160978878
5794094380
2027496283
5189241596
5903640438
1079747583
2087849576
5932343821
665998921
5964561130
1549564490
5972817224
6061865174
6293190975
1603418988
1310992955
640314403
5938825277
5773136092
5373126190
6136135285
811415937
847908938
1950968589
1727648607
679151033
971062017
2119334520
6165923818
6138173143
2097163777
5102529142
5220429478
5519331526
5229096256
5944618445
5875418921
5855341877
6021483318
5992056142
1948673433
5131291538
6192676018
6237087822
6153906559
6103710302
5994442343
5351455193
1844969941
6012975032
6220652838
5454722634
1634117313
6243829356
39277701
2044675094
1267932840
5929947071
1472548147
1849943548
1016171137
1645176814
1978830232
5024230659
6123996197
1748288876
5391429752
5147790217
5534720686
665588741
6066023323
1420691257
6144286131
6194904945
5843358969
5913467050
1728022837
5802325031
1179846375
254603394
836561861
5831345030
5595100835
6235440722
1158420113
5507393521
5507443765
1168577741
6008585673
2032142773
5702370679
5624497135
6265051653
5653248044
5980166447
5863225015
790663439
5144761236
637693912
5858902924
1419849427
965293517
6013092242
1553007007
5006862935
5127244252
6008018754
5827385676
6074905901
6283965337
6225173690
6204905284
1612515785
5965887228
1209863935
1275082597
705667507
5734405756
1420453563
5364572794
803096232
1124820018
1792757941
6149718457
5149768325
5444898421
1381987329
1148166693
5963565069
6137895804
6239326674
859297032
6069358139
5663432936
5699762678
5923882960
951172676
1358551442
1690748727
5941450117
5508639800
6124269159
5847483138
1336009299
1407218720
1282063062
5072662401
5764155372
671099953
1127657635
6100238122
1281753219
5632734383
6095788453
5672566893
6001026820
1689711909
5829929469
6086136785
5088876654
1809605850
1226124868
6005590957
1905933081
5105004684
754260780
5520509628
533516352
5843914656
363789386
1666267786
1427109232
2054995507
6181798911
5096980253
1749588777
1264280792
1457190644
6258888477
5126162060
5512669435
1186187226
5143762050
1543705149
672364074
5381573634
1950372065
1181258486
5588043934
1826065567
1306073890
5612142320
2002692496
815369741
2035164643
1957220609
5523287328
5396337348
1978505776
5227021205
5721787052
1566910756
940770105
1997527537
6186026053
5776400225
5987551175
2075524419
1986216196
5776221868
2031904557
6075239892
5587201184
790689737
1477043410
1532760349
1308367930
5697884673
1098060334
1061932043
686549023
6122536081
2040369400
803439622
5570788710
1464305694
1226334039
608435149
5687669763
5155761177
642795175
457694442
5721523952
5765309780
2081586718
1348004554
6283761042
798886057
803606858
1114502807
1868303337
1423249610
1643403625
165781180
1040427273
1233395276
338971815
5159452419
1584396045
1052062539
1998923847
850109743
2011341704
5583984580
5168353872
5994995549
5151004658
1929726807
2139559716
2038352139
5654739753
1620004764
1066700290
2005303939
1044684007
5976601171
859422510
1696890072
5982284585
5976194505
835751523
2056173029
672096494
1693654191
2037564665
6152721361
1106159129
5698482994
5306192140
844454927
5830353221
531106114
557722058
464004001
5706666648
763845910
1023465720
5441242583
5575659127
5113182862
1362815950
5111441428
5274892630
2110061168
1335574288
5705973396
5983200580
1406182678
771433316
884417759
620950707
1937732743
899434877
6169776778
5086089837
1168730476
823122695
1951697557
5709650185
617191648
2069949557
1408462845
1016900438
817363218
2112231021
6122243927
1609849770
5014938771
1605652233
866177508
1041890217
1092196111
5949797031
1202731194
986611622
5574494988
1997329974
1353722501
766378783
6113161538
1185934833
1852217413
2082455660
1060617696
716834515
1239221398
5695256458
682549894
762054001
5542044115
5302216683
1706204113
1273001996
5435435887
5639885993
616688899
5500606980
1430083400
5143070825
607792897
5540942750
577632446
1891757965
1518068314
5401742754
1279813929
5642366958
1364522297
1879861094
532632522
5777697182
5609397097
6208128562
1450504250
6214147825
6122870202
5059908353
5590245226
1595468187
5115133442
623067269
287612439
6239116813
5856832552
583594035
1936427907
1475177354
1602108334
748247697
5524130754
2094021821
1944023774
5216608935
1974403644
918820340
1700820266
776358533
1090480247
1807939520
1894785987
5410795347
1001468019
1636899944
983397638
559407237
6103244558
5130239672
2056037016
590406960
729063271
1353933892
5588899843
5022260856
1147174105
5504721243
1701548962
635954894
330729236
1408109236
5174037428
991520548
1394239470
6193069328
1055487265
256528410
631194820
1978659870
5481391549
5639767280
1839226378
2102694315
1276269365
1953751015
1740655913
1082263928
867322074
749182510
5074438398
817900038
5779535933
5168435158
1387323284
5533423683
1677609405
5770092424
850431379
1156085202
238420331
888230834
1170599455
5353021040
1936867307
5031554614
952241424
481375580
1866888669
1454248285
1680115824
863834670
5856112973
683865669
489528209
1337550760
1386252656
1580466426
1276212337
1226875061
1964077705
1786472044
1256383161
1189646020
2063216327
753914656
6225333494
861215198
5426330365
1452105313
5787701458
5152258460
5484730484
696916544
1381337584
6197301799
5295329358
2103754193
5397233668
1044027716
6116608517
1562114540
1069398309
5397045473
1430973059
1405524762
1800657840
2088236954
5970204185
1408997780
1620983396
932959556
927221257
5003025108
1238724210
786858774
5733241073
937369076
1450754467
1640891119
5973948971
5416782139
5329141102
5661683660
5907888274
884312810
5108287831
1032844507
5873677320
5098154
1013289762
57476667
1210633909
2029897143
5963032622
6233453340
1985872559
1471327303
1416895903
6020574256
1492564730
988462695
6262603956
360962995
6247479605
5087224108
452133225
718904997
862276297
5350137927
5322460016
5353116797
1640560873
1365253338
695630184
1492083195
5149755578
1203415164
494958274
1706538444
6175113800
5314565190
5899112074
944338693
5904774193
5596598756
5827692329
1266722677
271148438
1385807228
5524451558
1117293323
5405467338
1469145051
1397345425
2093347134
944060504
5215064119
951374053
5854162564
1124910795
1392558278
5283749876
5242860073
578558024
827685081
609679538
5980282830
1610012113
1120235522
1830679209
1753322512
1191748640
1167287345
1957905671
1090954461
5614376622
586993588
1967243428
1052622289
545300526
688670482
6100493161
5837335780
5357824712
5788296701
1411184018
1111726999
949512833
5957198581
5587465899
1746313674
5918936392
1081652787
1159481533
805575438
1094815421
1685954502
6030880961
5598315947
1598076834
5394573506
1283747017
1127069120
820714745
864946074
5546518920
1890972476
5789572102
971041566
5815605219
5429687604
1996868847
5364646
727285585
1028546743
2118543184
1053142857
1681669605
1582162608
1497403554
720831494
1195273553
1957771575
1583317666
1597590483
5650780499
1450727726
1440756678
1362927272
414446704
1380156231
1457261149
5056505037
1468300930
1092586505
1109315351
874363993
1875460485
1345325994
1642277602
1367532662
1449761990
48733932
1277513075
5669902273
1783287636
1591004173
368244596
605359095
1855773529
2131290562
2116045999
5840658680
1044989935
5253057852
1092771035
5454458191
930265041
1074617300
5274605760
5915547217
6078318362
5181370680
5658156744
1822260403
846641598
5779763905
1704831427
567799179
5130116730
634519734
1412902205
681527511
911239763
1323970018
5536476858
1551974564
1668483075
877672488
1470370340
1620299786
901325057
5656471598
1111651293
548568460
864141694
5811679678
5003416061
1296771238
5839282044
5868115085
921242645
5872063255
5104235335
833161502
2112616647
866408083
986776298
1707040826
972234908
5405083113
5146546633
6013355349
746068298
1590922923
1786704876
1949864251
1592123876
5816734752
413410911
978385635
5602891263
1495063218
5546659529
5399510713
5502328939
805694742
601398368
5238815705
5145476357
2110632364
554889960
1736138750
1295289496
1541409077
265107550
5202072890
394931705
6037367721
1761024325
1063581939
1413440532
1459444841
990346070
1344370547
5252817988
5191225395
1865820780
5254071634
5545124343
1418487082
1014726349
5857690674
6257018463
1512127650
1763921918
999663404
658837213
2032731857
5045748486
5028166303
5358644332
5005882766
5497799257
5469193907
1568865529
1886004063
770501151
5816243117
5385532470
542062136
5674765141
5132439535
5280117116
858939341
657540392
6147096936
1575293410
5534879811
5284340367
6276467812
1898180074
644094121
1648020246
662655120
743349003
1935130287
5252082532
1519968749
530093783
2016211944
2141344832
5668501294
301328442
6234056735
5813501186
759635568
5942765551
1759004510
5565342015
5040156041
643255763
5548853630
5625943856
1503392233
5230935812
5357598894
5635166013
1223551132
5212813332
5938430344
5377829741
6210387058
2037729029
1427080905
415635967
1737048979
6198682342
1407917901
1023838253
1256620540
1960986319
1374418129
5645271942
1366065487
5315693844
5475814289
6061473218
1915817429
887483670
834889420
5563099612
5722706839
1799709456
1301576978
319799811
1057416997
1934488116
5733103168
983827597
2005260292
456499883
822359203
5498633107
5951465621
171324230
1736202028
5704088033
1127113824
1697697389
1629256658
5174195969
5047960446
878889926
5697522976
642788754
5090308839
507648339
5568404146
768475862
1766333598
913180420
1217365095
1444771925
1197756859
845287701
2018106260
5931927391
5205589433
5735509711
6178516254
5408664728
518268589
217982625
833811646
5374279057
875976758
6283825185
695290616
463599527
5685339742
757316406
5750049354
748484818
1725066191
1201033002
1381649917
1665754994
5819284164
855225274
1985630428
1965426944
1057907308
6142049257
5964453673
702793323
6114025433
54712216
6052796776
1340060636
1897061930
5903226174
5648744643
5949666595
817557799
1033407659
6200729324
5727740728
1111216686
911554420
5476384915
1445667782
638393155
5213461624
1144485435
1265814138
5220402512
6281115985
5755190448
1773328635
1243766631
1268951459
5673853629
1670495771
6166264075
1964427674
835296605
1962246565
1143687305
6242380223
1127177483
1466725272
2041058193
1418125289
127299963
846107560
5702959162
680943483
776326688
712152890
5013230686
1732612471
1816564917
467755722
6076820597
820598003
6059609911
879487228
1081234958
1783908068
5749073770
1237643666
1221492792
5446313659
568143709
1548523574
1971979379
823694383
571239406
5076702232
281237827
775770844
1404372009
603651879
797733862
1412362361
521869035
981488893
5259208093
5427373265
626594018
5509237941
995354386
5633186375
938534002
2050083294
1104605794
1982766782
1109058089
1493444298
1149550817
5584914598
1013994014
1468783242
1767831761
5035472837
994286539
6244914794
5468400011
1594779890
5113292544
6265948982
5142262509
5414208466
6110487027
5527327042
5606478770
5074629190
295735705
1302653579
5798519478
1131819281
1063151746
5900688007
6167288765
6231484322
1381517132
5679413556
789093587
5677077473
843166229
1810837989
5568719927
869501361
1836992603
2055264083
1453656265
6236260176
6039829349
1303837322
5984784665
1007732687
1403933537
179296987
5086252210
2122544340
1663391655
5240870405
1796758540
830869115
5121907656
1849476311
799706927
2031917059
5669360878
354757035
1424203049
662174651
152485759
5238063730
1783433132
673490891
160575079
1644161619
1494775826
5247392661
5023956877
1465553922
5922266040
847575908
1411488813
749196074
6059117037
1102108996
6012831150
5932380681
5214719967
5529866350
1707274240
420377387
453780536
5625017180
847337302
1613231973
172675938
1196306975
2095872530
1268385534
1012844355
532367694
1254087040
762634636
979923208
1588749690
1959847081
956951712
1060679943
1823012819
868902594
6173171443
1446973400
734578735
5589498083
5392235151
1677678447
2042296936
5473779613
911873622
1274664674
6009509191
5401175385
1788650560
2027259528
630231966
5969445699
6275334820
5578448184
5190744458
5623595239
1296869719
2014508057
1371185235
2104516279
1984097359
5758960877
1621341771
49108589
514584134
5783144644
5076498629
1903804422
751336495
964894624
1614563458
1962195941
1799099383
2084608576
5374059768
1424646250
5472576969
5032443264
1802382510
1995976026
1829918772
1881009367
2005221959
5748325076
1285404317
5001886471
1276908876
433225616
689871706
6133040012
780737562
1795728740
1125700658
5997592766
5554981955
1422355076
955977452
615109320
1115486601
5930902792
428214768
5961051478
5686481316
1842128560
5077887913
1828416770
5049065219
1940599644
1334383849
1767855931
5528666188
5949795656
5789418221
5030102595
5759086872
1913844878
5408191757
833310508
1370162751
1099461071
1828868894
1550541294
818679589
5433018864
721013379
1688559558
1812105399
5072432946
5129671373
5718830051
2001422822
313989487
5577897850
5745114639
1962083903
894307357
1127747163
1151025898
1005445366
2105376306
1447392841
5178171843
1874704781
1321837782
5134115721
1171619177
5106867923
5298588471
6179345105
157842040
1795100156
918420994
2098205560
5690077582
5993103974
2120379683
5661131049
1299391997
6221941138
1080585992
990557480
711284939
5989554562
692287850
1823623611
109223617
1454903143
5635051082
1844163912
469071086
2096257735
1215668713
1303795771
5172324765
1085610633
816957153
558129893
1878928712
1313775596
6211328038
1742480571
6282772106
2066592633
1379624755
5542306679
1713996488
5963129932
2021537086
5874077901
680022057
1845649053
6173301766
931492342
1078010726
6255389227
615341392
462322623
1737108554
135216809
701621905
992950435
826637778
1190910792
1443236803
797978983
6170045126
1633773949
5804628822
650219938
688701715
361657408
1473867756
5470232490
5387223031
706115807
5187107945
1372908153
5402207513
1082353528
450312849
945318706
947689417
5727962457
1853476504
5315441223
5151228713
1284656480
912302724
5211007516
743376399
912593142
426600925
186284275
762856468
5010518
1944512874
18719833
693105087
692468430
1321456747
2012268478
5953272893
5768087740
1841428925
5233425252
29312125
6243420847
6212563311
2126999955
6291085876
637848630
1181909555
337270905
148184772
5347809309
544169310
1153417709
289095461
1005899160
1471287643
5477370175
788840740
2082595870
1349438410
1220198216
1909277755
5673496960
5519840075
1343725009
365054744
145679461
829529848
1649135565
2013978629
530545670
875087963
884493488
1919892393
1050098993
647797652
525305961
1089576013
6124271328
631990353
333837960
460544291
587210735
2033962056
1113637682
5292358070
782521493
5709142101
905868083
5778253541
1709845683
143956787
5652842424
805534777
1794563267
581672420
1967426171
1497736854
1371487
6205567395
5068327994
893542923
1141695120
5225779415
1424293207
5646896994
462292495
1244721422
309625591
944250745
509457422
537246984
2049197676
5761790845
1021300801
597813056
261257911
164724953
1342234916
416668810
784354360
5344576004
6170730972
6092737537
140407648
1151741038
1152798713
5885201645
1758014118
985240815
160060451
955440383
468569577
1027598705
606481322
647083529
1046516101
950395712
857416362
1437563716
625212906
411960094
1444596182
941333467
1433100429
1328051759
1785162556
505295048
1705893098
1260627987
782081760
5597567786
1610448575
2001752340
550151290
541611528
773775529
1350291069
201505983
1382268368
2006106105
879843991
1425600502
5987910467
1511142593
5519652269
5984978880
897105929
947616144
1096069428
366594090
5350351844
1087394541
761580501
724396336
815416995
1112905780
2046281
142848340
1095513301
5200978568
496382279
5450345684
272201009
1821179438
1283395122
1267452922
1238928650
1261249337
724776755
492282978
1087725879
1360638290
456225284
6134551300
1356720337
637657771
760352075
1112554400
1081537780
321823305
1029189283
6249083289
1848836876
1946608689
5736445135
908313780
6083972779
1936610117
150494778
589358181
396248595
6275166135
5307756488
6105926900
827119721
5255374865
1660433995
1788171247
1727584444
179126235
6277707859
949221994
5091257102
88555566
1122703594
1261624872
501103508
573442798
141521442
1141440704
1673134266
1882164843
2008530814
299323299
177567759
1657165040
1975002612
873412417
609690246
1998122218
5816013066
481369130
5967082578
1930343088
765986024
1114757012
673472436
1694116513
3110563
587739667
1768520984
1912622893
1231158161
6121284385
1333493299
534028986
634635679
750452094
290514263
717162122
2018941252
5310968737
186510034
637579428
2137827351
1080312249
367843350
987003106
5293489705
624189558
722982288
760904967
1760112356
2133270652
1304453622
1346427914
646278381
1193560701
1469040941
1469040941
5642238650
808435355
1339341627
620191657
1073715469
5079512651
257595375
1223158428
153821156
5720769449
706886508
5636095347
1774985307
5904961566
253801034
1075015982
452976255
1293536831
558317326
1055454720
838005226
712519529
1029608061
2028677017
1490823710
1880383598
5833584554
179676226
1080687269
392462
5193370417
5131474143
228600081
631696982
277223002
6278349
1857408818
296865253
477128633
561056702
5464538591
5555124623
1798293704
456653671
990063384
820642524
1055781920
1209620662
1237593454
1079396203
1953356069
12957072
907710446
1251551602
973683595
818406177
2020109684
1682609732
1036217545
148720741
404095313
1442214966
6176511153
1285371152
139877389
771476037
1231534064
1158598086
5781459008
5389032366
438367615
670492911
5726211683
5013723557
472598843
5463450510
5878404078
136308734
529881272
7056574
841437070
1849326225
269604705
176856568
557492428
2062296813
5617541782
5960318655
311478307
1178602208
301738931
5745151642
594340298
5417697199
446562294
5237766752
1284426775
894416564
1941459175
533546506
628724025
1598880601
416995890
5958659314
911773654
1934173695
427823588
1051138062
831803018
119518257
5318961929
532454607
5926004073
5684980612
1065221342
1216361036
957758921
5521414308
976408
1212841429
679181651
1458049276
5448397615
167247828
6184161918
1379110368
6529554
1043931437
661528567
1057492961
2138428136
5675856615
593464121
1510636489
591218096
468287094
983485524
1323782505
1533671571
573222114
179445105
920683823
6138123026
1253891490
905234375
728271222
897844218
1827711735
222971548
1942947681
6208869574
5303289385
509382233
5754979778
2081082171
5678267766
178171159
6251069139
6139718128
5358791143
1829771620
1141803364
606727098
822257283
1130794346
386003080
726755419
5258121269
927028604
5966528358
701256536
5627829912
6214285341
1440272366
1049196991
780729543
1640572086
264154514
560602135
1712893169
6005063920
1867903521
6130291898
5015644300
565950955
838465974
982564448
1922996004
1476791737
813137094
5199188409
5843662894
1057117759
5488174144
5128453813
1305132748
95410364
5408539821
1554602559
5273411054
1730655422
5939154059
1587332989
990830916
953441292
804633137
5212179378
5398638538
5760798657
1888508531
983624444
1003048093
2114535289
1082468725
1387009661
5118291566
1275424231
1029103200
1939690763
1967625604
6811473
6241942491
152389434
423840349
5333985610
1647381641
1069136061
5293377659
1325129299
5016407436
6162932389
404540629
5174918705
504546929
6003638278
1220791155
944739458
2085810491
290612233
1862693093
234581899
5830691479
403837269
671278904
5382599508
786823826
5189477180
5874576375
5975052697
803855311
822348583
156424567
744783551
551356498
5235804092
1044230856
166502480
5252122857
1139538317
1312196338
724015264
5346832437
5448382738
813631249
1433320408
1877385160
5446273857
5647351
39211947
1585418697
1024057961
6298018508
1440431687
684691726
877888920
749551805
1196748862
1439365596
847111896
6007286759
5062778418
598001378
1978589972
150716248
5354739026
975534990
934270759
122839910
228255032
752566858
927797136
507229613
744821566
1017817855
6039469651
1352924083
101555292
593006367
1625147446
1406196747
2121450448
1366428187
144155567
1475970455
654389282
1429673591
176936010
5314383078
940050433
5038455401
2036466429
6140847178
758755330
5405725541
8138606
1185492564
5979867630
1145992594
1785086546
239712804
6248711126
1010065695
1871206915
677477209
1051480702
5159173789
5032563580
1992614570
2870143
1562272877
472201659
5884449032
5392304796
787513881
373388003
1049852536
1659802529
572806822
942563529
5954135851
5094733376
1372219848
21225337
5701867765
5830331
1927789998
49154367
6208873405
840119264
710762274
6262502036
6124417144
713492643
1264098542
1021133674
1125943859
823983866
512632129
1070439534
1132312959
874632313
5547017498
946979078
1744675405
435839688
1722294683
1119566889
930455147
5076368522
1479031971
5713867591
599298929
514726469
2075341755
5274088844
802059351
551349435
5160090549
631026531
5023017187
843926437
1906585822
1006450021
5652216198
1932919805
1040936169
357217945
1282423236
1388661021
5000713974
5940514872
5492294356
5567037
1617233403
6278558023
5971407464
1584802657
5038300845
763301551
1209814009
5916225063
849296165
5450881521
1151220061
6239082239
1833333738
860984160
5835371136
1905701073
706083499
641747020
6104642076
5944490770
440762852
311412218
5708059457
5689841697
1760766994
1438572889
6264876553
2402385
189542882
6258569304
5753662267
709268095
143153288
411799003
5353431464
775929723
6226659181
5867918622
5362570229
1921943927
1658190612
740440133
5180043782
149336800
5638960133
5231891407
5098342227
1661213962
1087627522
1400691638
755667428
142332524
1454624401
6113136760
1018024714
2119503247
6203450586
6050150772
1790788070
1829295525
785544240
814903892
5280633108
1494615667
2121450653
5247999048
1272292821
1766386206
1368360271
5440207240
1264360879
5101371742
5129425244
5591603474
1729171044
1470743243
1536882107
1163689820
1018668080
1856230862
2112298837
1954027651
860055431
5043571229
5028812073
1398533785
5286905760
538171639
731756956
615020581
1043839686
1228974183
1195233806
2094442677
5857692632
5704677051
862136376
1113927147
5249710709
1709514098
5587428786
6150010940
1870865869
5751818760
646560382
968797830
723081043
1514401642
1902527753
560725913
5524815675
5608474823
759217168
5895777242
6129358184
5083724116
645812232
509229757
1680213539
630175979
2108388330
6204023601
1557689333
5158851861
795607925
5336305173
2074710586
5143925430
5245042142
1198731714
645213984
5293273865
1731317132
5731721688
5934846591
6245864213
1290185066
1623615524
5611953164
5829122545
5570624125
2107142729
1371495139
5538817974
1411813317
1422019193
5596758350
432343099
5745638002
1345416820
5556880259
1929803329
974596902
5333776387
1949627720
1785289793
6252331972
1409480943
799636848
1969751760
5285799350
1973225087
6212389024
994060487
482079072
6205659181
2135122707
972084831
987867406
1392650652
1585944778
6186019312
5278457360
6243693233
5866078375
5814426688
5372969033
5684043369
1979394090
2003969443
1855720693
890651189
5743730998
5926447716
5308122971
5475406023
5951029967
1874350404
1150050611
6230753337
6177327572
1819837618
5734407919
5735339859
5712724714
2098443454
1196537852
5765282485
913803782
1727218056
5501688084
6022531151
500864117
6285541913
178321432
5100497057
374534742
5079132923
5011469039
5150170300
1209904730
6161648488
1330827437
5654394360
6226975019
5016011255
5167626477
1095065286
1122657193
5839917573
5252077331
750628441
5249882621
5677999135
1441912904
816682166
5509540418
1333777258
6147890844
1026423650
5786713744
5137583553
5632624887
5015748154
5864591663
5856727187
1412879040
5687211142
406530571
2130713570
5584454198
862363044
6021991621
5854159100
1114240977
2117261186
1492960909
1720765907
2091293904
2078827848
696815404
5571012421
1225523258
1452526767
1024297685
1428101077
1217441219
1481022878
2045751173
587946864
758963136
5433581338
953369805
1809161424
902824760
5098902534
5587238142
835964355
964432220
839651274
1216506346
5506888731
5703001251
5685113433
5209805163
798947520
1891899802
805981154
805981154
5441576472
5010779424
6240568717
5759071260
1354828500
5706554597
1824986092
5100745739
2146971374
688564242
673623343
942057966
745847423
730632022
5201633754
5228067289
5008309791
1957436078
1472484489
5727953647
558888921
598599706
394642117
1982595021
5663411148
1429869420
5500038105
1319318811
1622895351
1451583215
5706836433
5837963559
2045495362
5010089949
5179218925
5261812841
5884864543
976873424
1199403744
904535140
5803093352
5672075150
1298804309
5349231340
6082682802
1310501617
952327617
348392212
912627772
2034560038
1078775034
1311784939
1321954035
1259862197
5555725228
1278850511
844490447
5647765418
748599502
6152670963
5270296591
1862737317
354001795
1119773205
1160910995
953793703
5176190200
5600016064
1515189332
1307563166
2097509665
1218633621
346273043
5213062893
5602572940
5219274148
1730755775
5304321873
6217101608
1179551626
932067572
939767179
5534993732
5285940014
1929630951
5308368968
5868501829
6151514027
1413800069
5116530076
5317524946
5073408107
1180214888
1543548803
1237876577
6033687498
6015857294
812994196
5096909806
5239021952
1995862038
5844639176
557005388
5078656069
1435234795
1459443755
5961726299
1639255106
1191325759
395930553
671861483
1152165010
2074169616
997428246
1263847232
930508480
1966484969
6039232908
5089169728
773896335
5724277648
5847036671
5003831802
912242382
918906041
1814330538
5739288294
5154469707
1920601367
6247992624
1150527685
5054072741
1523358598
5257654812
5480258895
1413689253
1697275742
1512327636
6049637519
758272004
5267370787
1821634645
354166984
1097196842
1074346559
954817667
1174585051
1332372951
1847265038
5448114692
1623953794
1718394617
277259228
5664793929
1960706214
1960204467
5068332565
5161815377
6150343194
1556427897
958470425
1304151359
5421801849
6273598561
866699018
2139052861
5580612721
1465944734
1863633077
1383814907
2113233019
5470578099
1343468249
6105821840
6025073452
1528981239
1079947392
5259714081
1359426827
5530455580
1734987663
5978610119
658428696
5419316363
5913548786
2131163086
1956563121
5609409669
1404363563
5756764534
5662327828
1033561778
1145420072
1859464633
1518171672
1965599388
5858740368
1381031731
1290839466
1095796496
5110819140
5900752464
1863607114
1250997384
2028689029
1245602622
1129533217
940220500
1719847084
179913608
1653167342
2027440220
666123743
1800079343
1193439131
911479528
6169218625
5359315176
5400072144
1316045907
5077295473
1120610544
407267791
1050973996
5315182205
1669416349
5666313863
5781853009
1695677193
1030192489
5165091484
1847715242
1016840532
5358557938
1019053069
5534176285
2014371715
5496219820
368205353
884521336
371272799
1001651280
1380373877
5349690854
1024921562
5550517911
1827347394
781513014
1598993352
713651608
941822685
1356131253
5378431609
1476763304
6079594381
1707335374
1543530265
1309464868
1124572668
1220768785
5380865919
6022714008
5459713734
5250497312
6176375691
5647751977
1273962747
1192411098
1459959490
1285633084
5365723241
416165084
1293604377
1194479367
5984039894
665226386
1278500023
1714373886
1162898743
1966397447
5996333402
5672904936
5745275138
1816637696
1080921035
5876314905
5134573947
1168270986
1025393516
5788213461
1303175287
5204052339
976328876
5596869453
311580944
5277687987
1038634972
1848471383
1420084381
5288524988
1321619611
5192606028
604116306
5407101270
1576493974
930835020
1430224572
5941469656
1984920372
6165549612
5962370889
842792828
1149117215
5139043669
5313430256
735340559
1543120038
5064848686
1869895935
5784003939
1632381997
5196961578
978978833
1637648271
5356364844
5749890858
6203217997
2068613616
5728485800
5724413718
1505285904
1200722366
1872448501
6073076426
5101407929
1057758051
1000120930
1171408602
2038784548
1752513432
921608140
492832617
2105797035
1265638772
5440811940
5289834960
1573899254
1350571844
1743778942
5390901584
1215917586
5483729171
994144184
787386853
5323882245
5080326173
1040040422
1321910864
1678422797
815727700
1603239307
1323116767
1987790177
1011310802
1320071917
1816674668
5439945271
5284735979
5572046011
1189957003
1884391162
2088389276
1230741163
5752730955
1437073043
5544755697
1930430570
5043400937
5470417234
1653393459
5077687979
1153632103
1431663538
1817016903
5584876859
1683019156
1022834324
1003032788
5005035500
1977597728
5293443342
5910254504
1702248898
1725177168
481772984
5530911323
620301630
1897231740
2141195332
1581630259
5660208546
823227753
449333399
710702481
6297475187
1994598836
6205032251
5573415469
1689841703
1888539020
5667612804
5997452417
2012038123
5805899561
1848572477
1038386947
5419646828
5475690930
5775240292
787272428
490831375
5774335630
1088256779
5427708649
5979191530
5422433315
5492356453
1663906738
5709616860
5939465165
1713685951
1184590943
1337765738
801455204
1053541392
5846246070
5313545270
5999672769
5753849977
1186623860
1724779823
1075985259
5041831399
1126999939
5141893764
690554363
5018035106
1648595280
1487228110
1000332384
1019313705
5001702260
1117500977
5508541623
5166526648
5659362146
5198557867
792855612
1968117786
5887313306
5455711869
5005045904
5186924030
5634845973
1233380955
2060586591
1298635657
5045878313
6195725705
944881659
1074420012
2051143282
5376259411
908460140
797304952
339120538
680383447
1353853178
848496066
1378431931
1761958659
6217275588
1921369509
5034296150
5303668605
2132953130
1919169264
1933716582
5592798712
790036350
1419287170
5634670488
5212933009
5496142144
5577355442
2085854086
5702496537
5635530336
6064833848
1982804873
1136484634
5263886004
1458535516
2038468604
1165840494
1460696495
1875594419
1712766220
5654921714
1173193512
1409982171
5684847718
5659720852
869177350
5931775049
5400077291
1418993317
5308431678
6000960490
1042531759
249148698
1419894713
5715090581
1000824833
1381517439
1053877282
6131958544
5708547711
803019793
5846604907
1404993138
6204694469
730208655
2055034765
391101383
2139590157
5251892864
5962986467
2013217558
6023177778
5696195805
5562509120
1788149971
956058166
1339735609
5827760308
6130092249
5977169177
5101668641
5382660989
5465423881
1057783033
1612443548
1243744295
1660247086
6250765110
5834206153
5778233249
5864686488
5485742944
5460380948
1366184301
5166085467
439703439
5547502250
5767396866
5637479928
6079293322
886237805
1267015386
2042638674
5627034213
5325252016
5016048864
759178855
5124169626
1153367827
5137875221
5638647159
2135083143
1653924149
1010036252
841467997
1474168413
6027531632
5691017524
6053663027
1721536871
5989145976
1000775761
5674758606
1746929318
1339695116
1743727931
1694291638
1691643582
1087224883
6193679320
1083480695
881302833
2139368467
5968077496
1368936131
1232249450
6017169530
1394147924
5990575082
1987673740
5541097407
5188857758
817676857
1011580193
1224611083
6020151342
5595108140
2134060569
1986126340
879892982
5993742117
1979308932
1553204010
1004301669
593183105
5178751433
375347018
5636700284
1087630604
5073448636
938150625
6156377690
5537684513
5143778690
1181553042
5264908662
5540169386
5788076705
770473492
6143483696
1622029844
2118786118
6055497487
1128799398
5351214032
5900104373
1312275705
5071001361
5308142176
633675297
6128073453
5684732774
761527133
6054896833
2088219534
5044667514
1202317020
5237742625
1164802916
1086147873
1280040506
1207033306
5191417663
5757984222
2073584715
949471228
5155452642
5074999086
5752712310
1724813913
1611279879
744644572
5319010523
1060161836
5772104171
5113048604
6265965097
1962930291
983775058
5651623432
1788639852
1320507193
5284520898
5722797182
1962126057
1417531600
708441197
6270448369
5807093719
5274740311
5912708091
1226162379
1764184172
6129695367
1484813475
1878808842
5643092554
5028865857
5020568842
775823231
5472154681
743458570
5538511275
5585161070
1420560750
1631583992
1089289355
1358318701
1788391240
506595489
6240273341
5609826317
6021190531
6003376877
1441572865
1560472041
5664585572
1814662066
1418295310
5766722906
714047264
1222160710
1961679991
5485946205
5522498390
570381242
6113823860
5733341218
5381835757
1041177260
2123717782
5134041727
808322686
1660756581
1496950331
5399955434
1335659778
477656170
5671669697
5821690232
5324589926
5055250800
5438006409
554165297
915012598
1991240400
1144467875
850730594
456988344
6059775210
1015895880
1867720421
5317046111
1890469242
1309049569
1926257369
5901120333
6073323487
1892326443
944483678
564422212
675848645
5698012316
1663783266
5155140134
1373734537
5725549228
5994716749
2088420754
5495555066
5523494666
5674722428
5939773783
737792825
6231811110
1349578573
5404322451
1482398530
988108491
5661823088
1439911302
1987900673
5453233647
658605706
1732138150
5943778470
5280340203
5782814781
1446762945
977193428
1836036047
6073104491
1378482677
6176505978
5304082227
1657898158
5641018393
5464201808
5115804014
2050025348
1283081448
5378150978
272994025
1133373991
826819608
1625940379
6292217623
1987664415
1702099533
1248461934
1526798531
793845314
1292944174
989417970
1420307127
5000692686
911646086
5399699386
1929613643
1184673396
1384302465
5682479067
5781229010
1286178166
1142977779
475219177
1902547448
5376425251
5396850819
5933115311
5307019018
2138555298
5451457314
1413387884
2065180963
6031795449
5389983632
1923101008
6221273545
993624873
5617918318
6295162579
1770125293
5128287326
1071819104
1363731122
577395431
6215439436
5739634234
1939840491
1867438834
2131271397
1702388641
5598333089
2110854027
6152676190
1089877727
6076989786
1266095057
922602955
6108538719
5369559039
2099027064
1187333662
5220091908
5082325838
2077269431
5740548105
1387664849
6234835433
895130121
1723239926
2116865337
1359463899
1149593552
6225346119
6138278284
403060693
669970647
5099877408
6071150337
6204444499
5531901275
1021579001
5784865092
5693089872
5891836353
5566928162
1224764297
946981113
702189033
1804556164
1413820457
5589504419
1565247034
1956014039
684950098
1059283765
5596454311
1384765276
158607283
5021907012
5682888291
1106054698
6022914530
1215709957
1104509976
5174887023
1352120240
5917067861
2116625408
6273776691
941370174
963902827
1945181459
1392911925
1095363225
5330025969
1454987779
1433294645
1105867488
5303275416
5420282798
994228857
1116127090
5764335432
1452621784
5350123381
2051603184
5612180412
1724948783
661241395
5618046279
1416184862
5363683715
1338333466
377657541
5610704029
1395624807
325223500
970498615
5344458511
994335608
5987294327
5854065174
1862434549
846485657
1568183363
5718735092
6057227420
546466632
1068771078
1151775055
828458245
5750044827
6285829781
236081369
6073277314
879773013
1101617884
280909599
5960947804
5259181933
5116680794
5059264628
5494564164
5416674995
5225165190
848752012
1049974392
1944492633
5391554324
6227183337
5525884456
5722039225
1451825491
1113968050
5686790508
6024153150
5740958867
717183047
1797479730
5242310133
5916012422
1316786708
6272724893
2086634974
783042516
1106445531
5237838151
1036772048
1171857767
1227288601
1788435036
766944506
1652526947
1944110333
5257369940
5832931983
1230605302
1510936228
740680605
1138123338
1940919276
2086355825
1632613727
2001248850
5281903702
5393824244
991586716
5758795632
1360033529
1192772690
5289503847
5305665591
5574141694
5361112290
5590746161
1346210660
5764236430
800492374
5754462638
1225338233
894728966
1046680149
5440274913
1116352454
5283594193
5407568484
5407568484
2083272968
1629269234
1736353428
5094624360
5191058538
2111579490
6280909025
5667254106
5708488884
808311710
6297522742
5805531928
1584003139
2126550595
6168109100
970375
825577773
1354850284
5318658899
5443805117
5458740931
1184030699
958312537
5643964400
6128009257
5470845014
5016839806
5944407152
6067165407
5517795990
5450141886
1705569540
1181622661
5510057631
5182529983
2027852460
5944401224
1956602344
5537539363
1643034390
2071752540
1874309238
5068461545
5889185080
6247489899
5036045903
5023846105
6093702472
5458209924
598647181
1387386701
5027910629
1021665184
5619979147
5370951779
1768878062
1966808439
878287541
860032640
1211676249
441395887
5792290363
5442486895
1737861891
5312098879
5161069503
1766246737
1591571716
5375006726
1376917271
1106415472
1348621114
5962906892
1432661214
5733985540
5402037521
1206617061
5756965586
6205679043
1755561838
6101018210
858034413
5851594693
6070347029
947294769
307464578
1083201293
5662222081
1660171983
5943015014
5376217365
927113129
5571115686
1559460028
6222366671
5599185516
6038828147
1102616953
5113388855
959095415
879773698
5418881620
1118241060
5766433251
1413955700
5042155200
2089124535
5946940694
6271445356
1354692547
1453885570
5129647072
5024361014
5913898877
929482175
1008563967
1636073894
5492823310
2117593710
5237259022
1862906203
340389167
5723009628
5221627208
5177249001
5959030082
1804525566
1559505717
5346794590
1485003247
5036744128
5683866591
1017068534
958374261
1522760516
1174631280
1427224332
1498957769
6128266959
5499798435
5412385979
6214389584
75094380
1250164668
865329498
5977998162
2124501344
1945491166
1980948911
1185899325
1139834326
1445429521
5739880917
5712898452
1574452178
5070492036
5509524628
797542321
5982708129
485146724
1667697012
1915591001
737512187
1799603897
631389807
984766783
1843388552
5106858019
1826291077
1801480087
1093574559
608766060
5991178368
636367410
5403628639
5124997497
2005653317
2142800976
5827265050
5459252248
1453377533
1807440642
1047194857
5545289219
1849781049
6064702839
614822339
1308001557
1858493429
5000910562
5069187754
912779930
1136317503
6180800903
642381433
5475121049
6144696072
5727553119
1787646648
884256805
1754785951
476121986
6239384079
2088016187
1717621339
1416853370
2056890338
1189843287
946810249
1259348227
6206045002
5702666635
1340832358
1423531901
6222046951
5031562693
1145807151
6171405593
6191575142
1572415982
5737759113
1162522692
1843732097
1946623490
5650327004
972507906
1064541728
2079789906
5581343709
6269226851
5215945082
951548617
134234535
5448743783
655480983
5168058707
1332547595
5918506501
1626853643
1797369654
1232311836
275333714
5072311123
1795734286
1400233807
5739470365
5689352291
1774709398
6111468205
1544953337
1685871979
1941854077
1040791797
2022857917
2043773436
5803085605
1331742394
578118988
1025629730
824750041
1141144606
620900579
1526840901
1245705436
5849346218
5172712526
543891001
1289837416
5187012453
6297206754
962557201
1365099710
5590845045
885998385
887639705
1529042529
1641144123
5625274621
6271529575
1642181617
1661019799
1520656880
1604661077
1035749289
1496542395
5365432651
2019004134
5762443570
1706842067
5360289692
1215118063
5607900120
1087961793
1774878060
1296123737
5917693205
1872292362
5414420163
5754356191
172425162
1237711316
5453525948
2057156325
1685523579
5804418086
5528231986
5867173644
2055527247
5312551754
5966303680
990879771
6231351785
729199711
6126204914
5542119237
1792944825
1316658489
5606211340
5651084105
1363648478
855330434
2062882711
1086163228
5102332643
2120547645
1632151987
1736825877
5231065783
5220931290
5782992874
5166621178
983093978
863355937
1624652978
1988445346
496396887
1284367238
679023221
5132887211
5364391900
941740263
2137620178
1746990651
917851549
1838170590
1842506567
766320649
5347255040
5445249416
569052899
1782872329
1737145210
6069960194
1978830106
6096527305
5785255226
5401129943
1456115071
735630437
6069978685
1476465317
6200911050
5782683643
5077157288
2008282463
1888255766
1207709719
1975117892
738290817
1453548497
5171976476
1458548476
5730060687
787272937
6201495036
6056341555
5249209935
1179048633
6144907486
5726603319
1703773948
6121018431
1756364803
5527448215
1641805155
1086173365
1954159449
5276876226
1104453157
5139874511
5994251904
5684891537
956837574
777314298
2013268872
5224104874
5890331800
5804690222
2118194774
1419648160
924263500
5270353527
1005927344
5653801429
5348943362
2046199375
681660059
756219049
1273344352
5188656619
5355963383
749788985
5398557775
5734822789
5137658145
5788580019
1295855722
5851355207
5713135771
1808940201
1363179635
5945238364
5319086210
1438159880
1472078086
906616344
5188211752
6127559215
5090900713
592532674
1551253089
1484799868
1017896522
1377672735
1149825765
1390608072
1138934110
5921767772
1360300053
5433634710
5956694242
6212563029
1128103599
6145060557
1303251539
1962540743
5418359240
5968841038
5329484743
5035711896
2090130526
5639522199
1307863723
834980442
6102615257
5579632974
1360589452
1885692136
2075083246
674095144
5466531325
1738141033
1037010694
1140553815
6023799878
5625228699
1560645900
1487618665
1612524539
5377190570
5882229710
399609240
5437784414
1546347775
1745730457
563412802
5806300906
6208964252
1506441176
1651928855
1386990360
5414739345
1241712976
1174430116
1818748735
5472957281
6064536113
2113428084
2122529882
1726178305
1402571128
858707573
5430448576
1018119517
1101258298
761129049
5859331339
5391526276
2002565162
5927290407
438098324
867531244
6292761652
5570155809
1969053267
5365923698
1980841954
1032961192
5089930902
5860340788
1545887568
5410398086
5505949767
1792754717
1112924080
2103437792
5583056221
6086240714
1262014085
6110366094
5800055795
5654537317
6134214423
1470278977
1753047514
1521794202
1472945432
883065643
926215048
1775102560
765481213
1171009738
1418421985
1660995437
1429043351
1633296758
5876568798
5084344841
6140841184
1371755216
5549217786
1634605668
5385113344
1489044075
1195275191
1877513642
2136788326
1398271650
1949275358
5761564756
6249838456
5062618084
558264602
1138257909
1445540298
2123896433
1298343974
5878132948
5082747106
5749275179
1330463733
1374935071
5941113276
1514734499
1998575016
1084077132
5955249715
1468049019
1420431608
1454469737
1094633242
1724298306
1183380275
5349871996
657136135
6249742206
5654973661
5112019866
1976926719
5091235607
5440897524
702682597
1094614699
1370232512
1340613950
5774510913
1467438437
5327140214
1309091381
5147262388
2012451619
6018174221
923349321
5427027836
1580884969
1716890592
1930564508
1393324720
5592904743
875120629
420037588
1473605349
1303862118
2074660205
5376278196
5178751596
5937404257
5608205532
5969943417
5555513993
5267300471
5814951290
1876736080
1200549856
5877251539
1665474680
766566230
668389020
5072554613
1316727085
5391023173
5287339659
5459904628
878931563
754144895
2123357207
610824800
2101098675
5354643877
1654877105
5404059739
2067081771
5193849584
1258105539
6284328067
5049459048
5339295346
271416733
403897024
6200157913
2082876845
1144347272
1265058956
1148261434
1894114479
1401388688
1567972198
1656687500
1900774164
1925121878
1403604266
1302639400
1255510044
1322892478
1662513763
5801244737
667781397
2088354429
363723620
591889070
6252900168
1069459065
1661450358
5228451792
5763001591
377695739
991216860
1153282387
5879900375
1006689627
1455641959
6012259459
1189602587
5691226298
1562332526
6247677337
5260699722
15974773
412880663
765414259
5785661042
1680561452
6072985084
607512558
619852426
5140422138
5227753745
6002540041
5740880841
502880726
5004283541
1221573189
5867258554
5332366537
6149131456
6090652222
1364690115
1234148892
922805811
650243339
841281155
5606872888
1063299045
1248003929
1602760742
1017111233
5838923266
1169029231
2063900598
1117315375
1103896974
889737723
5427463146
5712175488
1710272284
5502951681
1529729027
1217479117
5544388533
884846681
929674711
5970154515
953874803
5627890818
6081907147
5222966517
5461292176
5195895391
5002973299
1808829857
1622217055
1044689255
1482846427
6186013048
5628653923
5917858758
763736536
1570875689
1794465613
1908245055
1807961644
5403418030
5929958732
1100490194
5477744872
431395947
6029748848
1797820355
6009813450
5387431800
5367218361
1385591643
5826095152
5789964295
1669642124
5365550027
5843324408
5186653745
1180961002
955564960
5764641689
608478164
6251385809
1286985360
5843402439
896915859
1884064199
947871395
1358157835
1919809352
1029651315
871261142
685064008
5742792460
1570741484
1161160597
1161477720
5509568636
5080024326
5865946056
5765046937
1114331735
5031772471
810890312
1199470210
895117913
5157154452
5790588292
1300005617
1380807598
693983351
5753406490
5843126413
6107046863
885789696
960440132
896642720
1448583356
686408342
6250160007
147481796
5432458031
1097505116
5997574259
1962259026
5439256451
1794908726
1576034156
6197907040
6131027017
1346017018
924829469
5007704215
990648153
1715128262
766391774
2057441059
2022801574
5554975451
6028834269
6180890226
1399495342
1951896638
1053063220
6035829675
6146616145
807041555
1561296969
6174220768
1044062239
1084135917
1168330185
5052738073
2067794365
1665751578
5239591771
1327940946
5699038714
5466831365
1019417673
1173439737
5602162703
1771313365
716379287
5941064773
5434431171
5270878588
5059253167
890876276
5989583207
6283690506
2080037230
5542610745
5908129001
5504888664
5980426830
66605941
2126113872
631398605
5265910736
1261256879
1081208486
917663517
929879631
2016302809
1113901386
5633714227
821289262
1462988209
5282959545
5636609107
5561777350
2098392668
1973932975
6171575820
1164920436
1108349851
1392102573
353102315
5015758796
886589500
2110490326
2091444689
1858691951
1360337012
5150899546
995902961
5224760418
1928425905
1782020265
5383912235
1800596171
5375767911
5863633043
1161892382
1543550158
275015105
1025559305
971437372
1938045050
6269471546
808658775
1428486769
1151332098
2050330584
2142415631
5114989924
1071011878
5068446426
2122306560
1821671410
1138370295
5592557707
6261101166
5716775775
1157733455
5265885781
5440953073
5554215887
1378952695
1898035954
6290041663
1483421235
5027070273
5021088873
5710613240
1915250471
6022661977
1378862033
1470521954
5397871394
1806985931
1842376151
754785782
5196681610
1171257987
1065660627
1295898398
5683262443
1884517837
1658322091
5199408169
1169974527
2140378362
2111728784
5659311035
5494076057
1704843981
1334957503
1722562870
5240727701
5072935058
5316196544
792713154
949038555
1919937919
6202699498
1388868852
5089201601
1569771008
2113966657
843680485
5979138699
5429035501
1620105416
1151156969
1102342658
1407554157
5338975081
5694625391
5464433449
1934852381
1845038732
5860126033
2102802911
6255135094
1975835759
5882814018
1657413794
5234932374
1977288437
5940710940
5050284332
5636789339
1343095132
5625648731
5953059016
2007158099
5987336092
5830756043
2006669367
1181970642
973580509
2104072844
993809893
1819278941
5168429680
1731911503
1814758124
6251829120
835725484
6001934346
5793615186
5859954279
6118542802
5310324204
1732861840
1976328194
5553069690
1744586726
2080658042
1209089718
1749517616
393819342
2103877024
1577599351
6251285398
1485135639
1252592128
1220182810
1783636277
980714292
5616176272
1251796550
1533716164
5929611570
5558469248
6121959031
1953035526
5336456382
1416096164
648434858
5779475003
5349705082
5904143765
5630967535
1894907439
6230728677
5302740438
619192132
1704671201
5180200078
5104198926
1434168764
1339656374
1950393796
1685806497
1199319537
5450990565
1713687210
1244568826
5327606140
1449356405
5199120790
6081370286
5626963252
290739528
2113398214
852999969
1230913042
993647054
1370016083
1321215529
912253183
5719769556
1721283798
1445937218
1709492046
856528143
1075776617
1723803875
1369379663
6244211212
5050732151
5282990763
5614207523
1807706554
1318430229
1510660566
569266852
1386774250
1595841043
1768881500
5753862657
6048113849
6197958162
5214037645
1201968505
1314152646
5112011188
5209310749
5136826660
5460315943
1992068607
5252852053
6057139674
1647152379
1361423622
732925998
1428271336
5823152870
5902963269
1758582911
1455202681
1480859045
1271947164
1306365737
1985030196
6056873188
952316428
1683050495
1859087035
1306419067
1491921517
1220859976
5635524540
1012456895
5162198087
1684022407
518098665
5853143932
1842382092
1436593245
5526774300
5099725350
1566449569
915087009
5967561047
5645561547
1302866395
1688473679
5035500791
1065968826
1354412577
5993538643
6039134704
1904544187
1258444612
2052925083
5848171188
1906840237
758548066
1340977864
1103103519
5623593510
5908358765
946683680
1008776659
1520785806
1616652712
1041461525
5187248273
2063562880
5862663116
1206758478
2007927265
1388100304
5817413272
864420948
2078121681
5452597224
5058718012
6024479981
2092210544
1710448124
5171141617
520024038
5302437644
1223744587
5979842438
834155978
1497058895
5284947809
1277886816
2105886753
5146710398
1503544002
1084939128
5851934339
1119385351
2008356660
424638609
5849692870
1613946719
910518117
682517145
5524870306
1016147920
1810689105
1239195835
1455464756
5738031168
766059124
1112505385
5026137426
6297811148
5457098027
1147799271
5178948251
1969794494
1019356474
2027354244
1937695158
1891938975
812168295
167807926
5693330505
1187156207
1212325914
5848068799
1295403482
923359058
1953830771
1118892256
1615363920
1726955242
1295693372
5925965430
558957431
1791144160
990796510
5188752905
1043899655
5943481814
1604613382
6145772586
598243662
1216704691
5697086567
1301568701
5488044472
1220831706
2134958308
828379717
925669901
1315806135
919158951
2026322152
5020939607
1285860747
1867235590
5360006297
1377460025
1119247833
1970415311
1730462044
943913816
1823541392
1488534870
2100532146
1679610656
2103194540
1765967350
5883445429
6254620320
360602020
1600938935
1960405987
658792355
5872776336
6103783817
5391136702
5097162307
759175999
1345281746
1411478450
1554564558
5239353285
5797434139
6153919094
1162688995
1471061080
963565004
998238150
5405490421
5589217891
900197507
1683272862
1718016858
5945356344
1986013117
1567728288
2011912612
5792829836
1493536343
1185896001
1903229694
1296686671
500936057
1382589708
803816380
1691937601
703280489
5317741649
747066579
677142688
5061498912
852851869
1245419672
1106141966
5637824314
1685146485
5965088789
836422616
825835115
730970728
2099633352
1868663828
5031172859
5163426359
1247040991
6280749478
5463534197
6095986655
1501561209
1335834664
5633293270
6259057707
1121480100
5857498970
128075510
708163797
5908573516
1024353598
5381440347
1962276837
1085212250
1238851919
1690460159
6148809517
5688526050
1391276362
1787378814
5860699876
6227053031
5442410322
5655582433
1587409359
5552414191
5738440711
6299486320
1047373913
1047373913
1561706157
5957217586
5388813778
49212639
641675158
1024510089
993443765
1738238345
5184729466
5127862681
1445015623
1047041664
1487626349
780741905
5266704331
5809833307
1335485888
1114955155
1663099157
1169304212
1427188632
5047107935
5344310136
1075507524
1323400380
5587876598
1385651225
6107280327
1045564610
1038590707
859268343
1445326588
870315534
6013092309
5883305113
913654580
1663913389
5773244160
5549117002
1818365952
848839151
1766310478
766887607
5497004667
1187887674
1877295187
1362540264
836544371
6279510337
5710105752
1173180204
5580460575
693143201
947351427
5542636425
5921679888
1779292948
6155366581
5082062270
1123084296
1452875461
1560698463
6275923727
5818169293
1836035347
1119417758
5643944634
5372349918
1253307681
1446329942
870369243
1306640284
1422142916
1245103837
1069251522
1229483572
6236400346
400692600
1346388728
631610336
1470568118
1288503887
5736348567
1369275390
943206173
1732236100
1011203244
1639185882
1366939728
5677843170
5195686037
1429849558
1569779582
924705768
5569282759
915023750
1474570341
1241478426
1874479237
1448381380
639610161
1975298895
1046517747
1653880872
1904909832
1717022336
5623692758
1420825778
1374759042
1440530002
1356022899
1253166818
1068480589
1374559296
5665164525
1269180212
1416735444
1218535682
266979883
1180607346
1322028775
2142445325
1478381791
234011355
2009114600
5268040526
5165664741
5827976706
6205569164
5016851419
1535892332
1636619431
2116677874
5973040749
5809593152
5678704741
865300293
1398068364
5201021931
1682287058
1769954680
5225129133
1833395108
2027713807
5890056554
5932098512
1733019427
1889562981
2057616697
1959046429
1604654136
1338882138
1032415766
1096608346
1637821860
923681280
897158024
1978026335
1416989937
5293963353
1789156197
962426574
2144211389
840198700
1102430677
1025280652
908779659
1117595780
5243441456
954433987
1495245277
5120793596
824542683
5962692149
1306557896
1252669062
1074379568
1845842166
1038874513
5096545608
1429949290
509757965
1614333257
1034402349
1348062235
981190822
1340904580
913009473
5167038630
1713244544
1130953515
752641198
748632232
5042272923
5602524947
5364869124
5561830580
1032233765
900992689
5579393109
1967511361
5102036486
2074729326
1008092119
933325454
1949494384
1002673822
761617920
5412280814
5761242569
1063777684
952873935
5048255162
1869948346
1233444722
5458499986
1058949762
1332231583
6027321162
846936167
1260186968
2034416034
1784892122
1575368818
1163084857
1910124659
1101194870
5562304859
1776572274
5673859049
2005649078
6292827909
5670336920
5254425679
1487988795
6105140833
6201220567
1103998458
5782320460
1025031013
6255629568
1998317311
5197359202
5073708343
5636040414
1613803605
415455672
1596595789
1529989537
1359473725
5447943880
670279697
1327143939
1425208367
1595127688
5558143996
5055063223
1419509249
1046574248
5837759808
1339813196
724135347
813488977
5170217031
1320619436
6253092010
5778183026
2002417646
1027931931
1638206944
5093410690
1172612428
1298881550
1013703737
5060989481
5094266961
1256321725
1366433068
772672102
824377975
1761134783
1101642607
5524731958
1074201464
1879571914
1154207318
1512918127
898871182
1367176670
1951340306
5649533269
6073378440
706900825
5686957483
1850101055
950031328
557483004
5337083754
5734927898
876524244
5736771701
5470017425
6190364859
2061946508
1881587104
5479124637
1334731338
928922547
5335106630
2139826949
5070900856
1657880942
6189761668
2048956620
1521317328
1366061062
715468225
1491809696
5438163291
1377366439
1651991313
5288004652
5149533967
1201179118
1388820592
6119617693
1266217190
6243255092
5622381040
5323614935
1428075662
1448089462
5381182311
5264752582
5425137071
5136773595
1444002048
708485978
1778152138
1334194734
5928095497
5721643244
1272339267
5988296874
886226077
1211686824
445683620
1275856684
1497497337
1684823307
5436357314
1149583171
5912160595
1614026934
6073461493
5618697818
1832760916
1449147076
1314342363
1642118807
1077204225
907024139
1498339636
5913716885
1293153178
710181118
1302982234
1043365911
5538827868
5293828078
1496109292
5775024039
5010989966
527439911
1431521805
1769722788
312063403
1795934668
1881124804
5255838165
1037422994
148483233
5059484008
852771058
1644866932
6102252910
875064988
1309296187
1374435805
2041060948
946151055
1686234242
1836527158
1119187397
1826588079
5122502592
5574782429
2048524270
876790558
6117489975
6064541088
196870773
5579952868
5891236427
5123661350
1242398876
811572481
717540256
5043721672
862307847
1432684959
1450415654
6234069671
739248094
6233991460
1432903476
1303083980
1501263629
1348709203
801955942
1909474280
872017131
5932199124
5452742059
1842388086
846195677
1719663499
1446207692
1584918288
1059630752
835731066
1448954788
5124174686
5343716780
1082641935
948464799
2130919570
1587357701
1084227510
5434093816
824059893
5606176598
5223310765
1961502748
1258678149
5454524982
683611594
5353385551
5370793923
5057864189
948593593
1014774690
1110841347
1570915014
2124864732
1009420709
5515259752
5255281825
1737879695
5701118427
5895837492
5855277505
727735149
5779852714
1624764688
5490253824
1243471536
652769275
1922664788
5652412943
5932056876
5882486698
2142220933
857768136
1830692099
1233605177
914490608
5043370780
6111069499
5795440536
1890871631
1216849175
956721909
5144640305
1546306803
5738867763
5071514174
1676738191
5537684822
5815802964
5243254355
1270013995
1265741793
1163331375
5603603628
5569023875
5389731243
789040314
978332821
1890072952
1350810996
963417378
1713721155
1296897028
1889138128
6269558500
5992486065
5625296721
5450477503
5000661686
5326914106
2005856942
1609565320
1756357910
5834477667
5587647317
5312136371
470786792
1142689071
5103863487
6201757122
1136642475
2011406470
6162840802
1951693700
6031303267
1551566906
1072280263
1163339004
1653712311
1816793716
1515921123
5688165172
1517372160
1989297705
640675871
5112388652
1153655562
5983724818
5397472343
5647382190
1023258955
1089848540
817042146
1398583651
1706403041
6130864603
1676097884
1177779694
5803512123
1907931889
1921084502
5304211155
1454400481
1951043523
5834016414
1167388016
289375273
1367763707
1910752622
5655270894
606679797
5550595613
5009910191
5598425332
5327320051
5393012704
5854482548
1725350102
5444700803
5286851469
1465442486
1723513021
1948250241
1344313951
1232128786
1192706871
1692250563
5185442033
1642529293
1274014202
5671823396
5178233740
5053692216
5217211798
1046422545
5017073430
5938881160
1807711358
1188478227
797420211
5679025375
972652314
1290672050
5176263529
990422241
5220939214
5311957859
1080400688
1478671458
638433318
1045799633
6119291949
5747853235
1765373169
1869483729
1399961959
5884690870
1221293007
1044670141
5591532720
1676065957
1600717394
5010307645
2112069944
1827784303
5031681475
5110946953
6215754826
1945206942
1136809191
58075545
5015789400
1879102871
877026913
5347686991
1850338009
1431017591
6268640753
1451122342
5699002732
5922309010
1565878387
1843528814
1463982091
1774865797
1335893265
1965039115
5015635228
2005695499
5600020538
1008370105
1917694027
1770121414
1321311034
5209695275
6008775513
193024245
1636828903
995782072
5293856725
2057948317
635285497
6148459424
5336803583
627781784
1253934957
1366713267
5253776510
5180429348
1734192031
171627720
5858202476
5778290137
5014081920
5063288491
1159476104
5379930687
1571995576
990000114
1834820103
1276668660
5706970887
5321446169
582117129
1407586599
809400009
6282132429
1987793623
1667024379
883880578
6158535434
1265895231
1257587901
937688329
647600545
6184064901
1225354548
5672373447
2042481764
1743278114
5475343690
1019888516
5104614248
1131570620
682342062
6284734879
5925298029
5834275179
2083999906
2139647639
5700226489
5668111551
981839473
1640879967
5676012641
1530720782
6210823660
5547696411
1462718122
5622297706
1860692279
5332372333
2115336337
893147254
1617137869
5239703681
904389405
6187757543
1743369391
1095535886
5465216951
550323528
5796994977
1004106586
5443533784
5039444772
1813514907
5293375898
918289220
5389852612
5838961025
5493828038
1636142989
903826309
6283780644
1102438410
1345901408
5949475826
5663916218
478688453
1183135867
1822109930
1698040610
1824692001
5239719291
1844098362
5584595094
6198538585
5276835936
1091116874
5874231756
934117696
5796045361
1320332932
5988328307
744130037
5705227235
1160754452
771704422
5426782487
5328430685
1952093117
5805845587
5880361268
1263662789
1137234108
5505247538
5478508979
6191024116
1491724377
6095691305
1841448272
2037590273
222748915
1123207734
1146207466
1577941076
6078147268
6215249873
1407756488
1471777681
5720780241
1102047950
1496123169
1065496318
688747079
5593768257
5347918418
6050213779
1097443928
723053181
1691486195
5811799656
5671741949
1140707987
2132282954
5107182378
6033314174
1311550101
671290736
1794796543
2075738259
942343605
1099545324
1274954033
5678337961
1722884056
6165456178
69024505
6173544510
157569031
955660323
2142998186
1189708447
1147222849
1245898917
5020910976
547143093
1019305739
5344915141
5328391479
6276249027
1248113407
1238397938
5824276906
5991189873
2089355300
1087753453
801641999
631776989
2052718475
5839617030
2030166985
1792696122
5968839713
1162832395
5574524096
909371442
1054403481
6062274035
5448780840
5777914438
1217898179
1230691480
5095667882
1087454834
934848796
5811062310
893940505
977282827
754066748
514000774
6210511680
1615841051
1018188073
1099175111
5998981323
1933981008
5547685936
5733073798
5141646812
5665437816
1489811259
377787732
1092051762
1444705404
914136176
974559266
1422374835
1116565608
5433070359
2011411899
5345455781
574473257
5168076273
2028373333
1089603561
1065651545
656665436
1219282778
5613925942
5291581631
1399931937
1386236164
827988115
515690310
5593212434
1053752922
466342210
1490804157
5538933852
1372228752
5606724798
1988841091
998133074
5642483613
880936945
1482471510
6023333758
381187862
6250152478
5708671824
360608354
777239752
6162157147
6144497409
5811042044
5723275724
1708938248
5490003373
5938739366
1660939591
5492229704
1902411021
741533806
5758419562
6267372434
5857491396
1215298280
1440250383
5209365339
5395442353
142358457
1018133061
5093808664
891640960
5577838671
1698229444
5530914613
5848016419
5174115510
5610311394
5748961115
1406675209
5139499766
1285073906
5231099527
1692504589
6038313136
1713230038
6265063445
6078924663
5524606981
5185565976
1169215061
6287615117
2142773484
5652405441
504255180
1814562890
2106424318
5726683774
851997297
5046170526
2113642522
5031540901
6280384647
1833695591
5186167039
5200511929
5185628069
5689839732
699341766
1718331089
1429811951
1163267840
1595049204
2143030493
5697251419
1455146449
789384622
5519191912
414430183
1205259885
5555037070
5702631338
2124734420
5939457446
1823136513
1257796256
5985154996
1426720658
1896972649
1928417306
5334387462
5133698046
5468275543
1466949881
5576857511
1340440621
5820248895
1613873312
5502318564
1800822900
5406460222
5013824226
443749013
1476155148
5029997836
5184472068
1506673011
2092001160
1718184483
1115494950
5418825117
5728302292
6048752441
5793023055
6227453233
1799830416
1087629793
1310685663
5986755942
6134943313
5414902750
1715226677
5987828797
6080709863
355340117
5795565662
5653054006
5775562537
5911558993
1071001182
981375194
5169437334
895304479
5493811840
1957683687
1686258537
5158300468
645851973
1926941740
757279646
5914625442
1492267763
1302312219
1441524191
5737476398
5991611364
965306070
5913172423
1582754954
2003596057
5036490851
1716201540
1588317536
5333679322
1880884042
196564475
6190654730
6155745811
5984060794
5319037923
1050472312
5620573608
5747152360
1744462909
1077591201
5564872060
6296915966
1861200598
1597826053
936957765
1238752119
818992286
1874668941
1213754033
1016021464
5133369816
543549506
5137977495
938653779
5794024935
5019947226
6170651084
6191250881
5855532192
621115859
6178648021
5111020258
1696796597
1391725253
860364577
5178838772
5980343685
816831368
6097948881
1700882869
5201175019
5674764407
5008512299
824671805
5706758528
1859396966
5490393146
5697253610
5444968501
5235121872
1577417876
982926815
1295700102
5432071896
1192665075
5773393269
1365446942
6274309598
5642265043
6000361623
1956187653
1788782380
757690752
5701955581
414222157
1560235874
6239223176
5864170705
5483548919
5670474801
5734250757
6018138410
1481226706
1673165184
1334170997
1230347258
1314131961
5691955181
1235702282
5427246713
5444469550
5500146558
1394790890
5012268534
1315664143
839770760
1006441350
5703861843
1463460391
1544429162
5371939159
6065330992
6142211151
1178377729
1491129954
5375224521
5860212710
1213183704
5455038376
1352153104
1153078188
6143763557
5338828229
1264361166
5232596001
366858436
2061193534
6181343259
1687130062
850175010
5600400523
1283360327
2089429458
335988948
1016355595
5739129084
1420712663
2045926710
1265053645
1795951668
1537386959
5671362435
5916194964
1277109313
5429004806
5169160696
1418572298
5794658353
5386502128
1876628831
1696421749
1390469257
5164291919
1778955102
5577471496
1802536411
601739115
5829269432
6069887759
2117546223
1865026240
5817171347
6285250891
1059245641
1205101422
1190474181
1349303553
1943189810
1278719172
5559890594
5293180427
1311059679
1824445336
1321549412
1126319769
5516243351
5609226651
1136341684
6237782868
1595307686
1479905891
1607890247
2143924633
1164736371
6133265543
5640769941
1168830206
6002726915
5969956747
1183417628
1085778712
6034391095
1016531390
2098821877
1111195626
6084255525
1950562910
5033664584
5890216891
1893522444
6249870554
5347765073
5082887877
599944107
5799812585
1250547435
1110333812
5654371483
5803372776
5694172417
5211356290
5757205899
1000177326
2084791753
1642602472
1106819118
5525781525
5816349690
5695694453
5789974381
1273876765
182278757
5905752382
5928549440
5807022711
5699797801
5814780527
1285789874
6082060917
5246382647
6077043884
5962052186
5535952281
5149527810
1449740838
1933514830
5982499669
5081758748
899936186
1817667235
1070317364
929118095
6234558041
6197628663
348765585
6279729992
5053416682
6076478161
5703538390
5992187276
1717906008
1844734984
1278150924
5699718495
5073931642
6186353960
1634982227
1109088720
1970173299
888689024
5367697179
6145103865
5171148188
1116064556
5647086388
1465993042
1402366385
6028653880
1921185303
1727788902
817154787
5655235701
1172362113
5476316608
249331727
5238349201
5717890019
1907246421
892618055
1498770986
1049255023
1102278646
1370741123
690864761
5927987324
803517179
1900264951
5429425458
5971419768
647536440
886926554
5420620606
72980590
72980590
5403689192
1491990296
5812802977
731609286
5906924262
1131116566
5435975873
1930525298
1912987795
1126444902
6135333593
1452682767
2107927011
1927504702
5249772699
5009899059
1382143252
490131769
1767111065
609761853
875790016
1762441561
1388144982
1088438451
557871964
5432570706
2102086817
6239503387
6015694111
1439877888
6159737458
2119437471
5974180670
682258217
5669688327
6291604744
2129284602
1641551981
1440181350
1661601953
5649802727
5719314134
6241472295
6265887433
1086949437
1469892451
1429761482
1032004801
1850297522
5337097551
1798052304
1022527712
1398216513
545815832
5390376147
1892451709
1041248772
838723167
6243834366
5451816556
5027867400
5274607479
1816005299
1289324458
6073900492
5683105081
5054182401
1037882822
5458717317
5109774728
5322294869
6192938912
5987025109
1927601217
5888138267
631020011
5826628596
1161869785
5564896783
1751794070
2017442719
5433854487
5232724812
1217740099
1173031297
5527419835
5507484356
6018357965
5872359471
5008341176
5694274711
5872504458
5867043838
1819036778
742436262
5133037321
1057016751
6295144207
6232433208
1140774
1761750281
1397324754
1317942797
6179329678
6107374926
972626774
5041090021
1246119043
656555556
5997044747
1420472784
862615863
784747280
5083411098
1896541270
5869951521
347902607
1871318646
6244742295
5027049141
1362804279
1452734157
1238769352
620034475
5024209202
6255070061
574139977
6042292147
2117798458
1792420737
1831840630
5613535991
791728870
657020520
1859450365
5830292599
742885686
5376434564
976437048
5631989188
5316204995
5021065790
2058258472
1276487617
1856988885
5960800973
1944939529
67098509
6048065486
6205937841
6205937841
665987921
2067110380
1826429556
2009567304
515797852
6228149659
1197416225
5804646284
1218365556
1955686500
1005056072
736268063
1215170709
5401442219
5386772788
5250617485
5760003077
5888576839
1998281158
718923630
2023184383
1780033469
5207765441
1235610460
5880360972
1276617004
5029690461
5322820831
1715992107
1476739995
5510189952
1079282900
5115945996
726395360
1793755635
2020787475
1764929684
1015092032
1575375106
874733610
1160887713
5720924695
5509151759
6222133146
6217936593
1424233730
919956760
1064207003
6271483018
1017528120
5456617541
1999105947
2087666371
5274829145
1992291194
1075808679
1897500698
5932830198
6113160528
1704551028
6264027476
5784321557
1976269566
1258180266
5336588969
1302171647
1698817524
1188667362
5558301046
2106121755
1718312255
1137496839
6017082110
1797412898
5857464019
1687144034
1088795288
5221901255
5352477190
5204512039
1307910266
6063356617
258986953
1040635550
1895556982
1550136482
1252163297
5120004964
1777506782
1247258373
1552752986
6046954254
1679476855
5156778232
1657569485
1453823608
1336249137
1281718164
1518484348
253069542
5303899499
994511913
5202183861
1314475041
6225874180
704626092
774412050
886333941
5439655022
5277347586
5507286674
6232520841
5127057589
6083105471
999275430
1716767967
862368147
916804875
1383774617
6047146401
670290867
1260185819
1339350446
975291515
1951964506
5668866916
793549775
1277919885
6150807845
863578682
1473161827
1135264965
6116760313
1548465584
994635953
1737546342
604311796
5586880327
945893153
5719538711
5597374506
1832347081
4158430
6056988853
1764009493
837478492
5276628247
5144225914
5448257018
6065770412
995132340
5852075005
2018048789
1883948138
551893744
903382827
820456667
1046103301
1335631356
1900760136
5014248120
5012406813
5026932099
1030614834
168398983
1676000066
679055453
709594771
2014873984
677996372
1340076617
547089112
513006778
1763475967
5959661308
1066650725
1200092589
1664108513
1637219178
5199220549
1299089798
1097185972
1292764721
5363753436
1149415507
830362668
5888237003
1027851193
549740892
865514992
814361655
559119550
806591787
1680039602
1043532420
1409413585
1786695968
1864575094
5788732297
2015620947
1683926651
714030114
1566492761
998536573
1057028562
1344616296
179701671
1021075445
1879782845
1354057287
666812583
5443406999
1891621380
1720107069
1975298859
5663255827
1454514891
1180360400
514225492
1252200987
753294307
5565575631
693539838
894680663
1377092247
493442111
572504640
1378281489
1947200812
1015096575
1160346816
840263018
944254117
5066288029
1464287316
5736617714
1572580315
1791810549
1263762455
2055104331
1012557152
5983053073
2067826973
1216951461
1585508505
5875755907
6019917886
5093877267
6265292007
5029891039
2051639721
646388881
6180401206
6085561759
1978875586
651084835
5724700485
5472088797
1599340140
1698181337
629538286
5869544772
880536110
1090310454
1040981064
1357428997
1339500064
1208606414
5849940318
1312156164
6148311492
5055683042
5082304861
1418227512
6065427565
5727272041
5579828445
6286419046
5524857937
5868000293
5934304240
1411139752
6083516522
547501936
5411416192
486055342
999698732
5208227433
1530419388
1032701192
5306326390
5444690954
5404781197
5632509849
1486288096
6273292533
5238258021
1767903320
6290184296
971510495
5545714115
5852263115
1964484681
993323898
5489027514
5224910094
1477934184
1913602640
1486262249
5395145138
53375641
5921614620
1240539126
5944600558
1698162857
943324648
1407812553
5061852589
952032549
842751681
1713282458
5728230045
6040575995
919252839
5829926015
1689990081
5499494937
1748776653
1036894774
5248280646
5662488457
5588698909
5721212996
6028655354
701087134
1072723373
5276879314
776662023
6267605848
5836560039
977943340
886694933
5628822047
1854101641
191892727
5432373745
954897811
5807001925
5497902010
1393520741
965732704
1206617542
1015080674
1721558477
647266970
6124243766
6082441991
1288697201
1268236148
430998711
6225232005
5680827200
5370822444
739765467
1055956402
731769531
5002765413
1948376335
5634144555
2106204024
5458301522
1063860556
1132491042
1012955962
1557148866
5626889444
122611040
846899730
865067875
5446235123
5435615210
1854150205
895622459
1244837784
1421207801
1788915023
1420996065
5478665142
2027429151
865721849
1341752468
1409180467
1340424018
742945200
771761168
1506755814
6009528925
5318571630
5703248873
2094496198
974157262
6076770420
888612498
5611437011
1781630872
1429046380
1184204770
1403424550
918041514
1818384553
996294035
1259841527
1451267087
5794412606
1732770569
923554794
1054530943
1802291865
5750060976
1660242919
1203858749
6054721531
1840326654
5505507721
610801786
6244007541
2032364935
1676607437
5321836481
1427320940
5723532514
1299993806
1938031792
2037065447
5646312807
5681939372
1901814961
5644042042
5857988719
5380470286
1496038547
1305484015
1252515022
2117808730
769138425
1390012441
5662462863
2007409746
6094749943
1358877164
379278603
1318480511
742179989
5656936775
1449150925
1458019407
1195218746
1383751281
6197528320
1361833529
5550368127
6166405009
2086396291
2077682774
1532343863
5376810910
1285206619
512462323
5394662180
2058067717
668183590
5010216064
5515719235
5502187762
2027923203
5854656460
5395208883
1896727330
2063156272
1698239923
904707589
274989582
1720635847
1605873073
5142552597
1936517609
1141290223
278747992
1328869583
6148142041
2123180497
5790487487
1911967397
5573154310
410210366
5141266762
1030979090
1055634300
6042528592
5406890244
5564636703
5552438775
6240497320
543288035
1428928800
608494046
1863008481
911781257
1288552064
5676159417
1925174049
950371471
625112112
1135249608
6289197802
539222631
294940860
1537907077
1086668849
1352658106
1503153313
1138512169
545394820
1311973034
1952542948
2121816478
5703991177
6080728204
1532303264
5896978927
5817033079
5253343817
1957453406
770519238
722911738
1050842924
893256677
5537143716
1013504739
6293455328
2119696377
1327739850
10709627
5200669913
1205537517
1924839419
5004230383
627368320
1281953063
1100007548
969440162
5463904201
1630231121
1311431932
5528586262
5649957743
632204003
5436856019
663098779
1238738595
5973305846
1006456867
6258278386
5551782685
1647006669
1988327514
5667603614
1707911153
1860407826
1614979133
1118655900
5436607113
1471197327
1605991542
6079765712
5647991355
1254055744
1421145583
1111252874
5792147737
5275801854
913476014
2125975560
5492614878
5875252249
1947698962
1998505281
6257913055
1334664283
5026987097
936882124
838746430
5995945680
1482267332
5647652259
1850766915
1339731898
1251626305
5774871765
5222205534
1550702334
6007105802
1873640016
1280631426
915516426
5744130771
2036318948
1701443295
6004146998
1916111509
1407628268
1920821310
5462571383
810655541
2064707016
937827044
5381956779
2006746497
1587429516
6094570020
5512953673
5710237285
6024342736
940586787
5265753337
6074953519
1043916080
5586816008
835767836
5143276719
5809307255
1187987726
341032351
6195509764
5026499242
5803950535
5396465636
827310091
754138204
1091032034
1491707357
1365030535
5368285702
1876122453
1351502675
5136943286
5202771108
1117174105
1487203728
5272826124
5496075832
1177293117
5895732244
680370297
1180819607
867902534
799873221
687044183
5109725639
5075900321
5502342643
1940858483
1427829742
447404760
2045356715
1265174797
5023587511
5522907275
702086988
5227902561
704417392
5436878666
5000683391
5320297552
5248274210
877031030
6246200707
251683616
5551916675
1295297463
627154601
5143389725
1434892759
2110437976
2058017800
1554201987
5857111891
1911097960
1063487583
832266647
1894732634
5736408820
2132789167
1756000787
5297589320
1433896108
2011525450
6297228343
5516329528
5908226257
1414993133
1479720328
1393056152
1077275063
5752974457
1345366312
6112257893
1223929841
5252242619
2075647777
5000678649
5350024244
1828110486
1856086770
960549424
5037626381
724195099
6259340036
1462186828
1671864362
5081426675
1319676562
2050641831
1658540874
5146034730
1838447620
1340228692
6085848435
5232173340
1912995313
1486947629
1326708768
482761705
1751379294
1372587510
1801704436
6189868587
5512738205
1694828248
5782399212
5365430036
2049862761
1055935965
2120249577
1896980852
1318141552
2013929061
5798847956
1565270432
5505398412
5788371148
5504871967
1424000882
2048437685
1881934906
5813071094
5300155103
5273366738
1644841724
5167935373
5704552858
988770127
5092773226
5922330273
5369133322
1155610225
2135168224
6070763004
1258062882
6197687628
5087492049
1894911145
1105907195
5352249462
1781521900
1836142101
839222934
5869075244
6149460444
6135412397
5372246983
5449683405
1274944537
2135247774
5493050945
1553277428
1830581728
2135779181
818908740
5475870968
5835118511
2041577778
1185715591
5318404336
5140182696
1181254431
970260462
6147908311
5681409012
5637813897
779287310
5812883132
5184565777
1141853769
1017683340
1925038822
1312910288
1581238495
5902124751
5378076633
1050865533
2035291246
1259797165
1417126128
1422576222
5167523815
1585604925
885968797
5964802898
1306662590
5508407224
922068090
873109865
6011988594
5858665921
1218871866
5220732847
2100018415
5112501947
1965583079
5080597623
1162683872
1072864138
6089502095
1322295548
6080380437
1039526789
1342520423
1159613061
1693190222
1086746068
1874455728
1418403338
1861815769
1433200603
1534686768
994564415
6101078291
1041954546
5485323028
5286126684
787135189
5512524848
1778975341
5596571818
1092255253
1077339696
1715741390
846462260
403244107
1911639222
2107883924
1972461728
967027412
1202577350
1951261082
5677972720
1854820122
1438266937
786336046
6173930919
6084586038
1723795903
1150442967
1006857199
2018007239
5328540945
1284683999
1520836583
1049357843
958509093
1911420647
5443628631
705269813
5505075097
410844092
1449803272
1642190946
1092648406
5094589281
5616932242
657723418
5716831222
311377773
5526141931
5239007117
803266203
5499280918
1929063342
1683287657
1280366369
1471513768
5216757332
5964366158
983562730
2141135712
1142831073
422182010
5524959051
1519801881
1197077225
1499437572
776110550
6109399442
651828960
792369525
1475136339
554009435
5909557156
2128755654
5063734278
1266168349
5308072356
1057310089
1325156881
966302179
811543146
1269356938
1274754595
1953689081
5184684966
5025444059
944263259
1707511572
5177414953
6066165752
1639096670
5669582631
1670130884
1003506533
5865920013
1982513182
1833768356
5279895910
5637614073
5027371451
1267067339
5328557161
1894852527
827607662
5751800456
1868868744
5408837626
1971565432
6167196071
5215711115
5333433506
5835840612
740219213
1239857308
885481272
2134322191
636211963
5133084841
1248259485
1336362235
2005076218
5820839721
1335185344
1477289778
5964174632
5950182381
6118504478
5036636948
1446782806
1870509725
5435577222
6237689221
818064177
1509575326
1400881694
6217863668
597668718
5048673500
1910043731
6221177756
1711757742
1366592709
585306496
886752570
5586576998
1543405034
1008397715
6140614542
632236838
1498328761
629257870
502641126
890944406
5936659644
2028305988
1307222766
762332285
1428973112
1438948323
921757923
2030965998
955610701
778615590
1134074073
5098565671
5737368720
1198841713
1315443799
5017727129
655758743
5074030347
764242780
1272180986
5209829335
1545813404
5523281031
1052342110
1710314116
5916685648
1840980266
1491700091
5372625077
5321413490
770306847
5812131196
5914708529
6069157646
5473881732
1471976211
5635414485
943418483
1601078989
5307362100
1739353944
5590951928
6096418497
1788489095
5351480130
1360427470
5007331319
5689397466
1369098637
5442243124
5679783164
1745114502
1883385203
5101195228
1384063294
5514866263
383422939
5711834796
621304894
5243966572
1474192556
1471218723
1260213093
1431001549
426705900
2114445195
1273164531
766850392
1200253040
1995121135
1408839140
1120236731
1981331858
1950435062
1363555152
1756587134
1221059988
1914202552
2013623545
1192422533
1824315625
5328376198
798830132
833730285
1943935141
1058516913
5350892180
5176508755
729253105
5034304420
960858891
1363323940
6011355316
810282153
449344898
2119436787
5558291127
5651730252
6015116528
5786952822
1962585433
1359145001
1454282026
5776518073
6066632824
5123506085
1255127768
1255127768
753000270
5390303893
5207432922
918909868
717031936
5431451082
1722401404
827515822
1903193699
758654247
5294568698
5417839516
1345074337
2034809718
622351345
5017947334
88160817
1259454590
1099781032
923384767
1102908012
818836032
1475141018
790261522
2002670115
5756839859
1350640097
5420468965
2104430369
835436096
982088553
705338143
993387700
1216968958
1908613103
1069985161
1082659658
800230623
5280455897
1566566815
5774424382
5800543966
1290047900
5512085362
1870966982
2139302626
1053338125
647034577
667085023
437642805
691152385
1730776751
467666019
5237056432
5245907078
814100502
1465984976
2118249653
808639080
856585835
1157354377
707700025
1323477623
400586199
2081881502
1333166167
1133536195
5717955484
1360864978
1264580263
1030399141
1275214868
1008211615
1025645517
1371302775
1254181251
1271921011
5356087366
1655399958
716492993
6153744558
1107536436
5795000246
1694865025
5845844153
1282222392
1185994759
5609710996
6207216652
5512152250
1462811665
1439238685
1925857065
484030569
5022046680
2034728413
5586175349
1254742826
745362527
1664975792
747597569
1149731211
6247801761
209666808
1965751248
896340530
5096012632
546728199
6287560079
1427647039
2047292470
1429217407
6070916917
1717182006
926652417
612040396
1002143046
5299426491
660444152
5513317113
6063306311
627707544
1443959344
5205967675
986922660
2025665293
750232837
5890259139
2048832460
831598587
5604658123
723644438
1744058829
1827990439
1461986143
1953795932
738512687
1154554249
504757484
1295525608
702855233
1717936460
5559988581
1185674020
6145644953
1456991252
5200569922
816364366
6240153024
5533094040
5914884053
5254326324
2003277607
933203768
1492490112
5108447332
1113395830
1665993216
1457389213
1731794046
1463363873
1040601468
1650085734
5068033127
139936576
1326084141
1623484900
1190963922
760750239
1848044423
791193808
5813019586
1857292240
1923303795
1119096981
1708450715
6036306958
1216138118
1436154962
5138609443
1773426787
968674302
1650987936
1937341747
1295092314
940465568
6281730646
1686648414
1743132067
5929604830
5620560965
5973553524
1050518335
5306559784
788019731
1608793613
951164667
1677231772
835849093
1643880646
1861374560
6227914305
5380568476
1853184533
5343546701
6243949836
2074276116
5429872197
820479941
1849699223
1082994590
1478822867
5318262793
864520433
1812578085
837302049
523420437
1092068750
1036819573
5238389527
5824024692
5346198709
5545341097
1314120877
915748362
5639255366
1289092372
928148619
5027640382
5130599924
1372646947
1167209922
539060935
1090429478
1016233622
6023616237
501370623
5290510906
1132199720
1405920751
5788084936
5346187054
1438867415
1673600521
1065129460
999163026
1604578449
876046542
1695016291
1769648401
1329344294
1510517768
1144955831
901937934
1442088348
1793356511
1072034642
1125352346
1676102238
1395297567
6001756572
2010918639
763011385
5701792838
524110233
1855455129
5234465022
1374937924
907988432
1898801143
2052928098
1734835202
1069567933
5543539098
1318518567
1755027609
1032982403
2045131846
739671781
1368800907
866647202
1219486404
2082323003
734949259
702549355
5340179269
781590414
1159740423
5038866082
904455821
1502134127
5007616089
6052890103
1436020074
1627672192
1377886108
1130473030
1165164717
6060359172
894981440
2025804929
1970949372
5156665804
5201534096
1479112194
6003229113
1816913528
5867832754
510949204
1422150257
745379892
2117286706
1687596388
1049947353
173936457
1379464926
765427660
877463346
626616946
1434323076
6024441666
1981761938
1688527649
1076426897
5100058450
628617349
1347738075
1229939247
1583108039
6184799567
5536018561
999244327
5376447784
6001949413
1533187700
1315409246
5200731466
2036370928
5964058310
1312155275
2074912409
5375905784
1299621864
2025413279
747602890
1284799826
1361060991
5262890414
944578017
2001004828
5992981086
177935800
5232879001
833673823
1071812592
1047428294
2008001957
604807927
673853372
1658921550
1127509933
922265661
647777395
1743299962
2135385805
946551478
1993212378
1885755780
1562156496
1335997672
1469104807
980085706
1968965579
5125305223
1754325257
5059090146
514933276
1916477948
1706773879
5453995123
5341060037
1703700150
2028364313
1978788762
6046553415
1865124482
6130232781
1994640128
1810754473
2081798762
814056465
6278646783
672853674
646435080
1311344017
5838036448
804227022
925652824
5478091267
6165219329
622910556
594290107
1995693209
1291583048
1887439118
1043946862
731050645
5044181218
1275779317
6014378484
1716527064
1653177010
2076798407
5749785579
1645644104
342216187
5425496167
1043223595
1367657431
1333127594
906696305
5953075475
1930364057
841709689
476552164
939819384
1131947470
1588520746
1166803870
5001945924
5153153606
1445882844
5878091629
1131579016
2020204247
5154003618
1987831008
1048310402
5675388319
2027424007
907995541
670932870
5942141513
845347829
5789500806
581220475
890702019
5376012889
973363626
1548845802
2095423899
6277951756
786268858
1042461410
5730737787
1150259976
885337808
5787454832
1023784799
6044701021
997374126
1709374200
1192268689
1125746405
1371338782
5293390029
701631828
1471809712
5716591683
451473547
706752361
632549550
2041795089
1076489837
5909537761
5780907215
1818304053
5359827379
1484822151
1006864702
1042558222
644221544
1819598532
5895715629
844435522
1585786344
1861657464
1736819154
5624804454
834031939
1368503885
891649219
851423141
1155833099
5257037385
877264471
740673375
5057160679
172743273
939825270
400565016
852609769
922683276
587252638
1003756567
5774731644
623773649
5666765099
1820498197
5360612147
892448110
1786700154
1038464179
5672714812
1141711919
5062845882
5286729781
5126670837
959086566
5219247109
1197427518
366361537
1435647691
1089044968
698464879
5866706659
1807347514
1901815123
646941629
971642253
1021776638
629730907
1351117506
1666692678
164406949
1053905911
1448530749
1036285194
1859491114
917185633
5278496037
953753009
913932535
1208845661
1775646427
1700968666
928250708
5621646762
1944068193
653986600
1685926668
941942616
1249015370
1776132046
1264035404
1796713558
1061702301
1727311594
1282370469
1193902122
5766357277
1273502026
6292803663
5072341709
5621453094
732201606
1944183586
775611547
642491010
1469924870
587350162
838769955
685978466
1479957084
977089626
5563833559
1458605840
1720124536
5068873706
1755343539
1882401452
598948935
499020992
566706449
1475250059
5726353365
5911088966
495077063
2120528862
1972893946
6180559852
1173264868
1171087760
820441769
1304088746
869322447
1676885614
1037616782
436653860
601578669
5052573662
5372877026
5550944940
5450088146
1988709089
1196625749
5811504915
1235917345
914412148
5233731873
1311822245
1816224639
1383528535
1378315528
2008585340
1056131564
187211135
792274739
743100718
607634938
1165417223
1250047943
1602065304
731068781
5481089217
1007457839
1576244130
380382980
573296651
1622327842
1220277311
608844361
656140008
5373099941
711373486
1189797652
2007569272
2028725476
1017753269
1577873171
1450778233
632338109
874315780
631759273
815786620
5415747534
1123721909
1731927143
1057384257
745637026
1254220972
1864710761
5284001493
1165285861
745516095
1251853598
5717486650
5702281217
1046986267
5712221681
5855193897
1293641651
1590775393
5982208948
901051922
1471819007
893336665
596916280
890252429
641379511
406826596
1834185420
1890123736
1545927929
1462104205
1003996979
1403155220
1742948261
1233799339
6154762213
1414646153
1146838898
607094290
814533058
1208388990
828505366
564896330
1526579781
1377524620
1995579666
179169584
985010705
1376184632
5131513168
1391299506
846252601
1484943214
874160862
499297558
5070789340
882788379
1642493789
5705283514
1302478256
1035968372
1268412629
839131885
1294792167
1717235008
808723323
818093406
1075335821
1074575155
938829804
441154596
1160487640
6184757448
1256759742
5162170828
889705518
5364168992
664917653
618142359
857993370
1436095958
624581593
5131664771
1826591083
1152114987
1153154307
1365919647
2030128965
1262964260
5018188505
1796791754
596312544
962806663
5388978735
1845664356
5069333012
1241713298
1458158359
5407829014
1129988834
682130709
975346916
749865194
1853694047
1092771352
1084803772
1705539712
4982230
1130051796
1218041187
1566237958
5884679847
845643822
770274813
909964306
1981463627
1943529366
1110974629
2016125011
373874966
1544982569
1300354301
2124798061
5656668478
769382140
960810731
1660004194
817608198
616792943
5608948889
6141818278
436998891
1353235960
1139192109
639922394
1888911464
737399739
154383416
5232491570
862738679
992053508
5240510624
789620645
712864252
1896861489
5717173384
5824810648
49416380
703091797
5376035602
5610024395
1198110565
5825521059
5545835759
6218670630
5317315826
823598064
1253939740
837862152
1821166443
5040263699
1250103808
5331629443
647561096
5437847910
6096449956
5224010596
1030010140
930289020
5199837279
2092375608
818949695
1034442148
706520207
1712872367
1079416376
5710283772
1334617890
5837187973
954009205
5862641187
398403002
841057703
1367243188
5184258767
836774831
766121187
5769516588
1374126986
1985966025
187729828
911850637
1414574281
6272742452
5909647962
980506983
859804112
5958045221
5541333148
984972547
1711984734
5237968189
1787417751
642564239
451733946
5957334964
943429074
5565657404
169793433
1874667332
5283900321
5571002047
1493154819
5240110340
1688360620
5876577488
5063832529
3077277
5676947406
772339919
741641104
5469774665
1879508154
835281145
1257227451
1164272393
1384600888
596568236
967906856
591517449
6174087884
1051334512
5702180591
1997947549
1097719303
954678713
969176676
1343249724
5702770829
5791961829
1783017445
356061882
5876361818
979736101
1871968216
1226260112
2045028715
1778656043
866418774
2024954489
469354602
6165960091
6123208347
5272414768
1453865121
1723396638
1772380098
925064500
617059253
627745146
310145254
5560503424
1067972990
258472440
894637580
5178605262
1178270544
1102837032
873173610
794375294
5391849328
1105327083
407819037
801970299
5904452655
5018988158
2096008012
6149083385
1448936447
499525537
1035416091
632937054
6212957435
1244797347
2091622582
978003646
6230805235
1806817686
5298679890
5326007108
1171673729
1576035192
1249889868
5598183359
906352172
1303318738
5728406521
1965596974
1970740347
6108799598
1346800221
1121203601
1859440590
1208883577
1114950323
906960157
6298256586
465851109
1762414562
5837942555
5075349171
5122129502
844004552
5189080742
1833748420
5018659544
1918790158
982970110
1083082041
777863271
6163196157
6223447237
1855741941
752652644
1830958424
1828115301
380539185
909076552
1935652179
5153162601
5535129217
1280936146
1130955182
1328887432
1084744569
919602130
5320695607
850749469
929662216
1094160544
114118345
958213576
1106564430
5560524331
1164528612
793526773
5804897446
1486946259
766150855
1436119704
1127972255
5655528437
6207136263
441574355
376044450
5407836948
629425407
973622232
1228675735
1971829399
2046115917
2087826188
1586710281
796350510
5513799501
1107054338
1858048500
1576456044
754112064
1930430450
1896173267
1243687148
6130500393
806760264
5204977495
1422493830
1077021704
718495234
1806597846
5445150753
5657129669
1819639479
150115623
1114496724
5496685350
5601226708
733362609
1350516275
1686151452
5477809653
5041064675
5675088074
1275744218
1494156828
6177150529
495485646
879170756
1748168622
5488184272
1418421631
1638971974
696788336
5910054410
730374664
6233808275
1344702693
1906856474
1989199838
5836409331
2124416771
1456166586
5237162135
949353390
5134204537
2115284421
1205157634
1787274627
5800701521
5571992533
982152314
1833524188
2134694538
1342115744
5356291910
544574360
714658221
5886755997
1224900663
6101871709
5416550379
237379142
5678429490
1872932272
5104506311
781926490
1719601448
2002752403
48028682
1609427324
836969798
1837605421
5246864787
416991037
1363170923
6173085607
681188559
2022555717
1322136872
5334329683
1659042491
701590603
1444454376
1017116811
5513730427
1007783322
1022867356
2087920957
1161083930
6263467401
1189579036
5762195477
607091429
1354653152
1570831160
1687397936
1015641266
1317322490
1563439843
1410254852
462880575
5114032363
5193097939
931689490
683417231
2036195544
627070299
433096448
1209077633
1141164723
1227115517
1930339886
5073039718
1431081083
5361909858
523955701
856537119
2007180658
2032008787
6176050877
557256743
739920683
1331910423
1909996094
5298733734
5199868734
993727618
5248835770
5340328379
6119010537
1521857718
5027578963
897105330
1955360159
1682187514
1963065564
1977646111
1239824245
5123044013
998172443
856028229
635431378
845359106
645976235
2058608838
667068651
5467000462
1914218478
5347994169
1320037047
962357195
5147896196
747630956
6155852657
413891929
458475092
873674238
1857318451
1198316593
1203812128
974201385
5856427529
5133804145
744870426
5125887543
1915191675
5437830258
1216096757
6205171193
1461361363
6102223804
512108995
1941199848
1187186605
598247488
1057550381
1412106373
5812091166
5820395948
1252983570
1912976333
779906842
1130397979
5315652470
1221189518
643707356
1092571749
5049835501
776237837
627242451
361027629
1016549481
1949105443
774404385
536829153
1272725873
766009695
640389756
5962120017
2042151896
968283113
1205378131
727096673
679797883
1732030628
1226981574
1010183535
1311194606
818111749
1369935287
1289956914
1112490448
1343304980
1727728770
5975429087
1030796105
1529062905
456042068
1240161058
153688298
5181273798
1024251238
911428663
1237111878
698164719
1389401577
965942042
2109628688
731334176
5657903402
1341509757
2024199260
781283077
1361953509
658567906
1789600014
825170565
1127229432
403074162
1686531218
1721811049
1260227838
5047991382
1123220512
5455871997
999937656
1301310989
1406674077
1413939167
488722021
1747781633
1846510187
5310032498
773121560
5421224700
5683315428
733700746
5083104694
1482364216
822631524
2098592200
1055223143
990839044
1073302906
5716543071
1618563156
833505051
1021304680
1321423307
1583053151
546309707
1017337228
1049904862
5138751718
814770036
5737055948
1188913256
790729647
385339059
5500376535
1472126154
5074046214
6044398668
2047972831
1217762728
576036407
1981762534
5531711805
5191757172
958761094
1988048714
5864236038
5782051646
2057920224
1974751142
550475940
5418532300
5721604412
1210994499
1575094739
5617452802
1500833333
725393216
1313413359
1383320465
5762747716
449868636
5111270645
1267400308
863203520
1828322557
5656915051
747369359
1761651612
1149573428
5495571618
5324621595
945339883
5768743028
1253712048
5569262320
1486168750
5984730935
5865278664
744327343
1588238204
5579606666
126304191
1835016806
6161394396
2010464400
656184910
1333581824
464342928
5135271855
605178573
5037515765
657600651
5841633132
1217294790
2014343515
6047294660
768297097
789555298
1763368044
1959308659
632559233
5461130813
1515689887
1810109284
5053094837
621828863
2019673254
704247491
842480216
1962773817
6116283882
1263732164
950612936
5538036405
6204255532
324880213
685785362
1155370117
803068058
6144716649
5938735092
5136539060
1420227643
5419033651
1491413131
2074804068
892899477
117584021
1258705442
1252625297
708816136
1410649843
1956470301
1650551778
1901143929
5767015034
5305880981
5590108670
1041592426
5834084603
1168700198
1675049589
5248976374
1867327093
5687181226
2126581254
528713308
1448386526
665451938
1830367177
2069563996
2036961714
5793494086
639616362
2044271696
458816091
697663369
1604488228
412500738
1381110451
6259574893
6263769574
5788130132
1247920959
1184508441
5167903167
1818191872
1589817909
6288966658
1880446390
1132776460
1979740411
1774677257
1252629947
5301336238
5234506563
1983406122
5772975268
1702409058
1199031596
1878835140
5920335604
972617850
5144577539
6236136875
1658475111
1326193351
5333608224
1647100516
1218711435
5584635310
5065891029
1389217170
5238578499
5665404776
5174334854
1361176308
935259964
5557506965
5636185269
5203055740
5652950708
968088316
1766084214
6283275231
5993797309
1808857292
5788090177
1087387980
930822133
1124692838
1969067401
1907654672
5284446342
5906033969
5486999033
1137977688
5467612251
6015727624
485933458
6204271897
164973263
1460621879
644570124
6294466139
5748424863
1046596306
5348227461
759999016
1235667397
1384965490
1669665309
5767852344
5233711211
5851581282
724685149
775389710
1910799136
719576251
5230544324
5953626400
1858967690
5854913966
731634006
1189563070
5724404057
5116442340
1904549246
1947008342
5876949969
1123765425
127687361
1740042177
1581366163
5705601204
1222297203
1362085678
199336274
6243923050
6141812197
1195267739
747192924
6126792913
1458930250
2140236951
1356737607
5720991268
1702741617
1612401916
1193689899
1637548367
677786355
5555715860
393244640
1993284283
5917605895
763346651
1156114738
5027494847
1902480573
1196098523
871895522
5554959196
5386758815
1339730006
692304194
1016882926
1107634184
5582538067
5299826627
5073141704
1724510532
1475101395
789891446
5689031613
741995778
972213500
5165023817
1205812647
5864257291
2122644014
5619296487
5579285790
5418095665
5607228122
1130550289
6251745415
393957614
1448545673
5891541564
847276071
5980271229
5035432646
574284953
1875926867
777670549
5535691057
1224353367
1649245519
760133573
1211614582
5614028140
2015024572
1449991002
5476414885
5587153827
1789760146
5063290886
1988290283
1078030146
5169108767
5694886875
1706175378
1455438318
5016084645
5755452971
6011330361
858107878
860202241
5427506842
624615051
1917905222
6111892006
5505957985
1109524460
5445433704
1117648933
5863834636
6265161166
5607151843
1546740455
5758756209
923418955
6027104250
5678325766
1809684643
1066991481
1710738169
5117939444
5175296509
5614889287
5614889287
5208185039
1119321757
1783584751
5521737325
6292633251
2130636748
6207191629
1145064657
5549384063
1821231692
5240987343
573591539
5898018089
5893384270
6059997829
1970436348
582142336
1685391749
1204044751
1974370542
1248736074
5928099518
5752908856
1958732021
940844852
1686971013
5150451185
650923414
303969512
2035873301
5770832016
5288317290
5728320927
681581860
663643810
863640225
6225008024
5977323146
875478755
1003739285
1876111001
1356675002
5921654185
1176329086
5524266880
5269960901
5849121630
831062370
6092696966
2074427423
1422319596
2119316124
1647322485
5515852750
5810318376
1011064179
5244123379
1125858520
5846169560
1266965962
5369204948
6043847101
1754111479
1708872469
1855297746
5699734632
6281120264
441885339
1692712816
1604553895
5738926924
5712216653
5697687420
5605713295
2075030178
6046085161
1001401499
788131711
1604883727
6270111241
905762505
1437820302
6107957955
6223434694
5206887284
5508445555
2056684668
1591933033
2143450933
964984712
1984807663
6277892293
423196493
1127673530
1498745129
1360792950
1098014180
646286367
5160152087
741948969
5417754880
5958481072
6138272675
1972619674
1344705776
6281837959
1969334336
6083269856
5823388284
5682142364
5469238607
5569866813
5283309527
1021127652
5199111308
2007209217
6093548681
6161308788
5992775097
826983836
1047738394
5267845746
1710774277
5480250836
1987123127
5533555625
6080238363
746969496
314634744
1982071171
5924134806
932169626
5862122437
5967582282
2067067339
5871310542
1037320879
5522192544
5904469425
687366343
2051984272
1429693273
5466783292
1798482974
1665166817
322149320
6242716558
1134680969
5928543944
6130668069
5612474490
1710034150
1377127888
1706209792
1429309693
5916011821
460420219
604804844
2142178527
2020183596
6247894109
5913408820
5499972410
1740907406
1062970087
1491557540
6092501046
5092723210
6019196572
5723496680
1139455789
5251063826
830037567
1493571246
471350138
5962663197
1482407402
579938613
1869851887
723511681
798688645
921443542
1633544287
1364075547
5897824736
5385311423
6112569951
1410664788
377781084
1030155989
1539281729
504753350
5766075340
250746790
1287744438
5777657923
829430689
1687764303
436262093
1297692386
486375299
5927662665
1049238246
2085441795
1386656534
5930691893
1456379609
2084266336
2134386436
1034346183
5652237967
5504040547
5844426621
511407929
709592550
1229182968
1241912994
1494525868
386242690
5032138092
991847555
252989071
5387251787
5229736739
6079413381
1210870775
661995397
2056246510
661675807
1357869908
5350740124
1026815759
255672003
5918218400
817681958
5312006379
1292998185
5615688841
2083862004
5693048101
5946778970
6292248361
689603884
6099885112
1455551340
6112704479
5029513266
1464281678
1772214356
1641696631
6153486977
963575695
5299668699
1232576791
1311552863
997330363
529690303
1430149395
1391870222
1128144003
1821734029
983396444
1733765712
1015578907
5558556790
2069534468
5140673636
5968458203
5727250897
703867314
6253702527
1232707785
1433378417
713680242
888115293
5858921518
6232281679
1181106050
670069459
1187096958
772584655
6127358455
1449492091
6039057987
628279693
1072754683
1473577144
657637979
5832092734
5504635976
1522308630
546859445
6220311135
5746142955
5106082618
622560279
6077809383
1923802020
5903131356
1903269224
1598906832
1299292644
788787148
979708159
1378011272
1987355531
1120899663
2008597533
5586787427
1208297510
1713008794
1057780479
1459752195
762972815
1450651651
5759304349
1810711455
1440833170
5394561265
6134023657
1458299328
6257603196
790693054
635844507
1394640187
1646791577
5279561176
1437335225
822506815
683333223
1450733535
5962535408
747845687
708487122
1466381174
5352887611
1062299403
686204521
998390562
5622810697
1914474027
1532351988
620084429
1137521432
1163576356
869991197
1174398931
1456304827
5730142140
1303129960
1401443630
733488814
917603512
63508341
5086335789
1177682443
680161180
6247084166
550082849
814593003
5911253427
5693167600
1630018250
644125285
6038503513
490123138
2095130536
671639804
658536751
5434877484
697241718
5728340914
1620478658
979564477
328379060
6039486615
1636805921
941285398
456037075
6085289584
6176284164
1498044912
5818097012
1401526253
1320691711
958811925
458462606
1943324544
1064655799
2047187727
1086703357
517081104
5065984791
1031463700
1043942619
1309598978
1300831889
1921882315
1778469165
1280016495
469136811
1794267836
6114892690
1048987679
1619611483
6268446692
1206858779
5349886685
1400187309
5759430512
823526287
694216444
1046069091
686190068
5847649631
1459365324
784469295
5664996141
6188079907
346475795
1427506189
5755109835
989650053
5225635070
5634800342
1459456930
6175374679
1848014431
6099239352
5696552820
5349390868
1392684971
139860337
5814848512
5628634906
6084166388
5834668808
1735780716
1711180074
1864827455
1614969572
6279052165
1777559659
1446654201
6094396617
5979933969
1185375759
2106853403
853638592
5881367277
5899692058
5947560092
479345940
5406673620
6229250102
2065485575
1691195084
1720081703
854163186
5220828158
749689292
719264664
2092996106
5722797234
1761384725
5512800903
6223154046
591249136
814562977
713345294
5385661855
5890433981
6097975449
2064914717
1090413314
928146486
6218613238
5179578390
5941723745
6123314933
1626377896
5492236200
6095558741
5637219513
5645460214
1326025802
1355359746
5882414908
1608190381
5072743598
1009372452
1799447002
1025895315
5174304087
5770244487
6250206677
1433136997
878418617
1622825137
5835003657
1498798864
771842396
1235169228
2048407379
401007260
6245961287
5676070378
5749102971
5210029451
5319772363
1596207418
5671218807
5332889364
1436414001
5453255204
6039082541
1143448724
6142160780
2081420778
789161078
723825881
5790029470
5763416676
226164895
307342610
6145758140
1643335899
999156932
5748754405
1613288522
1057312862
5841041904
5932227910
6088808562
1017410170
5790219817
5385776805
768539312
1943305853
1463225173
5680802321
5430074003
1227485513
1249060126
1301593782
6274143358
6082731875
6033384288
5062912413
955702509
5982354394
5034818576
1022819353
5094214021
1163231450
6236303822
1346119131
1020564799
2062257121
5919641103
5095173558
5942199663
1253465704
5196836691
5171509793
6027188229
1533072462
5510479957
1573684693
5109417343
919039954
6115316414
5039948011
823899565
1438204269
818734578
930937778
1957641381
1148604637
6222023851
5275158738
1154860584
943345640
5782063528
5648292536
1175304741
912041471
944211439
1404714264
5867085997
1389311460
1897542145
882353845
1431872918
5061868302
1955270128
6029568808
5420394498
5681108012
1918793541
1430440861
5215280724
575029525
5901041895
5413974289
6018437804
5168476029
1703745381
1714048846
5987708943
1882038837
5489234159
5896801243
1107201859
5427307368
820752713
5807586631
5696781477
1084271644
1785730877
577908921
5534140449
1367420624
1680643393
5925506149
2145313759
1114214237
2025998448
5601979713
5825656542
2017832395
5073559815
866255377
1362363906
623408161
1470738288
5932338619
5926016090
2056530651
2099044823
6187547716
5507674971
955745405
5618540885
6149107922
391206812
5574110641
1075456427
1925165514
1921486826
5702412792
1146782504
1495520279
5509840163
1277063196
5387483383
591527932
554085427
1441193699
5857766475
1681857333
1072631467
5826803242
608427544
5786872732
5744827003
5529428965
1602624742
1430492340
873526742
5546183763
1951666986
661319267
5041020386
329301240
38428558
5540514879
6150090177
6060341338
5986368025
1881808730
1978063006
5022190926
1199909870
6281874225
1143278055
651267960
5856030944
6139404109
5073944133
5767133317
1944426281
1463897839
1024588427
1788647685
5505624091
6181146812
1430260565
6049071991
5580271644
5420287969
5107924142
6221487446
384915513
1893721911
1423301777
1321426221
6195328807
1872593438
5497646950
5579495915
5819005262
5986030791
684716572
537103082
2105522162
2062232007
6170066626
6204402930
2005730396
1052576465
2075694468
5043264790
5104893886
5427855095
1207892271
5882607374
1499800961
255053357
2033059643
5292180006
2094260560
1906278070
5230755344
5892333534
5977959012
1372892418
1570052176
5435199921
1781645978
1935302788
1068054880
2146008136
6028582239
1965660242
5584596566
6031242538
1144173518
6173448610
1896636959
5858235309
6194758582
5029166676
5864024432
5551731939
844708905
5920651432
458186973
5199921676
238623142
1479399603
5052901422
719542598
1443526404
1385032465
6283391931
1213830872
898607895
1815806950
1346993666
1417944615
5060682022
1648274419
1446722387
5294591418
1533506423
5736607122
1931147182
991932819
5205075398
5294059473
5023235776
1781826751
5656125480
6081322317
762657805
852957484
1983282295
1925196498
1751778371
1887995308
1447622983
1314937331
5119061947
5143062204
1282228671
6294914699
1032942455
1066398845
5402074123
5322883939
2122310922
482050753
2075630383
1050742282
2133989106
5732464184
1776589721
5083761118
6034079207
1147099181
1390646629
5683364811
1305763745
755702091
1941913189
5852479550
5817877459
1478161853
786732330
5505373992
6223159680
5459273203
5248724373
6150442796
1495628947
6075555002
1498701113
957725530
1424601411
1313451965
5840486517
637211014
6064273829
711590278
1987969874
6183486338
1443664600
1415645598
5557305597
5998941070
603380308
1027875356
1450781560
5812074493
6177489124
2140680286
6154175226
5521314643
1681396089
1142530870
5676607050
5064952340
350118913
1108222863
1646066922
991031438
5911942442
1315389637
5140360442
1950840473
5936565189
2047156674
642187853
1158170073
1017144885
5852488577
370913005
1085596947
6136325638
5443814510
805085232
889054154
5182179685
665819234
5002314540
629356540
1413863218
1712598599
5959743628
5963009480
457712764
997849548
5991109034
5685980273
864170364
5367650443
5015079289
1223025849
1331592175
1172097629
2090861705
1749631254
6087120681
1905634398
1165904314
1372328221
5871569850
5703211494
5771951564
1432540406
1043158457
1460892409
1635864167
1422568709
5423772165
338142050
5995263579
1259913244
5484820403
1465380273
1248848698
1926535147
6048721331
62149935
1922473634
1245499944
6021689253
6261253436
927227654
1484561873
5858872670
1011499312
1222819307
5610611439
617715643
1165964539
5162128405
1088905159
1637644907
1416761260
1262875054
1548818492
5800441620
6204829109
5625679283
5706031626
1442937641
6258526221
5017205101
767840270
1453498217
1418793883
1569966127
1411960933
5758103390
6135635252
111562805
1039715021
1409208289
1613660638
2052145123
5780228458
5966694664
1110871237
1668010573
1671546582
1541509899
5524301674
1425538655
1404221369
6194784788
5997855982
5733215861
5119180827
630217870
5868202754
962196802
2061203947
2129181341
2096354249
1411142892
5858501124
1745428796
5114390178
1406916171
1365687871
5658457825
5981621166
2048101853
1197647631
5720483901
1274583089
1812216199
1486095756
5512991291
5573625753
5607488986
1790628660
1105220698
278193344
2121780668
5419377010
723140913
988001469
6220921881
5547855947
1606601307
5804329295
5523073997
1250059222
2139950159
1124230652
1313911698
1162507275
1180109784
216317237
1025317804
5766878848
5297393138
1990135283
1676344391
2028595113
1073566943
1094819668
5305745719
1484344639
5202402625
1654925197
5684161682
1281336717
1362558382
1341347533
5510322267
966993611
5946888604
5029137338
2145542428
5709328063
439883853
5900721957
1677673181
5114507214
5426641385
1466839347
1498735630
1171944480
5062059044
6232752087
5904650916
5812332278
1418397501
1447446995
1032695021
946953531
2126134880
1220399461
5316004585
1670155534
5989320903
1471270435
5511895584
5697354948
5581439928
774129795
5550140418
5916176628
5126632918
1498336550
1092483169
1029233435
5374810924
5465594616
1376527263
5938992722
1279715288
5759569923
1975676506
1421612743
5265286188
5314802555
6181131950
1004753608
5512628198
812811143
1184631735
1509616251
1402152638
581236174
2103195072
1489536093
1764189175
835064709
5811588806
5462888223
1775652789
5920193751
1441803779
1431176439
2086832580
937340204
5013914214
5962190351
667675956
5738208016
5534776915
5436004184
6199276796
5590610717
5975159381
2058219202
1231620641
1254188368
1337927461
1974505855
1456202012
1010190200
5613066688
5778982630
1491994904
5895128408
6247002986
753853543
1937921289
5646388080
5429463265
1769978909
6233842319
5059406891
1568479202
2049413829
5704184412
1253267259
5212217231
5314030365
1081201853
2058715543
1595617984
5537017139
446754087
2100840440
1279787808
5387672310
1931490010
1898360950
1799078100
5281879591
1922351171
5713227570
1182720085
229008683
1950523649
1148803294
1268401691
1498243297
5140356950
2096392815
2089763250
762619184
5509489031
5209800412
6218917791
1598231283
1910862746
2008649526
1689937231
2096403796
5347073443
5497520846
1594177040
5494182919
1446368085
5335644235
911210936
5094504964
2058350578
6156136488
1422482804
5044332115
1733588617
5048356790
5975982920
1648973470
6037169005
1696806929
1317500520
1582343034
5031009246
6133473738
2107830665
5732663726
2009130849
5311287735
1904538469
414307083
5705006417
1960517251
1816221007
662234291
6192721667
1924741786
1493756916
1140050307
2122759097
1368056360
5515672018
2074698176
1736648037
1430103492
1555962009
1687304501
5472474634
6176138875
5924012086
1444544627
5773591889
1932698636
2079745120
5525064628
1380905983
5128529695
1419863003
1072708019
1431950986
1471886695
2066146172
714193555
6207648641
1324242505
1415897159
5777898382
1462258306
5658834056
1395387969
1724182639
1915639871
815430018
1508135437
1334223943
1984673182
5869905315
5783547930
1639744576
982242384
855281861
5918506391
6179874425
5513824767
102758862
779345150
1903922625
1463894892
5509721043
603581472
1438952189
1483939505
416478744
6299701719
5802061892
712303389
2046610100
1425391758
575938827
1453011452
1421892310
5721274920
5274443706
2015959482
1728579374
1745807143
1484319178
5360069493
5699241149
5495956734
5831050485
5555405274
1408805345
2017752262
5667396757
967846188
2098466869
1271271948
1649016064
1177659190
1659221165
5050148305
1826663674
1531930922
1107624835
5965248805
5040927022
1405359583
5595265885
1885817719
5706040738
655121402
6113054812
1410570438
1056545233
1652625061
1405765618
935378544
2059958051
6155044705
5634886671
5732497156
6149247699
1276652859
1420400753
1509484878
5650274376
1413376169
5969521126
2142177328
5479429551
5919790162
1124404282
5940727529
6194045188
5053083421
2091938154
1310951221
5470793963
6154063004
5533529891
5437146753
1916088968
1342693929
1465626433
1438334893
942886057
5866725623
1410727648
5124193913
5784506763
1434117807
1370386313
5426719002
1796744695
1406342397
5690661401
1326446939
536878082
1221628569
1680636114
2129004297
5271363972
5940727436
5098469406
5719411354
1290269993
1361649302
5607278810
1780815189
5797006146
6136077464
1420817816
5457144103
5679256422
818829835
1462580010
6063657876
1458445087
1202144276
6176805646
6121196261
2131587556
2079235384
2140353893
1455399477
2075101245
5682556547
5610059889
5563014473
5019966380
2079710354
5963020876
1440490776
5233858411
2014894027
1458121428
981398016
5227218801
6148003922
2140106377
1466688942
1256373230
1030768640
871688199
2135557691
2110710318
5800228255
1629230428
5555775154
1750318602
1462088582
5686222883
1384543247
5396169992
6205046145
1029499698
5592023447
2142788616
5630112214
1444914111
1467691991
1546861428
1421930602
1380766454
1680014321
5971371810
963318316
1420675726
6001919107
1416386837
100028614
869617876
5574370856
5486484712
1272188487
5706762730
1351399549
1460236621
1769591475
5935690484
1254256881
2133249338
959482019
1947569796
5436040580
5352102055
1378769119
2084597052
1592106775
1305211639
1124479504
518882430
5954455991
5108527465
5183588494
1207234261
1405850193
5679254103
5155800912
1143555581
5514650560
2013173426
1399599175
5618617595
5169614254
5512328840
1613585579
1882236522
1186590197
6084428597
1035678158
1615103937
1332230451
5713880361
167803116
2101072844
1603902855
1234079009
1410704111
1768720833
5262115997
1654274100
1324848481
1065105479
5352235131
1968150887
5097987298
5583134620
246738932
2107435183
1235414651
2015821289
2145892130
6281115049
1627755642
5352695959
886982124
1398120240
1810045857
5668417085
2024147807
942501372
910868270
1956523531
5038453204
1042831344
5535843345
6257954946
6241649067
1434554720
5213253679
5255331444
6209306368
1291896411
966912141
6023533439
5880349741
1299337128
1155491080
5832133776
5894072150
1384111463
6168742036
5673888823
5654185769
6282724799
1316597625
5644921169
1231768219
6007949114
5587896942
1431046936
6140892293
6061137048
1279438808
5722855769
6057029869
1361173008
1070247865
5329673810
665065139
6022491966
6181677429
5109984085
5319273538
1842412322
1224339374
1273349195
5592625249
5258445297
1712968502
1807191414
1016711381
1429015315
5212388593
2011679741
6054944825
6082397935
1207824839
925982822
1322840280
2110915415
5784484525
711836882
1816112005
1613931203
1470218936
2134219259
1205033367
1185098544
1442454264
5590760341
1262525414
1654337427
1746323624
1513195933
5788273289
1104125559
2070101240
1684611242
1197622751
699106067
5992806444
5614371116
1922891418
1687470275
897830025
1254187226
1740484184
1167582890
5398964206
796956457
5655617333
975368624
5670781997
5606224594
1766893710
6264463260
5653671595
5203017164
6296662508
5819988325
5603836538
6225249451
5212230910
5725592478
1099839898
908443543
6147149078
1626923471
2075697025
2110683671
778866989
1117815118
1126091715
1345452258
5968558056
1024986075
5671576407
1028799380
1348512286
5369591836
1287622053
1210441221
6267226543
535809195
1146050394
6104274970
5391092302
1514866100
1653063432
1177096022
1846075624
5178212458
1289104584
880784739
2112018189
2050303994
960351586
1808412418
1429083998
906098537
5207914849
1429398558
2144524410
1897770805
1686229505
1642607134
1071739080
5289810279
1574289731
6147745743
5599196120
5768473687
806427850
1367710074
5365603619
942038157
5925381074
6209598959
1365385021
1440198287
1739392266
2140344300
5453298247
1684298102
1582536731
1431069954
5657002889
2101432583
5486900923
5758975610
5299901858
5063471174
1910281032
1623209336
2146350668
5257106489
5448764610
923802506
5601952148
5839498601
5406158203
1982365274
1435887157
2010034018
5134600463
5069507111
1187874080
735749830
5347424299
2006099081
5445305139
1066153858
5057189174
1322132664
1876570621
1164299509
5720913293
5402830399
2064968838
6067314904
400117880
1661358889
2031397511
5585845839
6290675557
6001961882
5348192920
5173144855
1478549401
6129077117
5835732447
5660188545
6187309438
2135638423
1483076863
1731335641
1409779143
1003641395
1773137242
1196945917
1588017933
5401484845
1747981051
6245588239
5345280735
2098686194
5303635132
5750245758
5577266847
1440926122
1278039966
1373563709
1343056709
1508809142
5689414484
1591383783
1177807050
837984384
1623535792
1172727778
5738074705
1575494540
5622975555
5625330630
1188684764
5573190283
5615527994
5983907445
5372638457
1329207568
5798068334
5358611822
1416540574
5737321594
1412184189
2036196517
997522439
5513814153
1824960560
6282272427
5467446357
5286450087
5101416789
6206009684
2001255642
1776916469
463895624
1771851297
5077333152
5215960426
5039727312
6068832735
2129580679
5727566347
675095150
2034033988
964491772
5341221931
5807115799
1961438850
5633663049
1595966339
1123223428
964144737
1608828735
1580454708
1334836055
1460787552
1151656308
5491185195
1250674890
981632242
1952835572
5268734349
1634608239
5773471986
2106813333
5697700338
5126841799
6022119947
1600054638
1044412984
995417931
1341697970
948257079
894557963
940246639
2104258257
5411842294
5716706866
1474642150
5614263904
1464341124
5393643326
1707512106
1454148992
5744237216
1621494605
368801820
5898336456
5497791891
5784465297
5617746586
1299115813
1908598141
6017018830
5343034730
6000010013
449941910
2049927230
1302653679
1434269724
5866874593
1439864003
5889959746
1494617057
1491288428
1633526638
5326229589
1494629896
1156772632
5566542965
5024498276
1838748859
585370342
1687844307
5385962601
5733584970
1325744164
6240239264
5942291021
1058743290
6072208260
1447401444
615147509
1484607047
1461718769
1693479391
6151572699
5968231523
1194962324
1492438845
1609990767
5826945577
1996244149
5754114171
1431013444
1267564463
1123585784
5232821515
1468828463
1513428064
5688784182
5146151747
5535057544
5268296752
1431327101
1996144227
5696995845
5163102854
1587669096
2143815018
6005652849
1536971040
1458601833
1341123526
1110869128
1042596873
1356950322
710396382
5235255163
5365943850
1438459225
1403809484
5477463498
1471983909
1475582966
1408972599
1326681543
6107020087
1139214661
1165753254
5574579638
1472988923
5498351394
2127394221
932753603
1613985911
1093061040
1914941514
1924446298
1825799391
5369305326
5237107598
6155472589
1345074829
1094823083
1427591043
1666319009
5280260039
1453041134
1637984151
114664774
1610591179
5096786744
729714691
1471181146
5650539204
5019467614
510574471
2014010376
1137170104
5453759875
6203563047
5478403563
1309898954
1400439174
1753427617
6233406596
1316871632
1403116793
5046970727
6143562935
1685715015
5522810899
5685289977
1869451980
1349853567
5895322983
2096802228
1940246515
1645830670
924748614
2110245210
1250373429
6120868247
1084739118
5164571774
5747328642
1249536646
5178924664
1371892918
1458169418
1334710780
5403936520
2040333054
1494488393
1436203307
6017841179
1834461430
795364737
1681179438
5779573694
5892027692
1486040476
1494745193
2074504947
5021083438
1424182904
1450762469
1676489891
1689382104
1470915679
1911038950
6188051053
6091035276
1798726842
5044256437
1200800014
5269050037
5675414904
1949513143
1617024746
1582673412
1455090981
5242697825
1997244945
6153686340
6082053778
5521921784
1983544121
5490550306
1681841117
5565556289
5190087274
1465402786
909356442
1575971958
1262822355
1494751893
6064193475
1172121612
1631733180
1167423900
5685993908
6020131344
6063115457
944747396
5754715200
5456860365
979496117
1513063839
2007047507
1100433697
1134869471
1235150309
692451340
5407818893
6161804612
5150370623
5660895727
5399499933
1405888127
5071032951
5054202711
5238367922
5044749252
1457602054
6175782943
1003600376
1497641417
5854886776
1232100102
1340541807
878144717
5493333051
1275567781
5100019201
432849002
5414258116
6048476143
1730565926
1971228123
5160842794
987790968
1103094418
1519043080
5061361466
1425175918
5542549498
966429092
1225904295
954637895
5458227600
6008665333
5081972741
1416877924
699903649
1547068245
6123821221
1175450457
1632680814
5391699493
1633798464
1475859420
2038834473
1531313449
1978470864
5138602231
5544497204
1236721840
1483762754
1922386043
1260450817
1331702192
5894492756
1444709081
6133539423
5150171844
5581420854
1690113606
2032174486
1412824945
5037081605
1576298147
1386576502
1476503511
5757022648
6272946701
1250628918
1182319256
586117558
1482846214
5441577371
1533166897
1947480111
5997440783
1490877943
5224023678
1232820870
1086497216
1360271723
1290879730
5943790775
2052090165
6077426640
5073265075
759544911
1270092024
1950590305
5666849992
6181622208
921562825
1742408321
839149956
703891214
708982326
1415962109
1087667809
1746252075
1734695899
1023158797
1381337304
1495925594
5114068205
1953723290
900544159
1418651696
5095079722
1348961141
1473427068
5156007733
5219645032
1372580978
411347515
5474848596
1449360315
1631843578
1898390967
6168462005
1677405188
5534843638
1610086884
6090828511
1719319045
5556789859
6076117761
1495817094
1069843884
5571823267
5205421598
5255985096
1964660395
1550563051
1429027103
1132688306
2015835432
1161060074
2103838239
1226848270
1664338246
5645579738
1499479969
5874114651
1892791446
5633652572
2056834507
1013254331
5452972740
5450235476
1901217128
1517954884
6031964851
5905365431
1824842020
867366415
1591404687
1180089449
1365165169
1443814394
862364996
1442517991
2058122090
5520985319
5722651374
1190244235
1929790299
2077627164
5730191978
1330399186
1291323675
1980900400
5082197573
1085024410
1325847976
6069448359
5137920193
1414619784
6093022926
5850276032
6114941312
5734090576
5812179269
1698824995
5564929246
1456312114
1939350478
1447683285
1383602385
6093460077
1487177196
1345363472
5762539404
1246830181
1376655048
1920517207
6160183288
5993250443
1222339564
5198857608
5539832193
376434245
1965469741
6109753363
5451935303
1408281740
1196412695
5065080208
6281193596
1104754090
2053368119
5057097535
693189
1884103443
6190704569
5155933370
1900329443
1467561106
1698655355
1846940781
1435173069
5974566033
1339375085
1425065351
2123528942
1296711809
1401913269
1285281514
1210901503
1645673893
1513883122
1990296079
5074489488
1087427797
5446011284
5833438578
1456523871
1056992149
1458854688
6164008415
1527334404
1726253324
6009785597
5720673928
1095649123
1498256850
1308614301
2109221102
5448642653
1925638187
1409867608
1556965068
1200814852
5032522810
899589121
1382133795
1442736949
1396642802
1614752104
1451079524
1664147970
5756982545
5738072684
1486540447
5562920050
5287501410
6060806346
997643177
1976625272
5510019580
6012367824
2058701029
1181355727
5014834592
1495454910
1402028002
5097620153
2019733432
1484818175
1295475564
1872918515
1289388954
1862752034
5234453428
2142855519
1298857840
1406867070
1647532760
1457284588
1270797105
1262527403
1472841501
5563408997
5927045939
1682006031
1717852856
2073687475
2116108206
6123381459
1421494066
1436287434
6287033893
785776912
1063381792
1943814322
5929532368
6123911475
1042525166
1374461839
1115719534
5143404869
1171036910
998023003
1489377354
5427401316
1580524944
1660227898
1412741918
1127990034
1208053565
5028138216
6285638963
5360520017
5978779886
1052159273
1630496756
1487700410
5598233768
2092694093
2110316085
5761961493
5532955292
5753077514
1094686189
1760521878
5706238280
2092067449
1108508138
1195684496
5004599035
5081164395
5157847106
1226046294
6148015452
978009510
6009392957
5596950133
2092430209
5466454458
5448884634
1685628060
1170364955
5678545736
1915017075
1461268337
5348259465
1057569234
1995086919
1578891148
5894022685
1438252735
5356539748
2101825526
5656430850
1870508075
1177519789
1986616563
6163247504
5385834789
5925736798
1399625604
706063852
5433809167
1861265587
1532190577
885997765
55868377
1426303085
1080806265
1276505092
5741129047
1061823673
2019781138
5614291958
1360759451
5439221714
2034980044
5460237885
1356525524
1394471269
1836266882
1423946185
6065249002
2140445779
5971849329
1267670212
1684238246
755760385
1416838896
1413739662
1246953606
1009104723
6008160400
6158392899
1044481972
1452528623
5968162981
2083380432
1605316394
1119994340
76186384
1483474325
5866948553
1404701962
1298019372
1618038858
732142667
800209959
1682723276
5721198372
1493705697
1485875253
1743813557
6121943380
1787874502
959129077
1238622043
1215481686
1585342850
1051038988
1159519057
1995711404
5137582182
1186035638
5417134181
1654008838
5632704915
1150772431
5413176248
1457339378
5905926528
5670884523
1949666544
5289418055
5694217164
2126641284
5225523259
2121104560
1739839229
5402509223
2141991066
1751346209
904139937
1016482529
6153066116
1867519584
2048730885
619096402
1421668275
1460888525
5581922523
2102793068
991234798
1465206710
1278533144
5058080278
5060465301
1789849604
1661827604
5622193034
5003402500
5602048232
5965595126
347235165
5656285718
994114215
5097812681
1439570885
1608561690
1821168667
5707683131
5092411610
1614946977
5054747250
1710634275
666806144
483363832
5694293006
1607839789
5055936726
1464090025
1314341324
1966422836
1802827938
5700147603
99936251
5706993357
2060154209
1914391693
1254196138
5308457165
1358654183
450325285
5266094671
1970646852
5740789152
1802510850
5499694313
1229034681
5312348083
2113077693
5408686212
899432443
1007095599
2119168248
5599949864
5482792841
916723410
932817563
6030589504
5317666474
5578829142
1957045571
1729169546
5342529223
5021728884
775675428
5869835334
1614730182
5310653978
1006716884
1554179588
1449177458
5050792882
1524857637
2089487199
2021784372
1579286586
939538425
1077262218
1736966973
1667159401
6271156211
1784404933
1428987291
1421031308
1239726929
1488320281
1639954645
1965071278
2026043110
1580042899
1662930670
5853482018
720307081
1673707416
1440173700
1137980068
2115569947
1988558882
2052861893
5875911957
5722949892
5220855453
5231682628
1209806105
1310978495
1912383971
1398199478
1062553974
746061900
1466020157
1436963386
1053884044
1648418598
2013048166
5023458730
1589800784
1608468696
5738340013
814071528
1577362250
5179174352
865278722
763703300
1045327236
5461374904
1115912923
5721712657
963766448
1363295347
5592491860
5106240450
1936935342
1820567814
6055766453
5664734587
6135002402
5890693626
1412271539
5059230381
1669048504
6203607599
2022391723
5562790463
1470473491
1623173927
5358953369
5810299538
5101478133
1028772819
2144813142
1698418569
2140956412
2082105704
5067254363
5698274731
5820402658
1740279347
6098621043
5694680869
1641057986
5211722359
1507647927
1470958302
1942096271
1487227503
6196482693
950552246
5454116902
5439505979
2129444824
1838411957
1446387541
5927210015
1207044959
1928600745
1571760464
5732583773
1454651287
1498081993
1224509358
5695998491
5136894325
5934503156
1095511399
1086780175
1806231330
904381804
5229830504
5542992839
5515246626
5327382381
5406886498
5314952585
5886493800
931355738
1388783614
5009704562
5609419861
5657830600
5633611157
1309062463
5493878043
1631966301
1677030579
5031360031
1101242594
5627018185
977593640
5338589991
1930334080
5187855105
2073641114
1041343622
1871398802
5488519459
865399221
6133684854
2051682285
1204285624
1497749418
5232466103
1231338959
5762152906
455229540
1068423738
2008114184
2095772795
5614622885
1784380625
1099594405
5265734355
5552868819
1317182775
1963849269
2099658974
6219260355
6090118746
5932057438
1002971879
5033573077
5870237324
2113062466
5548238745
1317169554
988213836
1639060879
5211588191
5553621821
2129537286
5344486469
5031451243
2107225105
1995641133
6139089613
1418315551
1394141083
5302166256
5040556594
6046983930
1482717727
2102881477
1834580590
6016385299
5862674437
2094609057
1173343552
1422124132
5845396350
6257447310
5522249040
5495083768
1143719236
2046556657
833527438
787705481
5401161487
1611029771
1500580099
1788261184
1453291637
1344272326
983492938
1446813924
6029103131
6011847031
6162099510
5685296766
2005505660
5690188616
1469067744
1897161027
1427713975
5676864119
2004326759
5784598245
5157905963
2132103150
1445564702
2055835435
1466188896
798130164
1005870651
1619233851
5505808773
1518145888
6023071481
2053793507
5085975326
5656950614
1017886589
1584368704
1473552216
2077619767
1413878457
1074927288
5371050729
5319656877
6001342926
1888525733
5663370957
5146760039
6075493654
1717735126
2119206589
6005671896
1647048611
1087531508
1677285954
1468180407
1720673301
5709450170
5524275270
1315005835
5789221247
1420351353
107700731
1453369878
937197010
5675249537
5508788252
1470929570
2084787294
764066944
5961349703
590977193
5494666553
993178357
5881171087
988719076
5156447431
1403909594
1688282521
1402687344
5188780985
1598483710
5360564383
926462208
5285045354
5674009322
2031969352
5588678535
1802148424
689178571
898403662
1048929352
5326668564
5798211849
1814593040
5958064323
1203989072
5662563428
1495753445
6150940873
1448454374
1492489652
1670097572
1382059139
1888250617
2044903070
5354531785
5757274258
509761331
1249202440
6031432452
5570341005
5540266965
1383175356
5269952541
2108545153
1641813264
5503712922
5632588304
1349119346
5433612960
950528715
1504723891
1967700210
6197473751
5662051205
871677547
5153666489
1920687544
1251187814
1468147605
6082522934
656103906
5007991937
5719074723
1749813736
5505893653
1870654083
1863395698
289449574
1446886005
999603810
2125229768
157641294
1227642218
1272154963
5533672560
1955990576
1460565275
1782855739
1700197757
1716248113
5943349388
772302108
6070990439
5716898863
5286100381
1606393745
6294091513
1466759444
1480504550
1264806852
6060558445
1413115040
1354030272
5008920953
1703438664
1005051316
5752226139
1245453366
1244425426
1124258538
5551588108
5844862582
5425623578
6021459608
1168600043
5429654172
5859795349
1702946871
881100617
841780261
994292852
2139590586
5490026719
5853549989
5070101056
863500282
6027784705
6011422617
1104867034
5200049310
5059337999
6233670594
1489005598
1141247788
670483757
1112056067
5152043958
804243541
5768156627
5662621764
6196967936
688358039
5658171901
6034031239
565829240
5449897631
5756676149
5347171017
1562457713
2135160022
5647077998
5511413188
1119985183
1783296552
6203909005
1291044155
1975939920
5262039371
5464244395
2104862794
1532250746
6271377888
5304550074
1042718296
5449529531
1459310377
1969185956
5783948970
1433444469
1241820242
1850575117
6047907414
6069871030
1136989707
2031439569
1820230248
1030397514
1278575902
1764061487
6110715366
1960294390
1876046620
517708227
1019355076
701242592
6137305948
1711378372
2037718229
6184430503
1771259650
735462410
2115371296
5900191065
1790904607
552571860
1096726740
5160163171
1499334921
1426843008
6102286044
2058302141
1041950447
1642176612
950881234
1860620276
5779423605
5430242705
5487120048
5342515620
1158650520
773998918
1990052409
6101853186
5698363382
5190197604
5527096778
5620755720
5361156292
1259374319
5964940854
1969446743
1605361923
1428722443
5738897210
5723615174
1683189714
696205353
5057838527
1419626280
5820224319
5098766209
6246565547
5789709023
5846846071
5042070981
1780924642
1678511256
5783698495
5440009485
810355675
1296839877
875084791
6280882120
1314256798
5083672764
2133642181
1546648953
2130232516
5237029386
5351158402
1372243135
907931870
1714987755
5418089776
1018980131
1614201819
2021327769
1447318495
5740819572
5984569012
5365567186
5690760033
959263164
6221290987
1746543238
5729943107
1799457271
1696339977
5189227027
810261612
5325648657
913154496
6012047548
5962582796
1358732569
1685177918
975217579
6049364489
996929228
1638197153
1294091769
1802191709
5913895322
1404701506
5731852954
6155925729
1883678208
671492671
1190227350
1441847823
1490128829
1572915916
6164029463
1486153773
1472821916
889754027
1669705161
5804790275
2034958691
5407750982
1625863847
2047947809
934372264
5568157579
5663687224
5363278142
5613459453
1439068165
1917009608
849060680
6016539893
5735514233
1128871084
1855695307
550989983
5209869686
1118843467
1139403173
5617076393
1961863299
830731325
1364646638
5642563499
1387172198
1515282112
5458826337
5282040377
1146963409
5566795307
6221995979
5592344173
6134547392
530555638
1176578209
1979643151
5891031358
2004373625
2113990680
5684281793
1317693974
1678330022
1092297320
1963856351
1520080931
1483009774
5966660397
2060068222
5981232710
5562000415
5183788338
1931872840
6226743868
5625228244
1002275382
5952832114
1441535499
6095568871
5854446575
1019055278
1028170499
1475551095
1227865857
1609997414
1003837787
1410597290
5063992695
2063687946
1122299274
5870996491
6242993393
2055724110
1772267432
6266601495
958066750
2070947911
875353530
6213085985
5790618123
5940547151
1096991834
644237616
1586273719
2131924333
1722462922
7409379
5169191932
2062175899
1537180457
1638214864
858176601
6111950606
5303888045
1354159209
1628545576
1464194800
1273489050
5790011043
1453420028
5699524268
5547424899
5332182890
2060967358
1873404510
1221310158
5181174407
1872957196
811638535
1740849693
5079034173
985001083
1407972627
2041570367
5510988692
5926592092
1450609742
2104279556
1692870682
800656241
1650527963
1869870852
1478282670
1522464179
6199795408
5010954391
6099959471
1862140360
1264463428
5841751461
1076180063
1920883544
1176676315
1066711751
5755044852
1433986585
6134128703
5619543308
721322105
1395909537
6268433446
5011472631
2117120445
1750977036
1194475298
1402725442
1068999759
5400150348
5880476475
1403572007
1297484230
6124631298
6221869190
301716392
1458600790
1105353614
1612893871
5525569866
1088102582
1696793376
5876238408
5159394592
5938388339
6239207651
1808273031
5763787006
1778753415
5352022142
5753829560
1794236700
6249572136
1212416242
1557559921
5380141445
1158261235
5184476491
5871391541
5004703968
1837724527
1445588662
1400486609
5606435702
1228587161
1317210421
573169513
5168094024
1681953695
677115919
5688310614
2129739345
1074626611
2126243420
894980540
608372095
1913688594
761855623
494880215
762077396
296232326
5994462110
5111050759
1192593286
5749582098
1617364231
6120156884
5621591456
83705244
1790210308
352437300
5585719180
5759321714
1294758162
1650088503
1106840894
5411266818
1811693819
5119267670
5334754887
602599727
1428252742
1475986437
5126565850
5533543766
1995171666
5583687221
1492687867
1649259499
5140364803
5987536272
564960430
5999192275
6093792182
1901747594
1367912573
1410347470
5221522156
755043574
1443597166
5538602487
5716324864
2100132765
1830725753
1480254479
922912600
5534245597
5353588898
5420766381
1536977055
1250611043
5749731952
5356062750
1237570121
1082812807
1478244781
5643368998
1999479220
1848370077
1503305310
2109453148
1109541513
5392874278
2114350706
5845831050
5789088286
2142442141
1839955860
1936825381
6179880226
1638866998
5989872652
873237774
1631157840
1102296249
5625717609
5571050573
1188230440
5570339591
5942481328
1052437964
6060567773
1602698216
1301831672
6006984197
656218080
5769817012
1992813351
1736704663
1576507618
996548322
6211838027
5749575205
6206180178
1240345793
1150362081
5763431059
6065371851
1966039338
5245185676
1525675184
5329770682
1745157129
5243888557
5875745217
295842171
5315998268
532834033
5431609847
740196536
5013389220
2073868915
1194494152
1654281890
1276647122
1709473110
1697609462
5800209397
1938566843
1464039628
5390419533
1857999202
1318028461
1989902499
767141050
2035359513
715301828
5551185750
2132469381
848494275
6031786042
320041654
6279562271
2008943508
5732093909
5316390962
6270348858
5728980294
1442033933
1092887794
5454923010
1380915479
6185277069
5916671079
5257519624
5677237851
2022930417
6233957512
5124777695
1927148298
5802011847
686303282
5046160482
5645528491
6297169318
902584801
5476348383
1447199923
5596915681
980040536
1588913660
5601323101
6018547613
491920184
1372526232
5963380261
5202425056
6047276729
6048788788
5507440226
1601872744
999472201
1319472190
5498608880
5371641159
5679487420
1429213861
5966935688
2040222476
5482040916
2058647185
1376481694
6236850205
1380899800
1700412261
1502286824
5264149499
5897516283
5717838802
1555645227
6103386456
1488466858
5079586177
974504361
5733173048
5039694791
6112725738
5459000123
668879072
5648922623
5342428325
6192517434
1145563264
1256276731
5972679986
1454391664
1552810928
2061332663
964440395
5845543752
1467799869
2124468652
5817972772
5257640956
5643642978
1261712054
2031437805
6296893565
6077180709
1709969647
1145310686
5592649716
1106621477
2112288069
6007898209
1754400025
570463319
1291340307
5946573565
5662016812
859521475
5425772747
1539357558
6119153588
487010744
1510245446
5957559623
1768043950
5037378116
5531319398
5705458600
5219429497
942154078
1529509151
5186315995
5040798783
5593748703
6176071377
1798116551
5826964062
5984597421
5824593992
5453249223
5541530310
5174144571
5687763154
805074158
5134682592
5666688822
1091398612
1040564072
1078350170
930833199
2112479180
5921272704
2009935179
6107326652
1368017613
5852893324
6090545382
2030726347
1817960501
1885067714
1474753012
722965980
5006583456
1491191308
1889411711
6148731631
1899031757
1686797374
5323521945
1632649068
5805302493
1447764190
1831471619
1279054709
1203933484
1224228546
2031143467
5789138375
6256593476
1967225454
1362855113
1409764723
6217766558
1380116805
382377076
1382976578
2020232777
1491827391
932452176
5967367397
5049758304
5735356562
6294072433
5749733529
5460130551
595228735
1384997622
5893182674
1457541526
5208067008
1512166831
5305855664
5208251626
592314181
5620928726
1469063633
5869088147
6080261710
5648176538
5150237515
1421438076
230252963
1463609227
1596731518
6227035205
5806644970
6016016194
1972003614
5533689861
1090751711
800327291
5211613559
5466855956
1765363568
5422352265
5997264307
5270800694
5328196459
5716141818
1475121785
912322212
1134362137
1424238596
5131782615
1451348855
1458785830
1479003100
5483073968
1305247930
1886002139
1661836347
2020796864
5424195892
1786380723
5695165793
5930791141
5428798147
1539514268
1575658648
1056538887
25619314
6062264669
2018324775
6185180755
827240076
5633948039
5810078629
5502872815
5506465025
1884347011
5759446262
2126833588
5460820817
1431332098
426922020
5155376606
1751113510
5835194964
876115632
6076665621
5211105067
5731542647
1676240749
6225571287
1355707270
1459583019
1485572248
5781477286
5450053493
5693096317
5854672497
1382893676
1966341683
1488917778
1897840216
5474519850
5576577093
5068333039
1292150931
1773167948
1304439861
851808905
1684283230
914003629
1088355817
1486571140
5485302015
1420788662
5408493004
1436396563
5177354453
2085914373
5825510416
1685063981
5276688713
5914041759
5568671598
5393854558
1094182529
1448291367
5330956698
6184741894
1230370044
1655016570
5144987308
1459281317
5652819145
5433116838
5684907581
1441358166
1156562658
2076425538
6067564603
5569159349
1089267669
5728598731
5092670606
1073234408
1773467076
293424712
5977811832
1020980213
1701868854
1160476282
5505464855
5479866051
5761232757
1698320688
6131270247
1345851683
1200671119
5404300310
1204715190
5796519026
6299164643
1722757621
1435135118
1954805607
5151072526
1222495297
6021815105
1674455810
5339415783
5947592907
5795977018
1267967387
663001879
1628167902
6074918667
5692965851
5927268399
1726930705
5965443912
5849627715
1473967800
2050858934
5802036204
1356389543
5415671138
5886851476
5540304999
170937261
1800020974
1477671148
716556113
1380206432
1290233754
1823708603
1655895472
6002869463
1001333532
1426776526
1468316597
5463004841
839494084
6090801306
1062803795
6201794126
1779256295
5170623349
2142633806
1479475314
2088952225
2106565430
998693400
1952148378
1330137605
1318685782
5592759306
5581183253
886887922
5527505257
704658145
908592208
656600435
1684513543
181933737
1546760885
5531483347
1992034789
5353946578
1483902019
1077276599
6118401927
902511860
1997109209
564521263
5604444897
961303702
1416214359
1692985517
887755801
928613720
862225203
5492269614
1728408768
1811219767
5623863034
1883763909
5067666558
6138941366
977762537
892766473
6089403576
1925579993
1848147167
1479541393
923596912
2065179033
637862826
5445166242
661691201
1502482475
818531443
776595607
5135581713
1075230259
806207062
656203182
811381119
1071024113
5367197525
1602472393
734706087
1829248738
1096091579
824472720
667503254
1010496759
1155239320
1287655728
982836961
5371069315
5308962173
1380921564
1399411830
1935655729
776984735
860811517
5093513315
5135194088
1244273882
459400735
1187871983
6294568318
1351132660
836128783
1302766577
1837721130
807160254
1049957771
1451983950
1498470272
1432673787
1809081781
286778812
1286453702
1127743483
5055144335
339937244
813531880
846426287
920175619
1679410259
1706106843
930758472
728819189
684925290
186436603
5343022794
5080452353
5898210090
1733105742
1861217658
874909976
694455811
847047741
5368999454
1943329989
5455667821
2113167172
1084260756
1405931518
5272975199
690659973
950790362
5551140832
743628847
424762063
835302817
1009448037
715706542
1835592992
5381087583
5759523831
1680098758
1925564668
1914811054
1306349972
1299582899
1696709303
721817819
5711520188
949932729
2010240987
6070227178
871272739
5983166994
1522170007
5455410348
1674051275
1257562659
6044109938
1031122894
1025466497
5434970835
717979375
670515723
6117478010
882202115
402676732
2039968138
1358099297
1455784457
5891596776
5921384581
840894426
933643649
5438942007
707382174
985162250
5960215904
1348764931
1959135215
833627021
656518663
1071571669
859951866
1839423053
1404643889
1955934017
1357042603
1224404649
1179250577
5449659067
2036831248
5869363784
933590183
696565621
1684425201
1524561059
766047972
1877587817
1086921953
2015918724
5042171782
5004197981
1312954323
1404906366
5299968765
915297832
869624349
375049675
1900511851
1980185871
457121303
1182418034
315251375
1277446983
1662373507
5721270308
1216785366
761514422
681830144
5112450114
5328597757
946225173
1547958122
1829891649
1969425672
1377335239
1043272166
1975706671
711919551
2026026903
6174385510
1420427015
861907382
2092488535
1390204532
1983239069
1941250272
1292362017
816380756
989191595
477591929
1775191573
860298560
1059237305
5174706499
431681947
1230224441
1818624831
5035820691
5735102303
966603944
828160611
720397743
1337833310
6183390251
5546678201
5584452532
6163299979
1466334645
1369309698
1535620438
1612550030
729680883
5037065982
671867830
592998569
1610949931
985055367
5087497716
508489636
854249981
711267216
5187380286
5936426866
2028529120
1574114218
1287775966
1031077874
1333647800
613797981
5549513018
5035535636
5591193353
748662703
1189300069
987694004
1151910432
1826987929
5493071211
1185654577
6123858078
922838112
1282740036
5456954966
573814924
5351050445
839416543
5795237545
253724442
1911707212
5485270008
5651271542
886198983
484691939
814894524
998904126
5984436082
1363668379
5068075465
1224124329
6204739847
844300758
1186720697
923685280
5156022776
941564417
1894081444
623605923
785551756
675850261
5652438471
5553105532
1923025338
326947687
677886349
1337459621
714352557
1908044036
1738872298
1799850325
1128838298
918260096
5220022124
1379869408
1275079262
1356805106
1410826814
6019116542
5027860484
942425114
1306927714
2008073350
927377892
1868446906
5611505198
1459882979
741893399
5169085985
1572329627
1071384422
446872406
5003872724
1673329191
1236558440
1960420847
115103145
351026440
754036199
425903827
1957577711
1800484872
1432097779
1191442201
1072627295
803876106
6090411202
1603353229
71774639
5860525643
1452525191
719863421
5905110742
869227530
964309141
1101650284
1756547476
1123876917
767433751
914585114
1057402639
1781459985
1291185706
5079449498
5371908975
749810395
434862972
5537495775
1131205807
5585939677
1662073221
1952599529
1558750393
5142750084
6269024757
1089212092
1016057247
1333021477
1110684882
1865251269
853988956
1653855388
6179762290
1778830235
1298692470
1254280738
1016754197
693598617
5292152047
5848007844
5093134879
1399998871
885826095
1276815827
858354799
686985243
1038270314
6100472772
2016696456
1326472419
920473687
2015713629
1892334313
1209677252
718891350
866788117
736697782
1586886010
730596701
5340142960
1323906122
760660941
1534051920
1400051706
2025581576
833284641
6080652604
27821711
5959866872
122454320
375300179
1908691354
6162353770
5864052211
2143180757
1628275939
5516070111
1684360377
971935798
1885045323
2033074459
1676469642
1865631390
5693406794
1353001204
769992548
643345091
1189583354
1132019476
1996775386
1092540527
1040605869
869873940
977532116
2129836621
1176366131
706213728
813397549
109494706
1132157431
1281545781
1150705349
1661954980
1074736129
2101019521
437573584
1442573975
1320705438
5849259268
1420870706
1903504885
1306552200
6261450653
1634267502
5490118192
1880943906
6189027193
5299951500
1030693111
1318377505
1250237566
5274478458
2095793442
6206071219
822539468
5571795850
1204866345
2097264307
988610145
1884332925
1387769662
6040717348
1985657113
1487293215
5785243515
5395637731
1855724832
1622359330
1655098601
1096792375
5964247275
1105246594
5423814953
6259046337
5502003706
1619700926
5495098842
681694678
1456404142
1493896823
6000766167
1334360475
1498502034
1329709507
5352110954
507491562
1450213749
1623811510
5899631407
1675948307
995026941
1692651289
955566224
5714131217
1522713374
5542887144
2073814243
1298585571
1863831849
1480462247
1888822775
5539792191
1630254371
5001974579
1417541920
732417006
1925835099
1325680038
6139522183
1836425108
5029949851
5618490455
6163577841
1415878542
1195030917
5048755761
689730232
1182760241
410018375
690976608
5036069806
1705759947
1779105466
1848678498
5502774244
5469637295
5881689613
5386858370
1336570405
5663231328
1330468282
5623151715
1947519359
2120616373
1767660213
1439149463
1684487467
5062112901
1090273093
5873684317
5586579370
5495399014
5243146907
6055074276
5202815101
5453713191
5981357439
5151520559
5343822504
6210616870
5231778314
1306261426
5248479541
1227153481
1937252552
1053283698
1509164579
1431694464
1358186131
5629669842
1827946013
875442753
772736639
870728071
880933863
1029381294
5924653085
1984376034
6163453212
5774358378
1594336353
1227605147
5681526537
772962902
1197605184
5624144298
1197895827
1646762425
2142585444
2096430073
6072749190
5654091192
5778736536
1430853351
737306414
5660983800
1477243068
1279607930
550451357
5929232630
6121285396
909684544
6124324826
1634130359
1417580043
5588007815
512806319
5334785092
1486771422
5943702448
6041464438
829011245
145051097
6012644819
891530791
1980187671
5105054263
5059906594
775973818
1057639816
6239026752
6114648027
5523003575
981602568
5170708296
6243955488
863620187
5983346161
5318658890
577572800
5507236503
555548041
1722257219
5798912081
1273085002
1228231860
2082468027
857289117
1821124330
5570562479
1589732448
1645923069
1700577233
1458057770
5331183503
810246148
2072387982
5290293997
1338706346
1417680237
750240982
1053902635
5188471676
950695308
5559042992
6172558477
5577293259
5723920116
422523827
5794980236
5268949343
713925093
6188066340
2082455275
5800524082
1300157372
787315529
1799558054
5942701743
6179727819
1298564657
1577690232
1134622812
6053360872
407399832
5932430747
1961521411
6038059754
1411385373
6123990473
946488543
5772291294
828634660
631452224
5457431292
1344220001
1619188038
899605553
5657780356
1020743691
615400667
5738677617
1001659566
1628524789
1409816585
5219528293
1860930076
752479887
5268021139
1340375963
1498443103
6186243492
2120093669
5181982850
5693647724
1131880239
2063380579
6232408630
1918746224
1319529590
721604607
1587285004
1070895860
737051568
1294902940
806817108
810912289
792275746
1892547307
5957768391
1472038599
896225051
1252553989
1459293306
5986504541
5138066492
1390119302
1784838809
1775205901
6141201013
2037479970
791167198
1425040095
1607134997
1443264921
1384641528
2028632109
1471494772
5392785660
5434596597
1704286864
1669435149
6047287939
5054842931
1850474875
171210512
6166237262
1276850362
2019539715
5939313252
1477287817
401304453
587616979
6263270658
6114278355
2102956284
5390711468
5691742612
5187824838
807858170
5251954730
1472393865
1188128971
5782485925
5088812379
5631694095
5218637495
5578551418
1700399431
5881694041
830708225
5617541365
5408547687
1063144046
1391587444
1324875113
1368553930
2047833931
1444529769
1183556835
6033682473
1633957767
5582024974
5079494955
1631210711
1611660259
5582656346
1142305151
1222555064
1727048796
1285877953
5955179900
6297558050
1418233252
5373812126
393878310
895043898
1535801308
5607011787
1758012319
5632908308
1452653026
1370761502
6178326825
1499992966
5555328921
801880643
6173655126
873110612
5552097168
5000548956
1989895964
1502463818
5720369543
5984235712
5331143070
5752477695
1828182577
5606665568
5116612395
5279945499
5311157874
6027241810
5531347607
5534856259
6169847629
5458257531
1445983964
1372074274
1844030476
1448643776
1030320913
1842242943
2076330337
1441277393
1095933671
5513328012
6051843395
1735705793
1634413726
1501599634
6198955986
1910605030
6108469634
6085611486
5699676182
6263566513
773835529
1449615697
1608349864
696883723
6185888489
5084418841
1990593193
1142300010
5247015485
132523653
5459428250
5096944702
5287826353
1644465967
2075220941
6175362066
6208428151
1957861115
919411887
1109699013
886106338
5469781103
1420897532
1829584769
628919493
1664122229
1311027308
1463068613
5928376214
1618631271
6215902243
1259283787
652858661
685219804
5847789028
1620459391
2034127836
665897378
1377724085
1997396198
1264768986
1401583220
6288058845
2139000195
922465024
1908161044
1458217410
1031676081
6298617196
857003790
1423405272
5307728792
1520230313
1648224161
5702430019
1681489513
2121589988
2051765505
1742343583
5795711933
5931577712
2054386834
1221177751
1966079120
5859909622
1071443786
659354334
1084307710
6009138829
578337440
6133479056
1921122630
5433456020
1386743399
1726680106
5282117565
1115289400
675363023
5030316812
924640546
702961683
1829974192
1297638745
1442116551
1210532589
1953602219
5116072194
992941819
5927018178
1004244820
1185623621
630179647
801150855
2037116251
2026865381
1608811223
5770624599
1306874858
5915294653
962273188
1466241041
5272248483
1320968737
713339130
1351011651
6172255999
6131140446
2134529306
2121690394
5074937005
1252775016
1530754622
5384187262
589302022
1903728257
810848446
1674938534
2085427690
5655415686
1155294591
1161651481
5559147021
6040008180
700803057
5779975248
5729940561
1926475751
6089196819
1422413853
6217585434
5446028502
1408285751
5461357513
1398925376
1844334419
935940190
5110491625
726034305
913650334
5218333893
1877412418
1630259060
6159190967
5693607471
282070673
5455427581
2013152312
1621758537
5109107082
1002890599
1088272758
5843472922
5867773292
5343190560
938865932
5555085139
1241049381
2031037179
5761702275
1237398816
5239279962
1419182372
997218886
1910470089
1206450839
5624861477
1408971694
5454900338
1045747214
5992424082
934450155
1963541619
1936987508
1150592058
5715671506
6227665881
1803274191
1455832569
920873500
995859670
5814324174
5394324479
5105877436
1054042687
1494557371
943302687
6106316029
633962882
5544592446
1732445052
1316724012
2031259840
5556320009
1135468353
1364180748
885572249
948487120
6295505087
1533812214
5306367166
1976566387
1173934934
1131562957
6004249712
5503594844
5579670206
623090818
1652652579
338401641
1476231872
1392460684
660967292
1585949308
1062558617
5068800694
896434969
484095032
1949282768
2036629508
1395541099
1650134396
1024132318
6186576509
775439590
2085714311
5452486145
1151661626
5556384419
685424976
5319068463
1631550238
898799171
1258756939
1811332572
1475847688
1160616428
1352910090
1939081038
5841748808
1431246532
5549912431
1487646508
5361560097
1812491859
5955699522
1205009453
2031672275
285933616
5100823430
1466453563
1944628366
941634169
1195611225
1975583269
1881797786
1561030375
5987276281
870770837
1050727929
5485960727
2030342444
5651127790
1722615422
1308488577
1736527279
678030343
1454557321
1442541759
1913456425
1919748887
1804056336
636873066
5071586250
5193224188
1743218744
857497026
1378215393
1737755979
1895092007
1598043830
589436371
1832119064
6209460576
2094310676
5727642490
1737293681
1004559989
5410598638
5569863822
6207211492
6184675845
1467082779
5102428714
711385683
1990984691
1317685905
766223294
916308829
950948180
2120233983
912274770
900621719
5433391696
1849364945
5329874429
608488477
1385613664
1186982718
5670743010
5862976074
1163973100
5541210720
2063257428
609467383
1305278963
5860125211
1578505620
1248151647
1642372793
2110975210
5610327543
1888525741
1900726422
5519395119
817000920
6092654476
1414973798
1849552889
1485814347
1942623964
894470777
1079016557
5771952586
1288030877
1149621616
1611036057
1143873246
1464093044
5651978576
6025417192
978031978
5910992469
871169832
866277076
2072937778
2043661818
1329284820
2004933440
5280179309
1503004260
1562189685
1437179501
1242534751
1549574090
1129467186
1920250444
5472074519
620752800
1634399639
5563982733
6204281334
1634413887
6011729846
1228291190
2100963892
6299593068
5865662131
1043608793
1896299078
1020342754
1860050970
5541853420
1231158167
487728579
5953974832
1391739592
701962777
1999161258
1746250836
1965422015
772240937
5880973107
654891119
932701974
1141436160
2102986185
2018559174
1563110628
1452626262
1714294689
662401852
5250392328
5192863775
556595024
6158295263
5771890294
1608415245
484834547
1944277050
1892533803
839101309
871045993
5367851983
2041946935
1470742927
1644037796
5218775905
1561118248
5714599219
1636804847
1887244386
1893212915
5481040981
1253275176
799529564
5263750791
629614354
2023943363
1528655036
1174515041
5255294642
2115211213
1664005650
5518274870
1264837067
856825597
5453888566
865759449
1121159614
1084558282
1861572455
5506106918
1255506004
5732963137
42408420
1212544390
1975049373
5346232582
1437653391
1498461319
1241141271
1452703144
1268395218
1710850926
1973046988
1773668767
1399792897
5441977704
1791057621
1412616894
1218072739
900199542
950296733
5990501346
1269172482
5776207118
960830966
5343441311
507953874
1985250862
5064294964
711180046
5001012463
1055771123
6234198962
5582306429
663799460
758938423
5934482329
1410291702
1916220668
760250924
1787229574
6234916455
825145886
5064798344
740757
2061621663
5232174344
1022566077
5423896476
6157615413
1329228429
5604215102
1247652641
1738710838
5331281384
1464587713
5375971912
5001256102
1724668993
5638800470
1078486670
5087877117
1773732445
5456678687
5557389969
980288643
1466009901
712154310
1618856899
1139301936
1917285765
697167085
1603453408
6116281643
1575102519
666601023
862727009
5263376529
1013206968
1895092238
2080120392
1964416727
351846351
680406215
808876744
6035883295
1843005330
1429180109
1615913015
5095328732
1105903489
975460038
1244959347
5303486412
1128384501
5461914347
799050838
5747561815
1305822256
1017712744
989398900
5417492340
1327170407
6223919175
1308626575
1866635162
5484305451
912100402
517893816
1992094762
5191696849
1451664752
765921294
1232384182
1430747794
1030554095
1798525202
2045222010
5237368335
1193829533
1224342996
891208095
837661971
1705073818
5456711937
5555829724
5862900785
1229117062
1098886587
1237049158
5928393536
1120949366
5447610719
1370234009
876846173
1996863578
1315532930
1229358057
1816329081
540202608
1420438980
1908628551
1457324689
1391487201
2009769979
1137518960
5837966258
826707932
5949306025
1634101542
1125309866
1277222224
1076320421
1244706893
5557209985
747526969
5450505404
1465454014
1414218561
2133498252
1174154189
989322672
5192278698
1130519599
1087129758
6284094593
932467261
1381124544
1619687325
5584601033
5448587927
5077597358
5350786861
5704002723
5133217675
1113435114
2047128089
1966581569
5061623301
1882182724
6011400762
879970914
6285516899
711232411
1126163273
2035236157
5938050099
5388408131
5867536966
2017620646
1861885751
824469401
5222175365
534677853
918648815
2046439721
5619235490
1919096863
1818182055
5099571150
1035034586
1458687082
1825751182
1338830392
5200816520
5261403279
1380879324
5994458985
725175058
5283779637
5838625356
1081167720
6116709034
772584989
826054211
915300702
1962022782
5761115991
1309099997
761381133
892524728
1058866641
1585834041
928411272
591201565
1443960115
644457171
1314537006
5990746855
5327853228
5935858571
6114322174
1085567483
5363219394
1631833507
1289207829
929117036
6184738481
1888060977
1078342845
1401194667
2097733119
6129149019
1437920579
1311348199
5711771924
6183504139
1936079012
1074877784
5945798078
5517476344
5230549911
6177905793
5362400781
1416321274
5524901589
1014610806
2097329005
2029779946
6289264982
5009102698
492766696
6135651033
919880168
5916429749
6267011563
1864627288
454864222
5660570302
6188053327
884433651
5394295240
1161129404
6131199158
1488349475
783076980
1920376652
5143778019
5667325617
6217116054
1431817240
5601297006
986429512
5696470379
5624589894
1820768895
6271520598
875723738
830084826
1361340838
5554007115
1073387723
856888783
1488344870
1397576012
5153452403
5831981542
5341530675
6034574616
1486216141
5018492535
1552394051
1268261090
6066245684
1382193091
1588439517
1587616441
1165295978
6221313490
1773444713
1468066987
1036319804
1277926199
1151025899
1043769527
2135534939
1893010929
1092565151
1280388934
1424304515
491618589
5408850048
5416414639
1321711678
1407506179
1376984564
1435727006
986655289
1103365475
1135932716
1872920294
1239656200
5539343704
6055582260
1013245912
1461753348
271553545
1484898568
5556047211
1749386802
899206670
5941824013
1469066833
5801668223
5337339202
442792121
5507190875
5639209295
961040982
2023267615
1773339882
1610057951
1685665531
958584340
1865199845
5614453636
580380687
643725965
5232080944
6252996949
1181272619
638410890
1051695532
204328920
1826142450
421741364
5503994347
5547694081
5530890467
1661964960
1494562175
1951768809
1266378502
6255875113
1885824649
1081989013
5023782664
686016229
1179615116
5083666970
1766149795
5055125527
1699392638
5140284952
1264613623
5569593136
1837848763
5742409750
1018626783
1891482256
5762745368
934878899
1806295059
2033669642
5478146691
5301738488
1812788083
6219561543
5081575909
974313924
1624834314
1854787859
924233618
1320041272
1800008289
6218873882
5802372948
1966777644
817482200
528894931
6037335883
1447011643
829986350
1630099117
729745020
5620835880
642305153
1705902035
1762248429
1469520861
5539482011
1956245801
1803532330
5111425157
928584988
6277049778
1018960768
1538473891
5707863536
6004943769
1939244520
373794254
1807510606
1335950900
5760917574
686650904
788213838
5583507002
1977758404
6153487064
626321369
1136325803
947664183
1115896353
1407500534
1383468545
2143489830
206177876
5010418697
1626943198
5269701318
2109960575
1874036531
5745507606
1582331990
5412407905
940617294
5070142309
5434706441
2006879076
1781192829
6066265175
1555467634
932463982
5004522188
1895845814
1425841415
1233287477
6085900449
2127539192
1091730556
1338090929
6155194717
2055886516
1097054355
6118660234
1233019578
5065954650
1977753598
1492314701
1004738575
854212763
1919156682
6218533752
5474213777
1966084158
5151351375
5859818833
1709326111
1755881385
945885692
314465079
5511414934
6134949289
5191094293
1875017931
5819522498
893541054
1041590186
1636578519
1931139677
1381543915
6049862658
2069016732
1913262498
1125480747
1140366261
861107938
1886172696
5009431517
5052356569
5616459862
776372493
1718634030
1845226617
5031035336
894301092
5169224868
1441006159
1390375624
1794255780
1351400607
1571098970
1620460481
876209739
1737632098
1614360063
1058519804
5997720577
1393113682
1883656713
1042521489
5012959423
5692027595
5617516643
5536830994
978347764
788114353
5549957173
1012467054
390231051
5604509058
1972964511
1374924294
5539756759
1880316717
2016045
5099258118
1899643441
1989718403
5503261402
1409470037
5240618915
1693150121
5048883323
1916634332
382903303
5745307584
5657747385
1046951778
873625281
834510616
984528276
1499548722
248699162
5366725912
1258631427
1886504910
1510640869
2110792578
1341659825
5702127555
6297159507
5895902660
1748695595
1055822807
5199580279
1866044015
1393533523
1323867127
5691790632
1112325261
5866493672
1101856504
1846074221
1374539481
1207397371
1908116514
2127251982
874282357
1051801279
694928969
1260553236
761218972
1606654663
1278764780
1404021215
5349315538
1934972706
2075253512
1398104517
720266811
783052972
979184190
5668077455
1485509558
5633261726
1206437939
5252392226
711211048
1728359400
6156104824
5563261300
5481721172
1780822690
1254122318
1448782002
5446572996
5572983358
5061651739
784252249
1354175649
1983368078
907362600
421634548
841250827
5684487353
5613019509
5441599871
978170734
5335906749
6107191964
1144487606
148539007
5140729015
1316214633
715909028
1200199860
1699789204
1437083720
1490112116
6192281469
1328280573
1344212042
767023677
1340921907
1499727954
5802208078
1594596950
6045183896
1817718043
5559576422
1243934275
5250568052
1172673976
1865787347
5979822604
1303950818
6196223679
523641682
1652617922
874391051
940689111
1311424822
597476335
6114095124
1714370572
815605873
1270891344
868745317
6205014229
740740325
1910114776
1495936382
5842673955
1650450045
1042912695
1188787119
1991161114
1446166023
1195314326
5198066072
1648053127
1915535356
1617755698
740061390
1601591558
1097742848
5419878974
1968803036
1744555116
1346141267
644679386
5524201276
1376071557
5107311118
1422853377
5281900159
1615405204
203569417
1986187123
1388381075
976974638
6093879312
5465095546
870734905
1083525461
814434700
996408874
1094066346
660214894
5115470144
1395512904
1229807256
6212780213
1079958439
2001080589
1718915175
936828158
1225552200
1770617209
5529211301
1108176598
1324679055
571978066
1855342563
1855661385
1656853916
1024019915
1831841621
911965987
1235900762
5339473096
739063004
1411289104
1665304511
1042941435
341336542
1913639856
5877634256
5524870135
5087337137
5109171111
1127067400
2033106801
682417642
1580194683
1261858372
1894817356
998524334
1147084385
633683084
5624099401
1350989172
1993557452
5701438284
1060471428
1713844308
1842318083
1921702494
427828768
1299369592
118746533
1600853055
5694264957
6010320012
1541187428
1878300903
1902613541
1923194308
5976581170
2080886497
1330402409
1077032151
5524267180
1158052202
1335330510
5981231258
1619009323
1742290019
2061685001
1529467927
6172143692
1266827451
1362752013
1134125632
1130962657
1465127783
1881742640
6116372005
1125435036
1122843536
1041387006
5580871573
662038159
658286937
5569342822
1851668377
672576810
5541973268
2025661705
1157118088
5863394935
1362089030
1056104663
5558623985
1823546923
2141057674
1307891824
1183550902
1106791956
1380689006
922445169
2061430888
602413043
829269499
5226451363
1504842342
1790384915
5485169356
1562281552
834245149
1144959075
1316714120
973261639
938554152
5486173414
1124368160
865377537
1418591535
694719474
761395072
5490207950
1000920727
1384599479
5489657663
5263540445
1976917898
1483183144
5506013328
5865090608
2128622178
5355956070
721181391
5786952274
5621821827
1962649035
2037667627
1157629551
643717510
803649842
5513988299
721389408
1253893439
1947577059
1934958916
5782700988
682776001
946501793
6003020417
2037840444
5773645067
989946108
1790223162
1033012308
5795119045
1995184150
1788067532
1906568198
217481398
683248370
5983050619
5731386899
1998782119
5186222665
1005859659
831955760
1374437199
1029469428
1341945736
707346441
1245617469
687245890
1035565189
673196230
1834445117
2042558157
1978074431
750758781
5848956837
5568045815
452331575
1370213543
1628214111
852640848
5632344439
628244582
5291635284
956200105
5794827294
612802426
5087475378
1904426860
5209739879
1121510295
1419059592
1771795920
1915385375
1013713966
1339727792
5911048565
1423134667
1592569596
1515747575
633752271
2094143388
5826760564
1400836816
864473677
1435635024
1198856755
5011650860
2034502734
6146770577
1303090862
1758624270
1758624270
5296064723
1364636786
1052070856
1882722676
1958697858
1641026819
1122238765
1600364106
1457731308
1398121055
1368016660
737694165
814142695
2013355566
1063124657
1202400443
952066990
2074531959
5022484780
5751583250
527284688
1602733983
5497672002
128745411
2042528748
1404550036
1194955242
1731862721
5240427122
5159278281
1737444222
1380390548
970882799
1016668925
5121729751
1186975780
809347506
5639869290
1462090347
652777521
5681832316
633235047
1137479555
633433961
808688981
1738763705
651728930
5496461076
1271917183
5173397669
1089271871
774257070
5193640693
831682396
1808184196
918549110
5137493045
1631128999
5237001466
615856541
834134924
1886357226
5235208437
1381670267
1332645843
1335498151
716961557
1055726593
1369064817
1041105605
1752238501
706080018
5593044769
5466031148
885998101
6004423346
1492850053
1047708476
836599756
1984272935
1425916355
5889698757
5413350001
1081203368
1105430567
1324430239
5981105035
1760152383
1282713422
972257236
6184830379
1397086538
5782195346
889832339
879738670
6250171389
1165617445
1623507229
1827685436
6002930820
5512354135
5927649667
5455953705
1649275384
5654544080
760652270
1039147609
1732125979
1078401918
5446992478
907691557
5124086096
5047075847
1985034086
729988469
5669904970
1343305592
1743913848
5023707663
5837579675
1432544727
1860143880
5579248162
5625243769
6099826096
986052347
1857927319
1016732831
793865232
825152267
1331372593
5130279821
780653622
5562233181
5387949100
1617508321
650761039
1656938216
1569195094
6190459237
5436040209
1614370270
988966225
5585810234
1052526488
5855183586
745128904
6139648749
1999427033
5661401993
1762199015
5986868291
5652313182
5506622969
1573023641
5508871072
1364365694
834227430
1102837268
1120669333
5267008328
834113093
1918483857
1341196362
1122359572
1495462329
5654457444
5075609706
1343379193
5349712818
5393316965
647263607
391967684
1970783276
2130163878
5111069836
869898973
5624762934
5776278537
1113447329
6098804187
6143061766
740309398
5578977264
1021893209
1925290432
5740891620
1764825158
689326820
886271075
1217011860
6117816147
1119460221
1351532944
221328012
1920683202
1964598336
1364026009
1291297460
2052809498
6283930786
1108343055
2032058409
1780425401
5868323714
984681423
1534860286
1158394826
5023928675
1084252710
1139461370
1109027817
6088135175
5600791589
2118934906
1891661413
550279107
5403665856
5448728647
5855169442
5722832674
5318604374
5340836464
5287683399
6260660781
1517098246
5612756852
1383271680
5651454987
1690406773
936165168
1064911665
1203049342
1879498336
851019664
1790476797
794632455
849678833
1351020370
6066308964
1425507939
5470269485
835988471
1224752617
1400795051
5002711102
5734628413
5230629441
596766139
1249678570
1427999887
5664237930
5955453676
5012483969
1352416040
639363800
983160950
5884710429
841997370
6119495803
1954085292
5460480321
1255475295
6147515426
1368760582
188056939
5490044880
1565367752
1465568750
1131626725
1002431006
1102500888
910193176
1789150928
2009957726
5651298621
5385421457
1690289230
1827586362
1511223127
5111344654
5579945226
1271086822
1189392206
5571232757
1286269507
2029565039
5397654934
5297424433
2015189430
1982667078
1420815311
5082782331
539156668
5913855038
6108221317
1068440177
193057562
1407350356
1337079377
6086362585
1177088601
1056807811
5941025594
1368509378
1392734897
6206672625
779353557
5325407654
5602151151
5190133395
1668996628
644442536
5657423659
923009816
1022068797
1797289345
5182068282
6125680820
1807868715
5559105242
6153856841
1444002968
2020538220
1430689013
5466494333
5750969260
1455708885
5414967996
1895577393
1237685274
1306614767
5066292068
2100670043
1585172260
5546376387
2069781289
676890110
1939914917
963623912
1828826934
1194322405
6101260264
6085551644
976712479
904529574
5574724495
1424036325
2042677424
1298840790
5403182614
1400760036
1557387732
1231844575
6197169724
290892788
874262193
736947778
1522889716
5090470191
2101649003
6039461142
5126822041
5272927058
2116792003
1765609238
5147562104
1404850744
934549638
1635945301
1198628529
5359544752
5204451285
874253883
771024273
1279639170
1512021892
2103426444
1504399595
5937445953
1527446220
1250793628
847803281
1903910375
5453765558
856507986
5849147460
6263554831
823127579
6270241884
2089198689
1470623523
1052596437
6129808921
1866129095
1723598535
788188263
137209061
5048454087
1259462404
1666899273
5588440054
440216369
6262525635
892246717
5218575181
811267803
1426720384
1188784790
891566239
1910491974
2066184877
1523938657
1503079077
1941705697
5982199481
1472714550
5391496671
1342987652
92771991
1316922237
5581686737
1496256754
1504309949
884810404
1057006585
1554340793
5569542827
1841940808
1982459044
5732262020
1950984808
1682320428
5719587462
5707629080
2036199904
708881975
1647745115
1860210300
2023258564
699196219
1100238499
5482161957
1332030340
5489079891
551382849
1617837202
1461160724
2064322302
5453038416
6186493308
853758391
1269611019
5550581211
5338568653
1015544021
1486405242
1085927406
1864936272
1161244971
882174743
1461993684
980746449
818680552
6259856755
1903424049
887168656
5518015453
5430016924
5319790113
1455309671
5410498416
5422130339
683374724
5469389265
1546099402
6221937361
1810998064
1348085475
933270270
6204410489
696917165
1498783120
5625508466
1047815705
255393497
1074292021
1206751511
615821870
5760665559
5006890413
6026109940
1869393166
1362186501
1606207669
5956197446
823879861
963255943
5821878691
5614130421
509844499
1717843195
824990169
645239278
1922391957
772834597
5266031604
5603689140
1124668989
868348035
5772175925
928834502
741346397
1920434419
261052494
866869820
1379787695
880289862
5926019375
1852389089
946568202
1287023981
283504707
1336435191
1070175665
5421937538
1752384981
5752628634
1865332489
1287165941
5731441746
5426252472
944113732
514634687
836840790
335162263
6110908476
6173987534
931367183
1909384539
1373225193
978365906
1831229400
5188232805
958461797
1093981791
721953120
1312934959
6066149420
669290268
5396849891
1691210930
1190321627
1187300175
5726846328
1069689615
2127008160
623109319
945355127
5277363081
1325640384
1315563128
5052431282
723172097
707879497
1067551413
1685660698
1132616987
1881122681
6252966517
1881167764
851851975
551979992
1054959501
1414987196
5851580129
1900339582
547294078
5415177486
1175378211
1574070271
1612037369
2078533515
1185859237
514160840
387996891
1377570854
1132899874
5473877691
678033092
761572699
1021119790
5206294586
737241545
1164567184
5784397288
1803641029
653660298
1831369371
1919688755
1271832442
618430709
1986544058
1127512694
6107654741
1014576106
5153752039
5999698298
1771674392
937576023
5086558550
5633649563
1206206053
1291858014
1782521915
1934754772
2044007182
651126146
905486412
5631023930
1458484171
5882690533
1153372171
1329420598
6143871387
2035123316
1431635499
898373695
906799778
2088408939
5246515539
5094773532
903013328
1991552572
6170423717
1950908388
1031366696
2035246020
5617938846
6261057812
705737759
1643284671
5350794272
1910054420
1734195036
5009935301
633718161
1941067152
1132785022
6150268509
1948016621
242193
1194328466
848520691
534024573
51559259
1905033985
1940974776
253393012
5834117018
359984033
1346078360
5983340669
5285876879
1183904524
1723571698
5538280602
6002567491
5349801090
1347679325
1726340780
415669273
5975097651
2034858345
1318244951
5790270240
836843487
1696611565
739867138
1418740496
5288908843
688933882
1773743830
1381462017
5347288789
1922409054
1327437857
5411903068
5495791016
2012401741
5442308446
5081289429
436580097
1088050013
5856527831
853271657
6124734628
5756401745
1771595195
1077031914
5011948855
1580355841
591696963
1834692243
1410082044
931061962
5609486038
826047767
982142612
1514145742
5028844910
1912582138
2048334655
720902435
777284694
5975328444
1901936987
757945373
5196890371
873733981
5749050954
5485879458
1393665010
538125503
5942427842
884684372
5518780717
5122736658
1064735219
872636491
1836241480
5383318865
5243713704
1364390009
6184121674
5285817820
5211865362
1321706199
5177674597
2029219233
1642674908
5585971614
1439461192
6091917440
1942086991
5480942665
1225302958
1913422562
2046763357
1994120669
1021126600
1715785279
1260164902
1995713832
5277396225
1962381054
838473440
5194588696
5442390567
5698171700
1100825115
5803342963
5011224518
1180922087
1394297263
1975464057
1959033697
1403568071
1863160971
1962832561
5160317825
1395501913
5651704475
982080415
5890086526
1833370809
2041890668
1271688820
1133437216
1109146224
501280388
1660215077
1826802542
1966384104
6159367778
1666245189
1903079542
1160395063
5614597797
5495603009
5782357452
1626865552
5893826736
2035965155
881768472
460658610
1848191333
1407153433
983068190
5172634865
1739919462
1013340591
1358882268
172996699
1341524462
1741660797
841812706
2044134754
490123819
1429672641
6104727460
1308462950
5172010328
5047976898
5361489536
1492864186
2145443100
1933208901
1135334648
1385485631
1811762135
5136961174
1334483418
5643044017
940102262
5961363400
1798283814
1389246052
6186371894
1734285670
1257852207
1965297083
2120232171
2116467886
6279840551
5665941657
1346194062
1594103342
1031925098
968553291
2021888745
1752952664
6148935649
1446162868
5269582922
1308240529
756046334
878209710
1804131503
1916546076
1961377964
950698548
5869222215
5488042161
1482351983
5378708207
1223717932
2040778558
5390851608
636197137
5672343284
6074472062
1735557415
1170760971
5015697058
1610178197
5191597147
856779209
6177663615
697161367
5731800057
5847535436
1316975584
1376588808
791254076
5347621941
1474873928
587923540
1453576706
846330527
5876646630
1931077027
1458200291
1222152191
934324083
5950525618
5039697747
5698644878
755741500
5905303110
649844153
5311961706
1333688358
1416793671
5029854868
1796117604
1351874881
6096554370
1937888267
5412205180
1927773091
1407872289
1064635369
1796233230
549063416
1132072150
5714847563
5295707017
1289080951
1346852900
5028143199
879345035
936135830
536890680
6167318130
1345608013
1841885946
2145926861
1954748656
2095873938
1052811159
1877703502
5104578235
1033102561
1664566817
938374305
1620303168
1154225243
1987109872
5259063609
6043574074
5884157199
5554521547
5305718278
1452684499
1463612215
922357754
979347166
1134339652
1533020147
1264161777
5622079998
5448135514
6272378858
5640810636
842488546
5617722251
1053187880
5325741605
1360336733
1774382012
1123431496
1908080528
5898143357
2019130727
791376606
5239132008
5705024724
5059374453
5574296245
5621337962
5645756949
1616438050
626586140
959894996
1712869230
1493912443
949936872
6156304661
1561449473
748441743
1331840252
681638981
2053546002
5077904248
1972938956
5210313483
5794402031
1320070587
5241262845
1306089054
1274143123
5190198476
1067293412
5723506029
6139626488
2004340755
1992772229
1268843992
1998487343
6047323743
5259894490
1164852535
6105393124
1728646578
5246281766
5521028486
6042001835
1989205753
1912720737
5139411303
141575931
5149373938
6250248524
324593128
5173262749
899731179
1355888616
955888551
1211304177
5462132827
5875305096
1946990274
991762454
5142324217
1029689618
1519072177
5534304389
6119686631
1527174869
6222592904
5137481928
6413126
2016086944
916408576
5880375033
1480200062
1300514193
5307140290
926851449
1248047104
5238121707
758852392
946353409
5139766938
6100800503
1648909645
5988332239
2052193872
1984950910
5070587022
5325574473
2021070508
1971030475
5051284521
1408119953
5713251599
1997251270
2084307822
997259549
6165411554
1604333537
1339013785
2012866645
5585219387
1797996029
5180905185
1860328550
5292849431
1902582072
1899206824
1865085203
1434482791
1435419561
1991243673
5184118816
842825255
662787405
5349274820
6009445394
1055991271
1496405945
2142846965
5323922294
5998797087
5771976861
1678675769
1279590123
1265216669
2128720381
1710950283
1084915534
993580885
1095720557
5827261790
1367961116
2020756281
5240404081
1634986031
1817343518
6106178304
1842788623
182617623
5070021980
5106462944
1077068748
5462766942
2107047838
1460463679
2088851569
1698504580
5862220792
1598717731
1708815299
5747137655
1954215325
5977929347
6033577972
5530115652
1211038262
1275142569
1665921775
5398563382
1252643233
5795487948
1173408163
1573199533
835024517
5119120707
5081377933
5520528220
5532390398
6101872012
5353394101
1304622544
5407609139
5503123011
1341559461
758100943
1071175227
5739364822
822717572
1401057364
1090660249
1955278811
6084703955
961968035
5080317436
1990567432
752947010
982241539
5674578540
5318994360
2068164698
5459701001
5312214265
1621810550
1088713427
1399992254
5700948147
1791909677
5315053247
5861488062
1446412467
1485670570
624349229
5786115514
5169663974
1915653858
6076031993
5813332083
5703272274
1467910530
1741236875
6092947263
5385391710
5172636120
2109048580
1246618560
6276966714
1847700317
1272467359
1448735784
1488148759
5844028281
1352791729
1485056008
5650165866
135956695
273801849
1657925775
1790563908
2113613403
6157553658
6105102528
1712491377
2097172936
1832750356
2014354938
1372689855
710353291
5008294179
1539969159
5948166045
1714490424
1155852425
5601131281
5321279291
1251372342
5322615613
1497089760
1308397041
1442939737
6129645061
6199528293
1616142891
1520160604
973341618
6075255473
5401324189
1053161013
1415689049
1239738829
5410322315
1372064658
5336655365
6098247641
1807272808
1468989354
2112981591
6104713549
6085953216
1159719491
1387560529
1789573662
5787827063
6124659056
5985517809
6007858234
711606001
1787939632
1617248390
973643501
5243897834
5236588906
6169523879
2055780283
2136501122
1816538875
687643441
1577975450
1425936836
6257649411
5479613243
6125821643
1560802688
1983809543
5691971496
5268430279
1974679859
1640207205
843685042
1972990733
5691465296
1189929514
5114328075
5948416710
1188625768
1952895411
2099581829
5119601046
1728195056
5530388951
6095795249
868918355
5969816085
5097132759
1671590696
6070501929
1793583438
1362812825
5766515384
5429698228
6178869165
5522178989
5234056218
5365828082
5023743530
5260929897
5886722265
638656851
5785679314
5056184122
1968387941
5212459780
5758985065
6083957870
5991014486
1363981727
5132807988
2131454812
1054737045
2027128453
5575735390
6257511416
1227758860
5394545955
1423719394
5273218847
5375505905
1968908233
2040341332
903871079
6279619353
5183246728
5067736976
1896370051
754804258
5215671574
1850232746
5218130225
1882801191
6038921498
6051658040
6095831230
932079399
5017993003
5695863688
1478978437
5581313873
5607845405
5452683779
5489443296
6290578859
574970846
1913013372
1108411237
6272974905
1574280895
5875104782
1174480019
1291610861
5785044163
980271889
5032355189
5259614269
5742199610
1860133775
1234906646
1972240635
5248984101
1985122041
5316127078
1422520903
5573560114
1899070484
5532830468
804264538
6293512305
1205868138
1898341624
122493909
269588612
1222582938
1082478969
1786557485
2119372861
1993950486
1527186255
2008704161
5415142655
5995376186
644304137
6089517023
1799267165
5574691764
5496549649
1526916365
1950182241
5244631464
2052725616
1577481416
5496071326
1496644661
1848279081
5062476201
6270895764
5642010851
2112771251
584045596
510719311
2108566776
6227684507
1398903635
5634313991
6167521129
2127713579
5664650237
5624621348
903524632
5573614276
5465753783
5270540449
1044572412
1276870408
1099782418
5058833191
5034290807
1736660946
944047034
1393984571
1425464922
6271404209
1244447980
1817779173
950487337
5009988647
5645109563
5040628925
762118601
6263290093
5156113297
2018801549
6290532553
1353928357
1376738021
5378381849
885940709
712226821
5521366149
758559990
331758862
5926708184
5033729525
6177052611
5910487964
5492120048
1204532089
5529048750
5231198964
1068740034
702072574
1458969770
5412341389
714070186
1013110742
1453035542
1483050839
5237376207
1176517935
1669421087
2040042678
1201620573
6256714907
1648465978
1947584952
1375404055
865449274
1407493218
2081751073
1835344965
5030161187
5684230111
1313728676
6040278643
5364478381
1470171829
1735696380
1702725201
1194962106
5615875557
5794127521
1672815550
5514753226
1934588858
1354203667
5784866218
1605503073
5050560953
1640841994
1042152595
5501304613
6096355417
1690487912
1745231092
5922537755
5814642590
1553313295
1718012787
690857807
5926135612
1285207637
5501686244
5481808680
6016084807
681182584
5983265711
1424199822
1949263385
1051594869
1873682900
1199115073
5450688445
1466725182
6290208038
1445556060
5978310713
6061803669
5468285736
5655829261
592448936
1801399136
1488115235
1556049658
5073384068
1189594375
1955068067
5534517273
1762189343
5064793946
5881153759
977701570
5766671661
1439862985
5742157350
5621505391
670412249
1699029272
794597414
5959544982
5297894432
997035657
5685038232
5581954233
5696084554
1456626111
1297596499
1362868220
5050753755
616790810
682980412
1556933176
1886271173
1341683406
1459695387
863873895
5925760351
5358521401
5059002522
584014663
1388492791
5036131103
1113788256
1353439270
984441771
562424040
5461838003
5382957266
1624201643
2011068023
5922382240
1246760757
1223427664
1029837558
1285391412
2133058376
1178393928
666308363
1401864581
6246591255
1285826704
6156307721
5319968102
6237180447
1129687242
1384079844
5749060266
1173535579
799596407
2127192509
6097640533
5808381040
1154209378
5804574349
1906329829
1475537491
6101185108
2103639604
1050127358
1394554446
1055203107
1532375501
1976176851
5318136609
1435027835
5045779103
948859708
1451168917
5884359593
6272165280
5395500860
843250604
1081966663
1413930376
1626027372
5047164726
5710072405
5069285120
1155367326
1237982968
5271661259
926992255
1680851683
5863319373
1272434922
5307959692
6013207834
1912087928
5235677589
2083470803
5530016332
6000706749
940351357
5940655556
6287541700
21034008
5186096968
6292620084
6093241129
164931209
5094026199
179785694
1003365894
5255000851
889397648
5353687016
5715263038
5502777900
1454013502
6068062837
5728288491
1183103070
379052539
2032909432
1103720323
6264581632
6295481674
5329318012
1675900586
1668041803
6202359807
1229817356
926925375
1480041250
919829512
5724542490
1632028777
5653311362
1492408157
5417393735
5560392470
1964901724
1129928080
1217624091
1547856089
5200581581
5662898770
6032636902
6238214197
5997951444
2119151366
900517228
1465526063
1422054108
5437297840
5177294363
1845227295
841435924
1701830632
2055459863
5804199506
5126644761
5091347791
1291760841
5467010351
1661841584
920948120
936292391
5479710706
1042029142
644438179
661261507
6286069751
1621214482
1803813387
1973865093
6280938271
1154243680
1099195829
5597492363
1711387281
913028482
5453671245
5057642633
2012610054
568690307
6215629759
1490907978
795809250
1243158452
1500674740
1755520712
1754610383
5524708735
5963111468
1306977019
5733793190
5871929509
6200831222
651136156
839955045
5007020679
5919801796
807661186
5722447531
1216436235
1350704069
1062543249
5412727450
1410526746
1447581507
1962606549
5179392323
734325015
1369155168
1007250389
996310186
831160303
1402811582
5924391375
1219203099
5415031070
2050190207
5523944281
1288362356
1228035803
844803118
5788991820
1953977779
1092811180
5364044632
2047410365
5892115006
5042651609
1121268429
802907762
1707924067
737472567
1299175797
5337991684
2042482218
5960202711
1916303419
5945696709
1337485733
1468538287
1093138300
1022517668
1051715038
1909938516
5306741424
5201634436
1192596334
6080481810
5432433519
868474495
5173806931
5964457162
1461593627
5250365928
5079405061
5422719570
1005709656
1957380158
5435423746
1812100188
1825842483
5063860854
6284799120
1939101622
5343420536
1083054353
1737364376
5656768615
5866917726
935654772
5276159795
5570631125
1081391051
1116459092
1027128638
1950275169
564523282
5914366476
1896564496
1162105960
1631198399
5011691642
1421505573
1901765640
1188845770
6254125642
5063501554
1201539084
5460062455
786761297
909208347
2045813160
1521142816
5316792176
5270661848
1581845368
297356188
5453818963
5857921893
1248635855
806379599
5050347367
1252284417
5639644837
5375774084
2125116596
5613851
1033021941
1743002070
5043091453
842399656
1079334379
2105610407
6004912977
1443235292
1301725494
824104206
5516888331
1698358815
1330599409
5189675145
1770792253
691836103
1021364533
993016480
6287691488
5711128564
311317742
1590177724
920392997
1940923977
1779223233
946445232
1258008281
1899549450
675352458
753591691
5195207163
5759071399
800349505
2064054112
2045101334
1421433355
641945471
1527943938
544766911
1167258835
709624249
5015694015
6043903425
5061738899
1201232151
1074685545
1252894944
1682637296
891761182
1186779246
5405803776
164760938
1072470180
630382870
1030547898
5442800791
581273750
753553633
389822088
1470310080
5731142534
1094046693
1242130117
1914235250
652944333
5256485686
725712962
1280744396
573408449
6172318686
6063005725
1310486412
5108754338
1002205801
5528265119
955595474
855204757
1601361509
989009785
5096050801
6209383484
476375123
5857014225
1588218312
888284077
1689395728
978847023
5443514231
914015620
1117564296
1694136146
1352652603
1581456982
1472982872
2021322541
921394709
5719262204
1829420807
1049326064
1105031003
1129487639
612697185
5707802634
1312828865
5657305726
1025501023
1269376282
510618588
1181014972
1317272609
1097917539
1933636552
5278257231
5903096373
6255273650
1304882671
589629357
5805199822
5009101888
5441974238
5001616617
1877553364
1151613272
5581038332
2139564465
123500694
5117967792
1629496838
948581227
6041165112
690644663
1765169102
963449444
162634702
2031816200
5722727152
614821837
860067559
2136808729
1925508934
1207352935
1206634151
5265053129
462435091
964149088
5911361758
1050260496
692665927
336622790
1287046468
5687147339
2103977476
1627686964
5885008635
1243324725
1209941007
1317651231
5754378025
6198109375
824836496
460014802
621812229
1904579757
936969671
5215952001
5726771023
5259676773
5872273944
1362049114
1053239764
1518066352
1299791857
696851044
1322084664
909618453
1013843841
1556601824
5971048133
5809652217
5696469144
1157482851
597903361
5740190062
1600482656
2009643971
998860591
5559514458
692477140
1480592435
2076243244
845049564
440852139
5977419094
1372657001
5861788592
881633473
5764962334
1843651536
639001345
1131860551
1355226681
1815599278
1387740974
1402661026
1295285564
1183385307
5881392812
5069839099
1127386528
908322267
5500888966
1260712125
1751350436
5539644671
5911557096
5620410422
1049536397
1229163004
939897907
1058405744
1701369060
812676941
1597011025
1475648444
679954981
1634913187
360340420
5982505992
786094520
1535355097
2060702042
1869447948
5227086815
669682244
1129244631
893800264
1298447763
1166346879
1332314038
881028073
1000648541
1765971506
2055237958
5785629742
1781758575
5985837046
167642725
5434358050
1246067647
689035215
2028479416
1983594533
1354195314
6245984974
1433690926
6138757325
1910658363
1688731139
6141249062
6200632597
2005404630
1676132185
815741820
743402549
1156533258
5229868755
1578061451
1631187628
1212280006
774350473
1838903210
1449691506
851175857
680591143
5318702772
1389870195
1244229469
905389132
5331906465
1572659617
697098681
1479517788
1330692393
784204211
6185058524
1383781570
5656301337
1783766263
1273610033
708836945
1863646431
5213235273
906443989
1973049274
1543779604
1046505661
926312286
2025937413
1642567302
5662480626
720916205
701881230
1030141555
617501822
5785111519
509296216
403106303
787203866
5357660552
345987472
991763129
5640260630
1303772688
750771893
1814081327
6030155276
5738288221
2124644109
362821744
828959950
1338165077
1262635546
656541469
835133873
5026258556
1355935978
1782724124
1262610552
1353959143
6034740957
1181781524
1641916069
975329535
35111663
1974570924
1874650697
1550651758
1715294670
982910838
1717254862
1292169080
1204686678
1303200388
1128502044
1732090819
1018044265
1955165128
699351116
1574893788
1313874890
1667369976
738387733
1833090591
5393535235
927557682
662175561
1293801158
1140404814
336791261
936145037
657001963
1590710469
892865901
5036386307
5261379502
1022912403
1158101506
5185120018
952191507
808926904
999429836
5587032023
5358626272
1703113573
1837397809
773128396
1062016449
450295193
786256809
370160865
637875345
1624765129
240086411
801423630
1117095233
1349711791
1834239256
1344393715
829577964
5747776984
671367127
747660781
5813589384
1344886278
885281439
1301032531
1142394795
1055938207
1125676380
739718391
733301159
2026244576
5525656416
2073605211
1014595947
1955244634
5328906046
5623166900
5961929640
151798031
1433962842
2008230073
1333120965
668754194
689570333
1750975560
1814506857
5448183622
997007158
1062831804
575378266
2064823546
1979231136
1959032628
1852101758
907142171
5553335120
1866125165
1389972991
970914724
5077940568
1105126219
1767194085
5332418684
841770273
528357831
975031441
1255883175
5151227241
876061717
333514598
1318486984
2020339655
49290706
1949648397
1274215953
824444682
719714399
763689988
785204393
5787391634
1345217251
1829285815
6123668515
1204508491
5671005488
861169143
725888427
1914957791
5605432284
56227210
5354610352
902635902
1070838283
1232539052
5275942968
923583468
1004062951
987280758
828030807
5532510709
693905389
673017534
1493878878
1045564601
1322543421
5818371417
688417777
5441863097
687671427
1019095209
569292341
1031332178
850998778
1601068141
1206106719
715315442
1066402285
1949857708
1800724396
5297559549
1527767916
6286400700
1771539040
1375390087
1115158758
1378550884
6168060718
1042048441
1751295687
542940516
5450943605
928181596
5369110530
5560318529
1081718148
5880425893
1935967204
445950096
5760433986
980523260
182555116
1786835087
1051705447
5129236903
1851919956
511229325
1491732743
1092152897
1912691739
907815803
708571536
1869743634
5230117653
5160519926
5543625119
5348925128
5693877756
2140647002
1304137658
720431432
1820907467
1933658417
757964485
1308443726
1701600112
1218576395
926314050
132467242
828015137
756719599
142380322
5393703584
5979868261
882294649
950153535
439742827
630949674
5089056187
562263757
5551223672
5494469159
1282075818
1300761063
1216459891
1945612650
1448572894
5978584762
5124723394
1630666492
5393450097
5532630172
5541540901
993379563
162921405
1711314274
6165854247
1467085744
1184659262
1825686285
235024022
5964608215
958352122
1859143876
1132974660
1909297153
2124510247
1951325559
644763214
1241141864
1902210129
2030306860
975387802
5489465777
1773779889
6093936446
1689796463
740644895
967837318
1161937826
1888236319
5729372117
1149123392
5298797653
1207171531
1428761465
5835642206
476002639
1598974020
954577353
1526265474
2036270128
1771870779
1309472529
1342509712
1478534206
1651203818
833734924
5745824770
1374913695
1827802787
1409315014
1335867555
643443880
5529111727
5702953717
1176806409
1063867110
1972392189
1183258152
814871037
870835199
1035389290
142284807
1079398663
516941530
1354173384
911617677
481546276
1715044571
1399590927
1085481573
6240023392
5566271026
5953038891
5852879388
894843137
5677514810
1412796099
5987317547
849110539
1154391652
1678999181
5908157415
1207941250
5019622302
845726081
5068803419
5142581254
535058003
1833184808
1794534278
1313247404
5368758218
1160167579
877075884
5071501656
154732616
1297017020
5269164863
506743141
1247297853
960778739
5661367367
5143946644
1419149369
900344719
1750474140
5399726476
674750086
1747725049
172914945
1394058947
1122204896
5163310141
1842349022
5116041164
675723872
5729387428
5428962899
5022172825
906093730
1135074923
948918764
32534571
1990971500
872392023
798724934
2107702092
5111691478
1354075363
5977519094
1811196056
1935823891
815421195
6232815188
1113482991
855565256
1519357181
1587308699
1916202017
1081911142
1773103840
1749919552
5954133880
1271498434
755713832
5808908010
987726173
5228362984
1824353750
1914878616
650269792
5696876721
1453279925
6231741870
5023656868
802630174
5912257216
5625795563
1981081174
1365910148
1029982259
1991708488
5048173622
1690865899
1435374370
5154532359
1498612382
1352610044
5184624056
1698023057
5429860097
1391002442
6175064563
6087390852
1282929302
6140552332
1096314135
1718653732
1210495342
1616116422
543013
1341910347
1352345579
161962445
1104663408
1306765851
1741593575
1078030073
801782489
6235405649
1506017662
1281380617
5274691722
720431278
795752995
5677583672
1610750916
1908137322
997736367
5629418170
5586558155
1307849229
5461162498
1230474339
6201722754
5737830157
6162085469
5573149582
1345073724
589190167
1154045265
5716544417
860441438
1050314247
1979746094
1777885852
698751658
309851945
1352689259
1738379019
1302214025
294823237
760583220
1000562347
1698889188
1985660377
1206925019
534871924
1541051929
2081555490
1759108904
1014477756
5719184129
1137831589
823374032
1432073325
1971493496
1223165109
5453106636
1047445839
1598884396
1103091757
1838155234
455624659
313084415
853995989
6126684432
748840160
1580965303
974890629
1122877433
1939550013
2128068554
732506569
874778027
934156349
1542621209
511851892
1372627202
1926083067
1878272299
6120057664
5236608066
1738775567
1718086643
1390887405
618462980
1890013276
1152436954
146804426
1645014432
1408158504
717180214
1965495482
1153725773
933956113
1405759859
678233173
2062574280
1550965106
1665312611
5129426033
1049988536
225441978
1536807096
1167083714
1916924339
5594362749
1040774010
1141682334
1731994822
1150933189
1215417999
5303887566
7204974
1204282238
660374501
6052124231
2063374131
1468034847
5432255830
1389023298
6116182753
967304355
5357649223
5680176182
1343036294
5452548229
1041238888
675729285
660522943
1242530349
856347610
6236719894
1737356410
1678186641
1536028509
682113196
2020981682
1019015866
5775577141
889568025
1777391503
928750850
1003684464
1477854461
1102465360
655143264
1268813496
1190565431
786762629
604308817
194231410
1977396048
734568329
6054351522
5538963807
1689098884
613727648
5424939607
5760924712
1286659708
1284576019
2019095568
5127120906
5800023720
718313505
1322837122
921319098
5042319077
792787378
5962814295
1139729484
919587510
6258627507
1381372416
986426452
1820982569
1022136086
802530309
5062755320
1322074186
6077811844
1665022698
1661441643
874628238
756800970
1939706731
5566621043
5089982036
1478992643
154371316
803137756
1176475510
553336904
6165849358
1407693906
1434510785
5736795717
5535657823
5083995116
5199248837
1377691671
5707750233
1895085701
950107448
920806412
5472204784
1296020688
2058001622
1130397414
901596327
5686596177
954586336
1774570084
1052910466
1388529891
5131660851
617894426
5433216312
5791573944
2121454448
5221005425
5757495360
1153363200
1718438505
832173289
760479520
5669834538
1274668741
641259594
648280394
999199016
860360975
1097855034
964853941
5201848500
1869631874
593439747
5297130495
1825164375
1519185494
5095958532
1705060078
1975297705
1416536907
1270019976
978463305
1323055976
776285941
1711099945
732652451
6116108369
965009384
1868186778
1058159523
537200
753930319
682976439
1363264863
1266238845
720369664
1121720353
1308755495
995188860
747282436
5816705921
5151179926
2075415840
1945868752
341790078
1245046805
268971115
1898812212
1104796221
670720345
2060446122
1225533230
1768706734
5737010183
326848777
2025314626
1260258736
5135516536
1292216046
5174791974
1290229595
932094
1046989287
5229959965
24905985
1040787878
1345479601
643138111
5211320959
299519220
5028270569
1965621656
1885615194
5626430827
1857951245
1968480026
2104846405
5171091818
5517056057
6271937305
1148252061
5691191264
1976932956
5994177900
5037863107
1356933963
1969443008
1893179093
5660419462
5424928385
1433021897
807059219
1618860731
2059664607
1782437026
1637265968
5121261147
562386488
1662541122
2114343162
5005223623
1720992813
1972061485
1092168704
1327007700
673583927
721891958
5868441114
1558224387
1219879608
5189350304
1343694284
1844712762
5630075567
1979264655
5687366835
844338564
1119833176
5770200633
5555008434
1075795795
2136234595
1669490978
2006865844
1460861161
852633297
1287729319
1714886594
1850276497
1140674729
1104367051
1153918122
2111016775
5187984360
5249748834
1936949042
1714297803
1485186899
5369537097
5477981251
1473793506
1071814655
6265449297
292569289
1320930551
6112952715
1931969664
1758407862
1736543639
2127006440
1195031502
1121577423
1132842061
6203849559
5612541117
5790597273
805896104
5400155421
969605263
5218467434
758680157
282564174
1922846469
1639185156
1260137906
6100026542
5720827155
1625740354
1409138672
1208221871
966834792
1969899345
826920579
1131993226
6211656110
1064577717
1911770219
635408107
5452663705
1971804610
912231250
602219772
1824767979
1566325401
6111346551
5082727778
443971779
5792968473
5887961539
912012266
5074565814
5532216050
5346675783
1866908554
1999169017
1070371902
5375892337
1238623728
743796579
1750733482
1037758317
932841143
629467062
2075221093
5030145840
1739175497
1288395411
697181064
1203173573
1983135622
5952160138
1314064693
899411284
1824193555
1944225560
1018328250
1440610617
1851807634
1448078410
5775329927
777251481
1069014334
807682500
1578405142
1815146125
5975820548
6204682302
5257542857
6278183503
2002407169
1349475722
5750727177
1483160555
1862759318
5994051695
5051534229
1152177371
1266600908
944328765
665779263
1733492947
2006529387
1686079722
1031817088
1403124154
1298391717
5518815650
509379447
1955896256
5530929587
1036258946
1331199519
1290011427
919037408
1322632252
1051723686
5314672750
1922369922
6108122144
1204468945
5413236198
1762088112
1250247361
5739962341
2050672005
6221881025
5654720097
5396584295
1416432709
1925987970
1990155576
1958483872
1395987412
805796537
858990552
10688771
5171316338
1173016128
1378157691
984065219
5132109957
1369495606
1479329790
372378310
5573715167
1441219189
1616466647
6094509842
2025965676
1171425107
830739532
5653017690
5007174911
5751285500
878655277
792566267
1625240714
5545706741
999436223
1153635319
467304083
1454478912
5895043056
1949860603
1277324696
1218800832
1564785314
1347638317
5666085983
1088114112
1651484337
943595122
5679754713
666291067
792393193
510644618
1995153220
1588650118
992473932
5228990985
1230416456
1099982933
1308346989
945161165
1861637409
1929239469
1333084285
5629566137
6266914036
1111355308
946473846
1096214999
6116742843
137674813
1338292123
786110730
362411086
5732070630
5862461409
5598542931
879422481
1650792260
1391892973
5071839694
1018103035
5608888953
5421105878
862233572
1809018817
6052260483
5766976345
821553656
1351901848
5687001909
5523621197
841891868
5031083906
5162102239
657342695
5547875660
976524551
1820379099
698682651
5971768185
5657730372
6177381945
1137037808
724515555
1850995788
808442589
846880411
803064227
724406812
1991654085
1172983709
1832789876
1525876198
5801016812
982523706
1703664677
1815466381
5332356505
5387784384
1432418510
1067104399
798557716
6282392857
958356388
1564082756
1892622859
429045638
5130341985
5569596663
1845830559
771551024
1013885992
1445592252
5606764662
1628586047
499758081
6042390469
708175322
5446221899
5583472809
1187237996
6243220381
5189447203
840450860
5587569857
1070131547
1652760599
5035258360
1987487813
444225753
1462480538
1798135778
1001500116
1933149609
369984480
2032204241
5571340158
2009372130
5420812281
5403168034
5649009589
915110507
1335255724
1092805417
882863741
6196572613
5317912751
5308809172
660360527
911337925
609108081
6192317202
5569676681
5084360633
1629706159
1777166607
2034164277
5363615645
5167938807
1121976519
5340524789
1902752003
5797378954
229798856
413945490
937209146
1758077829
1226985231
1746998533
5119777678
1335447239
806108993
527683864
1169574276
1781616326
2030926314
5874109426
665302482
1393775230
854447295
1479007767
1895731556
2059814846
744494246
5437788696
987722608
1486567987
687604932
1391230095
766499604
1395032710
1854680932
2017928536
1685234337
1037945308
1910042320
1828839912
1298910836
1964625474
1058373840
1895190256
898974862
1222183850
1252651495
5494341357
5252510566
1624572788
1875283171
1390276332
5314305715
2088364769
2008131459
1098288584
1496913569
2064244459
1118297722
1197731454
5075363567
5373000071
998072616
1850095085
5356824242
2090409176
1370458398
899994457
1149881064
1961141470
1469858568
1074526939
1482161383
1632334371
1993192391
889965701
6160975938
841609799
757721493
5160903119
1447849474
5389748927
805815984
1703081935
1774580741
5634148675
1943788852
6238536971
1754956115
1372214622
240960984
1748881960
5520990337
866899105
983292424
1090238392
5173538971
1130950437
632728572
5454642915
1945658489
984767851
888979892
1238129181
5292728445
656781220
985091880
367075180
568908300
5179061239
5660301560
832229677
6250977278
617250345
6172753316
1066758504
466990374
5593824158
6111596291
694169258
1262961370
1942677796
5413309998
1015023475
6026472759
5003681070
1698555101
6028348071
1563923941
5169410822
1828402824
5695537808
1677792785
1245273314
1303507017
915886903
380194118
1802515947
785020989
1223298730
5709678358
1710396039
5489976086
5636340489
951687081
5962825875
1608337055
885829927
5515856414
5502560512
689325922
2047364565
1646424623
736016672
6282116183
6103163247
2002013006
1927855473
1839646220
1987027187
5536313255
6121576981
820432267
980202237
797017051
2145879266
716907226
2056249486
927920155
609254364
1822322523
5101574062
1802499585
803819894
1947725324
5356773901
945306235
1154331383
970270992
1465127247
851281484
1953819185
1401719903
5468674172
711014987
1146380834
1353838722
2130961143
1417672632
5553745574
2082354143
1000702650
1686563871
1075802689
6148099190
1331776174
6006834410
5462320826
1163752366
1977063341
2034243717
326036334
1817749861
5496345253
918141664
5382139177
1335336998
1034661325
2080676132
5594240101
701218032
1769737826
6123514692
1252330662
1076634836
1888811154
755346258
5618146671
5575322644
2115671217
1472771396
5386804360
1306640559
1760986011
1398633624
1184425096
1226148044
6173287745
81128019
1877711649
1561943330
1127472677
5363240371
1370239729
937482061
1844165393
1307562186
5615495143
5948427256
824451455
1041658050
367164521
2119255469
651132209
5217558355
1817233780
5649570026
1144023833
833632009
1973941307
5255556364
5142730410
5714588710
1920714894
5885965423
952111857
165555548
835523351
1684140105
5916732701
1427040447
5937179941
1316906375
1134362100
6114574671
1327593756
1313724390
1905994991
2005294520
2093535313
1403209669
2005013086
1986571013
5114440156
5790919052
6214368603
5460703910
924528725
2043226928
5533486384
1534717410
155904606
1671908555
1382942226
5020583182
1687216962
794156835
1608977257
5764172452
5415981329
5551394377
2119235727
5727960804
5719271562
5180811106
1792760135
1837651044
1063074331
5425513003
1818687721
6000902678
1330629754
5281999837
1671806123
5691371677
1750598522
1447956160
1995012792
1019654495
1721776088
1494144240
1291743200
1105636254
5418390472
1068481251
735997192
915631292
1232397788
5637833263
1431362787
1086494237
926969554
5654706577
657622483
2126736728
1893274274
996275831
6084454689
966628156
1374125535
1139249914
5271794670
990371593
5972296896
6009077588
1184631849
5729245403
1895302713
952015768
779968078
2010332827
1857520833
6013965070
5707497843
278851300
6069331034
1837579942
1266069429
904073919
5555528577
1898316997
1220122415
5656770783
299007035
881570944
1001606139
2095237255
656280362
1427712759
5506180416
1198481719
5179065572
1703146569
1490695900
5292276702
6029317172
5731883179
1119950569
5372093358
889181330
967074783
5370425603
1263208689
1698956304
1282459180
1150143560
1082012296
1635568294
5813289506
774928675
1525090694
5819103516
1175156568
1126708343
1713147737
694931678
1608425745
5927474494
1400652182
1276778828
1369333493
2054980724
1303022066
508139983
289378347
515864064
890072238
1740240637
1699154295
6123799182
5194731794
5245015565
5383689412
695532090
755792889
1103262928
2037789033
5881153509
1150464389
1734163314
5427448986
1343801830
2119677353
1411922928
5898963197
1400499249
5764128836
1753659034
1987152958
5813834437
1942789579
830936172
378651214
1859349856
5211306682
5480756344
5631707965
5289498765
1818969840
850487145
6143022687
5826613669
1639168996
5794458267
1862782444
2142396345
914447091
1795051439
5636061697
982219808
1535496325
1129762475
6244076220
1031397324
6105926861
131736834
5609235258
551143240
920681180
1166206122
1200077823
5540563071
1466266795
462987028
5962098509
1894169336
1617034971
5084034510
1982651021
1296538710
989464451
602714440
1913747229
1486758975
879914764
1010556263
716246064
5558674435
988663725
5672526457
5610800351
1772973422
539582840
895858993
115349921
1843866794
1185407309
1987377609
1561367856
2034319270
5072871267
5106756477
1839737822
5343538776
1853313378
2021066081
2137536541
5005253456
1088936365
5368620735
1721730857
1338203400
2004828314
6234097694
347148220
5835826164
5017589130
2119318661
795829626
663562761
6238479839
6024715617
1295242601
869544827
1233081851
1352372704
5738223262
5582855084
1345447910
629263276
1484678255
1694885251
1534444109
860870125
2023531117
925329160
6008640229
548988446
2089619057
1145818917
1016545154
6271750212
5568046808
5497757230
625794549
1442193613
659333181
1474986010
5636558546
1242313342
1191290475
1214304260
1251107733
5303968764
989441087
1243624246
1035403376
5122911225
6170038097
1855159817
1410091590
6008315401
5368297181
795514157
6028191228
281247177
986717928
5114685405
493937113
1354459246
1805888355
1811387676
1752437356
5196164966
1020212554
1825497719
781723461
1571601832
1308850897
938157965
5778864071
1374130138
860009469
1194578742
622589648
6237923619
5174303232
1142835313
1199475856
5204678294
1042067067
1017775543
1949065342
1287085535
1588688167
2016966349
6032010767
6282334868
982420413
509076429
5341714011
5239354235
1429207477
2102871904
973660575
5990643703
1629500674
6264487763
814975774
5791137018
1365381948
5357075754
6172505286
6061071456
2070344487
5472494690
1020997788
845815617
6299330234
1794497471
1465645125
902304297
1442103842
791846795
1089860721
1292178261
1825412677
1710966337
6068523769
5209521484
1535999733
5339814303
1745628936
1091309109
5989451395
1269347367
1975584978
1309604887
1250444176
816704586
1357253915
6121621628
1456787071
1391299699
5020953627
1951799563
5084876032
922810284
863497704
1722960227
5351190713
1464150117
894430170
980575504
5392371220
1556038066
1303956137
1025040602
1411965946
6116969664
5518460081
6213754349
634017731
957342173
6249232959
6106938443
1916854997
1172099185
5218261255
1629169537
5302616418
1358565066
6137860132
5459034330
1314248795
5088450372
473791652
6105450044
2065400951
5440901466
5635189049
1141443528
857282984
547748072
6210303073
5460949493
780817130
2057139818
1977535553
5905232382
5513214740
5725837494
1740164954
963627107
5083409290
5074549594
1665855888
5457474587
1128176111
949665606
1825246949
686638626
5110442946
5482562456
1792634587
6136411418
1818037754
1683775818
859311892
2081255509
734486914
900667755
5467364310
905621968
5476017192
5678720419
1196930909
1438073707
6219308137
5794509707
5735206623
6230418380
689560968
767665034
1480901995
5372780300
1902895726
771688105
5017219648
1631585431
6148912209
5986253620
920876324
794659294
903569156
810936106
1428681456
1251452116
1873597961
5639586441
5758379663
5711412138
1138035799
1136302297
2085149068
1835377299
5813877297
6074104436
1297914196
713965923
1396382635
586153150
1283516838
874966273
5771844746
721347961
1399989932
825495578
1690259073
5476690826
1899597693
1137961274
1703529764
5928677063
958906508
2129816962
2072531448
5587103107
5663850949
889489838
1043216853
572307760
1591024784
1810630824
2057651977
1826885763
5004846530
5093871667
2024411459
720681107
769388852
1670675401
1046709633
5970964929
5562892134
1493316578
1668885213
6276461229
5900876217
987476869
1004766266
5931268350
170860804
876173493
1443478134
5678158175
1338786777
5564297082
863270399
917732591
1805179333
5355386670
5110816579
1512127451
1693157602
2062186798
1770159106
1391742702
464534837
1112766311
5485428041
1614394818
1601964818
1471002357
803683370
1468767121
5568398931
1462642007
1974197823
5055999235
2001661362
6230497515
5343298803
5509999637
5638172521
1456444404
316563088
1992639938
1122272678
5144933390
855567102
911919570
952261828
6098682490
6002512376
818440610
1100055348
1258282772
6283605351
1417605757
924450089
558931779
5706596583
5190654285
1082973027
6195620913
5805006210
5407670071
1969859828
1977758706
1266604151
1453730656
1259210391
771401145
681575494
1407051375
5483751732
6277791672
5657504414
5581678026
5708546166
2102080738
5408848737
1451310783
1810667877
1827263434
866409768
5427510378
1933686171
1666492520
5539186634
305944695
5533173179
5973026177
5167124152
6237922322
5190190394
1698285481
5912552826
1363108157
1016031255
1439242203
5366830300
1935413883
1880347005
5204611165
5913658793
5571431373
916017349
5696674507
1281578199
1332961501
1977473372
1352061820
1105501266
1183049486
1373762002
1869492033
6235682829
1800301932
5944066303
6025330526
1703095565
5464591193
1683577963
5091970860
2010956274
657534874
1415924153
5312550806
739313555
903975970
5357118666
1659128360
1763534497
1436777507
6040254381
2062686663
2023026155
1836744799
5437913499
5588120947
761763139
1180099361
5147509244
996639442
914310497
5548693400
5757223116
62259630
5965564892
2046796472
1824083359
6139575857
5485299545
5731243042
830126915
5483515974
5347709035
5414998188
1044939986
1827589016
960067976
5219481260
5949387072
1241242517
577856299
5603059527
469386727
736737593
1922846446
745879272
5878830655
1258319949
5238669148
632408467
5743650748
809133802
5137336867
5011747980
1213457298
5316043303
1760654965
968413957
697109155
6296183370
1772707964
1809064743
1559624331
6076131896
6134179593
6224747717
5978840644
5036104630
5290795936
539636058
799646459
5437955167
1032988302
957710016
1878702890
6209889387
6064886559
1116793550
6164692228
5636220850
1291578591
1954285672
1701974047
5160093717
1631169912
497418586
1374381614
967533103
6280311752
1425701710
5948961228
5146572015
6017339763
1105947924
1418383503
6002717477
5410518653
1293490874
5790562812
964986689
945061784
6159217657
5291650168
1840338375
1228742395
5778200258
1337454983
6045215170
5363347072
1609977192
854366175
1826063355
1172844647
5578808770
6160576469
1998196156
1429877393
2025359855
5106695383
825942540
1743500892
966194023
1335901548
1245289833
5107748937
1769276954
6215407413
5731251554
1933481178
1212919597
5314690047
681322220
5064351315
1987512758
1977084303
1231133869
275794063
1700427960
5023551481
1380424466
5120371543
5924719115
1420465172
2061407001
1675620071
6152281126
931182449
1371927676
1366955054
975997488
5818377992
1194035079
1360975720
1966324170
5943546384
6254777062
673885379
957221255
1480099379
6186055224
5763281137
829790353
5023685703
1015033125
5595564132
6161691806
797784604
825196917
1044811788
1602931234
1148163157
1398285045
1378341470
5330283042
1204362825
710323352
650340278
721278695
5763255797
5911120562
1368780598
1609173484
5432846756
1331993556
1394736905
842875631
1225278052
604338967
1329558197
5210730398
2135135755
5026100299
1050152883
1512801625
955882765
1284355685
916201108
1296436059
1926855014
5908871828
1702981178
862540309
1475251413
5161263304
1054867966
1465833653
1831683222
5785324659
1511380581
1903391317
5951499843
5731890562
859231524
1776175980
535343835
2038547671
936492905
1701731002
1923320744
1340100977
691879938
1468617048
5011478485
6261370167
1465444425
696853089
5351642903
823204043
1281067578
1224374606
1367192955
1679118369
5591841167
1376626480
1307711168
5405254697
5978625857
472586764
1312148325
924654237
1672885121
1287191796
1990393139
5051830760
1125255516
222478119
1293653557
1036500818
1809149356
926592426
2086364999
1219325388
1246660870
5996113584
1423173912
429483762
5168692972
1266344675
1224303292
6147232954
5952118671
1285855874
1399970949
5611834052
1226698024
5398781762
431156306
1414587960
2060630971
1797137293
1401779493
5125263793
5470065159
1931196971
908619991
5469940373
1633844494
2087105069
967056637
5754705682
5187361095
5506188163
1249225173
5761479422
40599489
938849185
6068850417
1254640913
1335003050
928370183
1122648634
1913544291
1417628755
514200657
5825483536
1072198017
5336245583
6102668624
1379222155
5925001331
1262743203
1167961322
828477993
1869493518
922109828
968954070
5611575662
2067600090
1729147117
1231347879
1895411041
1299563473
5435239791
905765712
940712055
870156880
1859388501
5305814753
5707448255
1299856494
146812765
442918624
5341097151
910310986
5034984039
1057058947
1696767172
126901985
5883278727
5567070816
298051103
5955865702
5014354050
1628266258
1194906768
941763075
1888694352
5106316086
1249702716
5509605402
5726679162
2054599173
852007624
5097837608
1350192931
730268172
1297549334
1723862131
5098787570
1439511602
1374341697
739105981
2030203553
930903085
540269640
655885218
669653318
5907662427
1247562252
352454919
5210121929
5148438314
5585952527
899387478
5571950179
713580883
5766658641
1922204518
832726751
866851755
1443084889
5572404884
1417361178
1279953924
1400041357
612845231
1012061981
1730684596
1493535458
1895574559
1357058203
733499327
968574801
1385140487
6055068964
5316685798
2069228661
5327898237
908310603
637561139
5081278614
5131317582
5304067630
1423608152
5056566201
5699776901
1096670871
1714160549
5681771297
995202067
1599092042
840028039
5761305670
1826054431
1527939592
1080190910
5721461374
1730447874
2003665205
5450061831
1740967005
2117125268
1973947702
1505515416
685858145
721705816
966047102
1369457833
5078043639
1377951464
2124362443
1917603661
5946699963
1950879870
5156988442
6067918605
2002939108
6141214399
634107795
1641021049
1394937174
5765001217
6136976548
635732031
773872229
1251618157
1855676486
5572716782
1192986886
5533125838
1404259330
963460507
1216613080
5237765329
2144668205
1839242999
5561244137
5865887342
1300542138
6137139312
5620703609
760618407
1139060350
1231083516
1769828762
1392681011
880615056
1712635948
1903265580
1521793549
5343088297
1013283347
1079507374
5687781537
5939435764
1571291879
1952691262
1854670437
5933310546
5173699001
6185810109
2084388581
1076906247
796001866
1068879866
1875602756
971795379
1473895008
1751155498
1494233421
624742706
906600790
1118653122
1298715398
5365808361
550417942
1377237992
5558878085
5355517493
1872037295
1071485807
609813727
5959536897
5450092049
6289100200
1791102717
5664641906
1303532332
893868587
1081568251
5342921671
1775887414
5684640850
1079793190
428505291
5471939533
5423463614
685741778
5491514677
660831565
1027051164
5253055064
978582666
5893578329
919393533
188954037
692876656
1078887448
5807903601
5081561318
5153385396
5585143053
1750253294
1933993169
1255105475
1822126168
5655342553
1690712324
1310724381
822056272
5669494907
5898356654
1144518132
1509091086
1974667223
1916228136
1326048426
706950736
1684756615
5591783723
445184268
808154902
1074383550
1027041786
5293730691
5987678672
1676937839
1305435188
5364983551
1505510449
1641634456
370881875
343673312
1400988995
1380467902
1661054229
733468564
944996655
1004639996
294423415
1749392365
946935514
964325002
6112127663
609180939
384707159
774189585
758160379
426416759
82125717
1471138951
1728780044
650273403
858830624
871213327
1884184991
1114010078
1348652793
1444720618
5699056605
1359957237
1760988870
1874259936
1073947088
6136293821
1079750739
1031785354
1228918173
1156022016
881693621
1638426029
968324349
1172921964
1882670938
741475968
968060803
6270447872
1082177514
6295858358
1333093955
1088176870
5790678221
5918238066
849610475
440938106
5061387247
1220019477
5950894397
5593601850
1120955367
2032183018
5784008581
938821244
5630226262
5045495231
5209206328
1787915800
6176965504
1063124061
1566391237
5510698181
1852070552
1906054123
6118252271
1459395494
5234241911
5210429891
5614031005
5699518910
1125297759
6236390148
2049093726
1134540290
5960090951
1944757391
1944757391
1197505122
6107034688
5821640777
5335047349
1652330026
1749056490
5827332937
1510285984
1981385961
645653583
5597640384
5912573793
1995704737
948884174
5373976984
6027094892
1682029854
1704177666
2025850359
1436265062
5220177716
650879783
1074195113
603708408
615082315
841499902
5183218970
6120052570
842814516
1133747241
5668437241
5931333175
1873641732
906860621
5140411132
5767295868
5015570493
5854216712
5256580462
6007303103
1513875831
1016598282
1841717135
1620860906
1149614570
5814905422
1384274922
1787072660
1056589941
6292122757
1216148112
1570253048
5396285025
5250405879
991079454
5135576942
1635931128
1342999299
6102608161
5902031106
1392456989
5577186661
1243938846
1645538700
1214183390
1897724020
741150120
5029618042
1321772274
1802363728
5084106514
1335671572
1422553978
5229324784
1289058774
1335119297
1715328225
2135412332
5226690563
1945449420
1929367273
859813475
574737657
620925079
1237004455
97773817
1997081285
536907508
1695850089
5629054390
5598276713
1914822599
2010563779
5470741283
1040930654
1868069221
1929969575
802021208
2098720436
1271006087
1044092756
665685471
1361694647
1282944863
5484223201
2128100119
5093106652
1934680408
1754148093
6033207975
1362772899
1033055080
1858454561
6090421029
1597588030
1112244952
669188979
991390275
2116425840
1146208440
718049407
6210705030
5464680686
5301849825
649838033
6109746813
1865099808
1035990802
1649706306
5597407993
1063920684
668089850
5693753435
1055511657
940711816
1643069183
1016813373
1303086738
5301763247
6074532150
1991252102
6229284522
1029009770
1972132661
1335232601
2004828285
1906351384
766946624
5140802041
2139748730
6297151677
5111781554
1974497318
5835735032
1324826550
1554696580
1316103119
1017392023
1703387387
877579256
1965765237
2120272874
315942383
1423371578
663114145
5155024848
1257804486
1526857786
5264558387
1704830542
689661665
1630787507
5288478975
1884968964
1044263641
6122493084
1464015851
914820287
924145509
5710240901
978034646
1253908537
950685862
955549574
751221672
951386177
585270298
1772652511
1174487700
1135333028
6177886205
5191048198
1975393683
5546694498
1013313315
1927659560
1470710865
1915204354
1185003476
1410280508
749615421
5589886292
963444514
784166279
5848887683
1633553274
1323547146
1672905403
913614430
5144734812
1042517452
2053521906
6200368478
1291937727
1515854710
5743840403
591451849
5850188728
770613175
990366526
1677951038
5505566088
804577350
1154049298
797298574
1097416042
1997917951
1201942259
657358594
5288084044
5174666459
1173945794
1405029538
1358410491
1079110827
6241318403
1868614424
6240109941
652076132
5114576953
1204537437
6108331542
5787209802
5535130878
5792177219
1732807566
1288946562
477955212
1444098757
992098355
616840085
5702326144
1904834740
5451876587
1841196178
5952421368
2102506254
2070913623
5773703912
5908908845
5370645891
1250836391
5213334761
6207664656
865386172
5759215640
1777116091
5783906758
1078716886
640039769
1279651586
6068679711
1027228258
1470183538
5355666418
1012544965
5668136073
511178857
5952393756
5467705958
1387597921
5373103279
1474109502
771806226
1002032586
2108150894
1491231521
730769872
5811379803
6000068136
1015813594
1346933619
5661595430
5947318885
6043337309
5064420932
5791806254
1740645541
1892760531
891178587
1248844139
1365193394
859230280
627662425
1355681814
1420117387
1344270572
5496328154
1777786532
2026200186
5688597354
2081002210
5826119788
1751534840
2049316657
6026753922
5861948184
1504726983
1282891159
897921345
579460120
1141850501
6210286393
5918506918
5289993569
1654943894
1473856715
1492428778
704051813
868450504
797552221
2069251951
5792594588
5272772436
907331663
5081494321
1339101167
752714813
5380120363
1258973807
1816253368
580064655
1257369417
6252651828
1366345596
1323394066
5312547020
1965613310
5222056020
1623288029
6013426996
1959184865
5502675978
5517188939
6168079859
5730957981
1482408119
6295913543
1659238366
927171365
6180007252
261532796
771793941
560936900
5728730423
2034226913
1494251022
5265587741
5679424744
1716608089
5007754294
5902585548
1232427353
1806523133
6008367838
720906048
961937294
5705235224
5890049262
763842139
5187248762
5770249063
5026930056
6242328351
1348155756
5724750507
2111137230
1911449321
6057841957
1978107535
1353000329
5668401362
1788417562
1311593137
5691352496
1926469974
6101043206
1020738193
5772240461
5962021636
1657546340
1278484334
2070786074
5271827700
823921591
6043497544
1384344310
1269048068
5380909254
679878479
1799942143
5574576855
1042317316
6276786685
1962918444
693729342
966100712
783129979
1275766870
1225724813
5489960177
5508667798
5505426687
1450242846
6183342884
5896796715
2061173908
834216813
5436278331
1567682023
1384955956
1397854570
805192595
1041428766
5918438838
1001717592
5491322168
1208007050
351513
5644209999
1628028763
1699711572
1429084033
1879612326
948486194
6171055973
5997157657
1756424459
5679068822
5286963546
1456834630
2109792025
1891524971
1759787657
1364373594
427022481
1151913694
6201653292
5434101326
846988275
2001321948
1390543546
779363542
1060638889
6031814608
5451860735
1023739317
1659327749
6186981619
6207067990
5766441056
1041865161
5677210093
5986027840
5967409016
1516375655
912663796
5586426003
5871637239
1143105062
5080032403
1006424173
932951123
990167013
2059392039
5568804983
1436949942
886964387
589774421
6095817890
1008161666
1496785791
1802412542
1986933694
1317347978
1942384764
2036016117
5254127462
1794527597
5182019545
1712090637
1461593346
1152657792
1563746868
5168834813
1580221158
1312695681
1398276034
5330942080
1948400687
6000335124
701752096
1283299152
5740266723
1972937127
6224521347
1478078471
981756528
1256190095
6009200766
2097422996
309150267
5831185397
5872008414
6135525447
6223260682
5819192358
51653025
5245748899
2096944296
1120283983
795915968
5565435750
1643041747
5000516168
1359785677
921435558
1791833935
6135451640
1638351631
1317931267
5561841735
5782985556
1333940883
6228770370
1087513330
1880996148
6289372163
1027236884
740857976
1690694134
1349768975
1807922188
698180600
1820928795
1801417713
1535443620
530497076
5804753819
5411673721
1412865462
1873015348
789919412
1300610839
1418595260
885977960
1413848805
6193467511
5496092317
647332393
5329568834
5194951253
5808202897
5220642291
721492704
1238266344
2084128970
1469524830
5769161699
6100481590
1716388162
1039812287
1495322028
920420920
1001332990
1472315397
1416007695
1484090304
5320588103
1692225566
5515254304
5860061542
6031488911
1083183944
1042985148
5678206253
5356464518
1875885420
1641467348
1858701878
1815446916
1070373020
1929409945
2006105477
1647669295
5031512136
5549820949
1420671244
1408600503
1407308249
1779132388
1436800084
1811152766
1784482510
1373609475
2126171040
5591485120
848213138
2053939947
1383976648
6029406578
5894046171
1594761459
6006652583
5424955199
856288024
5893902673
5713148304
2098533236
2059244462
6062821181
1416026730
801367503
5947763504
589619228
6285129398
1717145803
5913258387
1819168498
5793517657
1606131447
822537845
739146118
1341568081
5575071986
5032871466
5057151278
1050899545
1767647689
1676314973
1411274558
5844936677
2137379631
5662035883
1918540644
1007081595
6290978293
1078046686
5296078403
5856153716
753837220
1776301728
865349152
5915792153
5317290486
885890111
631606437
5471491963
1688195286
920600129
794678756
5076801724
5973672410
607107304
5932527658
1433337031
1658270234
5761739691
1185506715
5474824926
2073847377
5943918584
5915925216
5663811475
6010829643
864560368
6177706272
2076477501
6209867093
1277935104
1492419655
5264606527
5615543374
5953019889
6037547253
1997054679
2114210798
2070587810
5566167007
1964101668
1323452769
5621655402
2007648094
6166434399
5866667100
1992957023
1716785905
5149162981
5590944004
1498076701
1614547299
1998677026
1131205452
5754333762
1899131956
5814075985
1402278560
5163301510
5994286714
1415260104
6161735717
1881848666
1577592351
1089535730
993793015
1396600112
5330724660
5461611055
2120356645
6187268989
1292765634
5640127143
2074046594
1157379626
1496419922
1440764170
1001632224
2146403821
644035560
6203224412
5289006492
5397360700
2105440795
6184965304
1944445814
1153102097
6115109148
1256552598
1887516870
6122204831
5042164567
5357231527
6130858217
2085439902
1545072894
5853141290
2016618267
1479998993
5698888390
801011648
2015661613
2138594271
5601787192
1320710673
6175976384
1697290854
860781452
437572572
2055727361
2133283779
5682733047
6063703339
2139095552
596815009
5669769263
924043652
5047661277
5871288729
1731996868
2030307714
2086311415
1218639900
321168121
1163925411
1634971607
1371607310
1370919054
5632232474
1646920351
617742788
6068220012
294365841
892691916
5429682621
1880471921
5745582400
1270109449
2134121977
664664883
5514185068
5894671690
5334883065
1878220984
924624783
1676479752
5639606084
5863513420
5309408205
400499726
933837620
1189670877
2064537440
846660463
5776629804
1470593699
1684201096
1654522744
1293667663
5755422629
5907923042
5909504056
487886768
5704159828
1365465235
5590208929
6293033029
6038400972
6200071590
1751336486
5443279260
5150413254
6218700040
5214969229
5409763013
5386049206
1335595777
5858559980
6183459230
6124794883
1794011456
1610764672
5135450672
1615567149
5257809218
6052090610
5269312728
1136420896
1412436299
1775977424
1670289479
1382155349
925588691
1596314909
6286547020
1077827875
1533177150
1429836117
5646828240
1810399063
6087086046
618182785
6138196167
572463366
1595145846
5219553895
1049159240
5442214858
2066556289
6007020940
2131362338
5206613797
5196202733
5624874030
1161891098
453377798
662078250
5769614407
5398816715
1065561182
1638061978
5380520298
5639271160
838150568
1817882980
6188176913
1853967596
1648727909
1636972734
1958060577
2003548711
1369545539
5375318107
5422543182
5916063106
5519713583
5844857260
6042691319
5624460504
5807766952
1419982945
2130143581
1785691392
5150160301
5597585475
5345206257
1380965321
2129526712
1259136946
1143857662
1983798114
5263899590
1113750645
6091347080
1861303985
6138306775
1486175702
5291069201
5718091953
5766024490
6091348186
5573998950
1127948028
490953259
1458956824
1879543298
5555114029
1023692678
1224989103
1896142954
511100397
1787800524
5638818631
6144299891
1478917265
1262996942
1820233455
959162938
6077809096
1092205297
2120888229
5714224681
5725627642
1287236935
5362600072
1294756100
1937661755
1554565023
645642495
2086981480
5053279557
1812801992
5985673612
6130925872
5278035245
1296527639
1153469586
1415841667
6292453552
2066291802
739167036
1646163756
1912919157
1470339400
1147960932
1203222919
1070126900
1290887019
1487643187
5322408223
6126686439
5791845968
859878373
5752154657
5074596135
1471132586
1885881700
1822416419
6169413317
70901600
990319013
5357472428
5341910102
1146778505
6178486075
280557631
5954799239
1461460872
5001801298
1041827175
5777975747
1492072798
5073820076
1831404646
591491144
1623088834
1684197016
2065701269
5041404344
918949040
956002539
6114495859
5515651458
1605482173
1132698650
2055060878
5007399441
1225559705
5613483204
5814843272
839842425
1438930711
1612117463
1317276754
5240875110
6163569858
5600097922
1419836365
1501294059
1114767843
5952697563
5758358005
1273413532
1186821032
1591941403
896310408
1090270018
1148543242
789924828
5191107848
6067836831
706292308
1169441954
756637643
1004758568
6234669260
1892667929
5590290959
1995584923
1616520603
912432240
6236480064
1160179864
1144248033
1436062268
859217276
1754147475
1806653741
1435072984
5049807325
1092714111
1957609127
789261781
1391612407
1082855656
6065946611
5257920332
5457934066
5493134680
1370435755
1740784981
1847901627
845045118
1372834439
5818157055
1282883318
5025687695
5118716238
5409931827
1585540687
629411666
809442072
5005256848
5070642188
5898756719
1027983105
5885993762
5319274187
2109335483
1296904056
2085366410
1489190353
1188072645
1137528965
1997506204
5172674595
1497540321
1046934276
1018302620
1611210162
1300401272
1342830435
5467212632
6170745200
1887368160
1699440606
1915423166
6086385892
5655455902
743803037
5428786392
6190889435
5959016424
970127131
987592273
5956900296
5407094523
2003180338
746687793
1409308264
625665419
919021349
2058531299
430088746
708191072
1255275704
1063158727
977223268
1821850581
1268304452
1405363566
6234239196
1089672506
1374721326
5294769589
1791099564
1331137074
1625047244
5220744898
6270079166
1635609697
807325269
1386791517
1806844919
1700441909
1324993558
1228598650
1339330388
1977811021
2143951092
1092164717
5559120427
1319628439
1942410964
556514301
5935664411
1438477717
1657930194
1755119159
6209977202
2098698534
1075836772
1895006272
700214817
5759951557
6264451705
920528471
929316671
550494297
705369317
1353007818
904850301
5053893117
5395633116
998881138
1946319211
2070848805
5571540408
5556173499
1246346139
1302470576
5849484299
1033100408
5815588044
1942066493
1232972946
1609645225
1991349584
886843580
5719339063
5815397625
2043260814
1172566709
600162288
2066461212
6088300315
6275011459
501485946
1394537716
765819164
5485352881
5445356371
730137442
5721234543
1314834439
1119662305
339775582
5453489238
1798584840
5706800211
6138076394
1782772835
5661951041
812825269
311702103
5074578490
773680217
1259111218
1454174140
999341193
905060708
5617148951
1662920846
1445330068
1884585655
2127919551
767334031
5009728466
1120120567
521193877
1808837289
1826506057
6146083829
5816235534
977000399
393115035
1459460578
1456377103
6217275870
1904802855
1453230007
5877351682
386223028
5042913742
1550342846
5936606416
6296584852
6022142668
1334550090
954723317
1460897899
902218517
1910651419
1410383259
6176067224
5614899941
5973034893
264889882
5031008289
1306514906
881556356
1487963146
1700630502
1280422049
1405459452
5714745238
2013707092
5540736592
1004646077
5524082208
1361960329
1064364888
6018789646
6004900458
1160873958
6143661310
1035766026
1919888767
5320356637
1331869718
1456797230
5722605228
1796866877
5756039435
634416460
1681109852
5255704114
5629555196
5980122585
2005251740
1471884613
736595861
5407902219
813746876
1205995958
855823511
987047985
6085810257
889517687
1633575124
5861310973
2006792023
5021902971
5844586997
937619085
5351792256
5044434067
1152046542
993224802
1866993680
5623282954
1298007822
5104308459
1315254563
1536937300
5787841022
748514510
676590040
1975613202
1978861423
1399573324
1324967003
1927108661
5541663646
1865669331
1640942235
5181274844
738435906
6054940235
1359549782
547380260
1309967974
924254433
5321515635
994698386
1759073552
1972434474
5711421684
537737199
1468634354
1953242390
5256189097
941729686
1907699203
1186174378
1455937298
5085249509
1101573436
1502152988
1917191772
2055573146
1839966243
1074300541
5826017044
5832732818
756255738
1911422767
5404573850
5688051998
5594429140
1456874750
5935653673
5986705868
1461394029
1298610538
1758601624
5175005876
57503548
1229270336
6117155292
5592800918
5749174009
5436607480
1038839272
943777523
1498203971
306621583
5566972256
1495655382
6140607254
854927641
5350067729
1383079068
5776748837
6153756838
722577113
1215958143
5456799987
5154147486
5170807081
5314326968
950868543
1159955901
693513624
642811043
1288685105
5731507084
1955272943
958529992
5490862756
5860400659
5059742225
702571604
1975409561
427674131
1784421253
6049681522
1902338719
1021494904
5519360440
1244913230
5019434497
560240486
1423677910
5843986671
6059578731
5627550961
2069513349
704166420
565575349
5367586990
5587082259
1935298630
1737455940
1769894148
1983625730
1476108967
1283820995
5550053318
6026009557
1228606881
924402505
5681952757
1545144406
5921986669
1089838109
2021759328
1155356830
1121549404
1550940460
695575833
1974375302
5625967066
5772410771
1991385109
1076533590
5827164574
918295305
1357187267
5922587443
5406640827
1813341238
5947519905
1326363612
554361498
48122186
5269012939
1245332708
1164275222
6183562548
5587956662
1029106047
490309231
1395575786
629807980
811441914
112478226
960672983
5234787134
966732199
1277163446
5825922626
1951203039
6180717912
5351998939
1918213583
5272983612
2021077410
1623174111
747373198
1677549594
6295339177
679809289
1316307740
863790475
919599978
963548435
951853363
1797605376
1089643879
5624704070
1773171904
905258090
1214354826
1870868087
633535171
1837077601
1392645413
1366706702
507383123
679868492
1139872096
5433372914
691589280
254964977
1857008959
5111092897
1255375911
1493422101
484298985
5227865226
5025498810
5593564005
620779730
1205891278
1625723127
5745229852
1282298286
5312678163
656707994
1078144191
2048266090
6264975830
527868092
5250370193
1371844505
1114310073
827983563
729442312
1129541443
626275917
1251631273
1339901371
2141664017
2011595806
2130053461
5537263132
5139466688
5506494410
1134618635
487806502
1047307241
5677990633
6007109989
5398009598
1037762701
5412801747
1949132563
5312969756
1890057275
1297618564
1584856219
1454550428
5960425489
1812249810
451321509
5427861923
1617863561
1575642228
1786067796
684229313
5645708991
2143299967
1413830780
1064178681
809079408
1723187454
1034438021
5325563235
1402694642
5977118142
1198829370
335129824
315197956
6205322215
2118838896
1330784558
5923710621
1026470709
1834128490
1665994198
1609324379
5616176952
5756794553
997030958
2071847679
1814086091
5036412126
5948444109
1073308763
1619486772
1957168869
957510895
5772701010
1210401359
6221537632
2123676770
5646663083
1494327904
645499206
1756733987
1573460690
1478296157
6285933649
1240666710
1374347154
1434302381
5669327937
887182347
6050730957
2145078162
6098554907
1302659877
732850275
2015885907
5951218131
809515147
5668867827
5506622343
877384940
1191242933
1142385085
5168062607
5924623987
5901135631
5086436321
5757076734
5523502453
5149075006
965548140
1139469401
1985820554
756793307
848406917
6272379623
5280862297
5977149837
1434105903
1502526195
1175570911
1641231454
5642893778
6055428976
5392883732
1186019475
715193373
1321585523
1788829624
820210026
561594120
984130611
1641652983
1287268432
958528640
5140343036
1308268862
5947247024
5471847079
1349812307
6215503285
1089210930
1072755504
932216457
1745345586
1754744710
5974971536
5077007507
5115942260
6073335109
6126440598
5603426712
5708548502
5680467335
6115803466
5188417410
1414917328
1832993469
727313331
5506701830
5350024311
5777536780
5372011357
5097837597
5484708631
1496857293
5415402361
877552646
1135798426
5548635724
882121257
5239495555
1284409696
714098909
5918050517
6192356268
1363162612
6004889487
2028335601
1570608130
5909665148
1382125067
1666285128
1471265681
854314442
5456919940
5215370071
1306999896
211578461
806680650
674000483
5865742636
6236012561
1651588938
876762478
5221853052
6049140628
1809860561
5737548064
2135636614
1734280427
753320258
1889291113
5267922990
1562332571
5336228919
5485750050
1450297487
863530711
5323320980
6190216822
6044193387
1145014112
1422019117
6049314428
5773198474
5563674562
885400210
5577957196
1382565937
5814751131
5126097742
1065195076
5377763892
6169008352
5966640486
5803428708
1007846396
1067094555
856229996
1358821442
5228373696
6190721194
1267184800
5465760067
5972024943
5479452218
1319739483
5939764457
1555585145
1041858526
5930987679
1906465395
1964784675
5252967164
5144229892
5468746125
1503195772
1298369848
1481702564
712505046
694007301
780434633
1930921081
1801271873
1450093235
1466353577
5436236479
5042799584
2082133627
1050633704
5495484449
569946015
1652606864
1432072372
5632358627
5408597125
5119686572
5517491796
6123941301
2110241517
6117001319
1612824891
6284083477
609777253
1550174393
5765139103
886202379
1999847611
1721235273
999331526
5813622016
2129346367
1672440799
5073926096
1495381188
5287547075
806428636
5564108769
1678226191
1737801480
5915004806
5725392065
1489083209
6093731891
1286118837
5064391083
593311792
5035755734
784207376
1507284532
2033024968
1233655095
5354126691
1330940867
5849464655
1297288162
6286518199
5524711188
2142821677
5729381252
1867259172
6062090044
2067563093
588573735
2042710394
1212106758
676315326
1800769434
6031523037
6071102593
1693896378
5597098950
5325657741
5111074875
5671875537
5735517812
1859403550
1220799213
1172914123
5170920418
849714091
855968992
1789318276
2121092416
1320361179
5631274273
5177501722
6007265815
6010631921
1980104554
1382155441
6038537327
1791524354
1793050139
1314090188
5703933791
1806307645
6287534864
1365377793
6234307639
1286000595
1768679383
1796745202
1256550088
1314106364
1385258544
6064224524
6184836675
1343389881
1343626288
5541771052
5435685065
5138874728
1664320767
6153262057
1890384288
5444032262
1432748933
1203915444
609973589
6050420872
1538249456
819977132
1924528759
1103002247
5595482102
5927559929
6020033808
5563663281
5514334273
1959735566
1359275376
497297576
5347801219
1385765077
5104447056
924619767
5294687709
5647690273
1514540881
1754973416
6205233268
5170167431
586678367
6080677343
2139505103
5571950663
1995438882
1401364256
864677765
5913489980
1271600009
5298506376
5903624258
673047009
1534792591
1108556855
1748513999
1618597182
5374629856
5535450832
1467170976
1476824994
898188974
1669142825
1442359852
2084644054
586705299
112204726
1092131855
964424761
5234721934
5182030827
767967441
770988252
2023755169
5075719570
1743876089
1790722508
6065518309
251634590
556197784
1035984505
1074545553
5477123968
1267930093
1710293661
6096124558
1440357316
47771348
1959592258
1661729768
6070398735
5779176030
1319569094
1642016112
1558343751
5370040461
1289818774
1091473321
5665307492
1210592225
1299400677
1618819050
2038873776
5566609782
2127116563
5341915639
5241214372
703313475
1057710503
1464673676
6182173542
6052809756
5093200832
623325574
1740972353
1668337219
5585056459
1301644162
1482001281
5249429736
714519778
6116269732
5719484683
1600585632
1448343210
1154060812
1576412214
1376826946
1324378344
1339935542
1533926479
5443449145
5784639367
5518507916
5085781765
5844603563
5677684986
5748533028
5377365036
1070310083
1416151894
5196932129
803996455
6076713364
1125192690
1669738659
5429456347
692861859
2017132121
6227673506
5120002338
1657486699
5720631531
5121548402
1350083645
820951539
5988498801
5181279559
5664718868
1605157903
1721773469
5852447413
1040726582
2026329376
5388577498
666818508
5701779025
1561205318
1722040062
5691034633
1562164995
5206065232
5595163137
2045060550
1095707514
1813034985
272326079
1400573744
1913725868
1139669033
6118938186
1791564865
5097150323
697287922
5659922506
1206238029
1105243621
1183838592
5508318733
5710864620
1034579425
1065211005
1767628161
576028898
2130918422
6068208576
1469442351
1456945199
1903563128
1909120986
6047626095
1179124747
411871381
5315434744
700453545
1866722947
5719593700
6163354701
1050190058
1914239701
5682249583
5058290538
2107231731
5451465726
1749024464
1888768673
696568817
5889001514
5550876066
5464920833
6101184754
6059417395
5910792630
1327153047
5868188533
1066016840
5131309076
1988203672
1980997704
5282854340
856984223
5892678917
5455993810
1167017733
1887943442
5327855790
1142783595
1626806803
5393327815
5368723574
236343246
965990816
5445189787
1056698646
1743737259
5814228213
740328006
5360365087
5423091581
1774766370
5493799115
5016164679
2109528062
6259566400
1495101585
1010630027
1367023415
5177778714
5050281711
1227518089
2130254126
5222188262
6192470391
749109424
922851289
6087093997
2058925819
2076840715
5957587271
1353318587
1416487340
1213721257
1889808936
5498439561
6242583406
6172517610
1979023796
1613433652
1332957768
5304594837
5753245419
1535420109
1427403745
5102321536
5666164556
6134113620
1222242189
5620442903
1869351176
1658560647
1586850485
5495849612
978279475
5952934294
1449000314
1148666152
736440288
1596634287
6054322526
5612849581
1279725602
5899342601
6104645854
2076022447
5329089302
5490799820
5205783300
745651248
5493221750
1807966194
1408536531
703074238
6169295562
5857262338
5989533947
1703769739
1939892574
5257792993
5913672886
6178040603
1206608088
6026095599
5342009583
1070559141
5382518840
5751329015
5699824834
702326250
1573739241
5473137726
1855506920
1015930611
5935947975
1072836666
5338668271
1005477481
1876340243
1953713585
5101085207
2031219280
1058737154
5639959517
669297466
5983542093
1370944688
5510130640
776695439
5242079444
5017854154
5952837471
6288223153
5847164535
1562986383
6010433061
1934251675
5193184915
821134336
6105193185
1451380703
763159939
5783260445
5492313066
5557608621
6084581184
1403717467
2022851854
738448359
1893783805
5029957443
2044217204
5729022661
1916068747
1259426255
6206166809
5334910162
830477469
5207144078
890672051
5629131467
1209137495
5411072829
5795897393
1670693228
5923812589
1476761859
5929738871
398110666
898647456
1480532017
1606625716
1898334642
5669764177
1064710801
874882612
574484602
2072211608
5381620608
6148337468
1462660916
1114577765
1287885184
705943059
825135030
1194724917
900912116
5551763366
6028024736
6292959838
900597134
1481923718
1968981918
1471655502
928014332
1478044907
2096296833
5901417603
5813349840
629172267
1629205494
540427636
2091900183
1808560379
1186320031
5395003563
1152191742
1658932524
5538514071
6155139740
6055484065
1338012371
1569287277
6028122362
6056041448
1125108439
5035709256
2059616350
1652640499
2020068221
1522880623
5778737961
1105092678
6035644969
5715978698
890675618
1796495325
1576461575
5601362375
1673557660
6260110921
5148670985
5829197827
1296358974
5555690412
1316952365
1063239925
5195838882
1493634576
5708318491
2058563771
1277859660
5291134162
5423907830
1941302999
1003786243
2042260529
1835583754
1779031609
5526783944
822097729
5849637210
2052034620
143205337
1170979269
1163655572
1292034180
1981659767
769436741
1822101228
1298333107
995089516
5011938735
1506258335
2071370100
233155315
1730962513
1071980190
885142984
5244329423
5898994610
5047381284
6193748194
5603086573
641092675
5638030783
6040799911
480720103
1504794728
5406365993
451148358
5933324036
5977331915
1334530064
5106859920
1040319230
6237400126
564072926
1750751053
1857829047
1571363253
1006851087
5452163361
1674324180
5847883198
5771932408
1193434319
988751384
5985524511
710679319
6037903340
5909099946
780345858
5017786140
1050647575
894183313
6001377135
5478710278
5220592231
885598196
543206198
5305932257
758797814
233517297
588602791
6035515552
1401661866
1728410616
989827578
1057849897
6107090612
760050497
922399893
6124781056
900543541
811664874
5038909907
1468345659
1075427464
1141895688
976465482
5206486738
5417811105
1311231212
1300595263
1458093793
900686033
5144021163
5731696087
5373892105
5808527392
5402499009
5459948041
5868423807
1297300346
6200983292
1037141704
1252317993
6177111771
1546211395
5557949778
764751989
6192801167
5679365022
664106158
1467330729
5716374888
906700358
1108187575
6213427777
5977248610
665194864
6225303436
5316436481
1912406176
1096758168
2031185858
1047451011
5584780867
5261369292
6214825303
1092742947
5605398556
5230806419
1131644151
1762871655
5731615441
1719581925
1170832947
5215725501
5378300400
2024650789
1288055249
5999430196
5487609504
5277543305
2120013383
5521233817
1991242307
443163338
5329106792
1027414152
5080293812
116284946
500102888
861417098
5518073813
356975336
2008741647
1325379288
935111705
5576148162
1970674999
5991829935
1510635214
826563171
2047731054
6148628396
5888020809
5434728459
2108870374
831621522
2037823636
740147621
719583910
850899645
1143471291
1799061912
5534970356
935282217
851510892
6111776730
2036772495
6106418426
5060433372
5820915338
5943634120
1143363984
5902916442
5493645367
6016244332
1423803837
589509128
747652145
5981234918
1989584807
653199954
5233651534
5315246244
1814237999
5990037719
5423953318
6074773775
5885043838
2123166895
2020617572
515945906
2072835710
5734463732
5258865669
1919450588
2082431509
2053346497
1324287857
731031545
5721891314
5823864210
1353973939
1333465376
5967261755
5843041794
764237739
569111568
968997528
5082217250
1968871599
786600826
5888299132
5861718114
5466117850
1376769167
519388857
5247551873
2105214531
872333627
801860064
699633052
1565119970
1941738385
1468750036
1901715462
5926722347
1991624186
577370986
5946452772
954396503
1961788855
1875656266
1005875397
761315254
5413616078
2002250066
5707847499
1371744158
1937752067
5331045031
2135051054
1434137784
1255094574
5317193272
1956526430
5690310687
1956555537
1921813185
695991988
589853949
5999559777
2074050313
1912399832
5136039527
5887990981
1134501450
960297215
6262702086
809989720
847868774
6088836215
1349788909
754451298
5299750469
912557266
1010769475
1552011816
5880113895
5683408242
5191012206
1056338180
1443616887
1664697488
6074505989
6064403575
6025960930
5078243901
1856403415
1499134271
901018505
1474696411
5982396138
5595434352
5408244998
1946016534
1250533430
937657913
1198071200
1339585535
6077152962
1419958293
5269811467
1136260341
5996984450
1265563316
1118560496
1039458427
1435583786
1136313402
6062447943
2029866588
629258984
1422028443
2065700201
1044230293
784677335
6016861586
668294635
1832223846
6088229158
5304349023
5045857533
5518248577
853991874
1062098962
696413861
5822367985
1239743205
921838277
2111710276
827305018
6259251774
1676444858
5365053772
625744268
1524938122
1978389105
5512674809
5461023945
5008359757
5031764416
1419448976
6152187224
5995999355
1402102436
5264905022
6277812979
1284371769
995824131
470086556
6223472708
6062842031
435292976
1642654219
5408960306
2074834163
513728709
1496453601
807424842
5660931948
1195113281
1052386385
199010087
5467565476
1693993898
967890259
1271385281
5397707168
2004642317
1286836651
1168815329
5231371117
885975504
5758091828
5448159729
1880092533
5603315117
5102823443
151212263
5414717791
6189425094
1292389737
5421060894
1954543714
1614640144
5417771311
5493966643
251620290
1518471053
5332363410
1408257471
1439604542
376850317
1063269897
6287566988
1318234241
1610213275
1116830861
1123006088
2007292601
5519387535
988130726
5395716567
5430338057
1743164380
813007632
1728947454
5244061955
1070376524
1991863348
5452354245
1907507307
1499948196
5726433422
2008849142
5402844309
6079981800
5554547864
5841066702
2004058936
1221336480
6130331831
1989151923
5131194522
1013369505
1307019375
470990376
6058374661
170341526
1853444593
2071612125
1286777812
5036613645
575167165
1083373709
1876975501
1226060564
5141952944
5700805290
5828937666
6272916493
1642693761
1508770924
5824392463
2103003678
6264710349
5463723033
1501324927
6236264455
5725318620
5952628463
537512728
5271859922
6221490808
517872727
909699625
5628450827
5399031033
2066212871
6273561394
5665146674
1281209987
6097106217
868397102
1179954551
5129400973
6075526843
5888939467
1566429687
2120265800
5105284791
701254828
5571209451
5825343817
1872456848
1283444875
2106931841
728116853
1038958836
1363766695
5582341309
1350023059
6010483058
6256800026
5837342679
1034359148
1449116733
1116791601
2132719977
6219100177
5367465592
2062782720
1979544248
5682261384
5827614966
6200957240
2009549582
5052056301
2025385684
5407530726
1428878579
1467457623
6264006268
798726715
5487997729
6162362482
5889572672
1422307
1859863428
1357606665
1527610534
709816065
1250496842
5206091408
5469510682
1107562511
832684182
1612935117
6005888368
998463626
1630228564
5855954919
1985905138
2129426337
1284869418
1421301528
1582762419
1481736829
899962144
887728660
1624087539
1387545396
6242036806
906138339
1477265298
2122460654
863783068
555153066
877500081
1890043625
2143233998
581836953
1846707744
1351273788
1090922570
1038966305
5621475067
5221617002
771969065
1859357772
1934852005
5134298893
5778260784
411349989
2064364792
1106995083
750041394
1524255188
6242627928
1351923336
1318497150
1373219883
2115739706
5356966491
1337949305
5504256118
1398274225
5802828691
1651201282
6114352780
892505198
5888570054
5392300700
2090363336
5690295469
5273807821
652078616
849825654
1472560013
6103506999
5088510574
1148003792
5762234216
5715440145
5737788555
5480195531
5622366930
1424956479
6220153228
5681521815
5430736460
1820239149
1334672858
6227375165
284281569
1794915915
5875984720
2087013268
1048295210
1464180276
923046760
959774905
2042798618
5036325844
5891137102
909042519
1197814133
5779018542
2053634492
6072427243
6039491339
5766033827
2015626720
5905588548
5326877309
6292669488
5011024603
1356739388
1435585185
5423801955
5342755126
1534239485
525188872
6119047621
2127991459
1475972118
5378074119
411414467
1882365753
5404169024
5859080761
5953190971
1262942733
5508041868
2130518294
5062307116
51611567
5744557108
5487912568
5984385434
1315032125
1850776240
1225494790
974563611
6120179791
1865041429
5877313015
5754437418
5207875576
834075820
5975929182
1979017646
6295238267
6156629327
6191559601
2117936505
5195351719
1831223428
91582323
5378824967
6099700524
1417925736
1421089705
5664796666
1396964927
5772489658
208674706
1481885746
1730737517
270541377
1615378579
5443586227
995901616
5532560281
1318540407
5866445871
6246621914
5424136029
5768667753
649123334
1913518254
1446750807
5900939888
6104537377
1485124625
1353429711
5171496744
1944020551
5554909105
6154689643
1076777008
1304435822
6108491627
5958994508
2085207180
1035890769
1355627670
5662506474
1920023971
1783791681
1406391312
1452220499
5484218966
1106933796
5439387331
5031036547
1262997100
1477679256
978603440
6161603643
1214004189
973904980
1382333185
5409795768
1222319448
2045967624
2065326112
5502468994
1991028372
5868469843
731734783
2053710197
1475250919
480829729
5134749337
1958984326
1440517792
6144439410
1129612359
5972963644
1017724839
5412031504
6190755471
1629639133
5558533272
5624443369
602050713
5263697927
6141888297
1089608660
890449007
743764236
6236326418
1341509067
865993882
1727622976
1317779515
1459830562
1820481403
5272255428
1149861133
6025329899
5885991207
1479310372
6102112264
1163246583
397851563
5229734270
6299586847
6222198290
5333975776
1470932219
6162761359
996460808
1820688638
997669313
5876713911
5708745758
1526231096
681140213
1035210885
1757669843
743325517
5531064623
2072080650
6143181006
5579562092
5482208428
5797089433
5350362673
6100836744
1609549219
5077671613
1748981226
638559224
5978648608
266072629
865952803
6071504805
1032309020
6208422348
5931880966
5626944144
5290004032
5259804262
5322342574
5097443714
888689634
1767889260
1744811818
5527276291
5800141821
1043335047
5325704592
820179595
5665740127
1651753101
901634931
5890853928
5277826490
5086402828
1463160561
5517395528
5206039522
6168092348
5491659964
5784237128
1367904842
1672475529
1443027173
5097651229
5085530675
5926216227
808371310
6264275783
939391438
1767359517
5369688613
970298474
6242453804
1504386933
6234391305
976039313
1051899638
5865303241
5582799916
5968959497
5897667512
5476886418
1111693978
6077101191
5581050889
6046744234
1730838025
5784168405
5290997643
1428409070
1445367037
6147104015
6118268811
1775596628
5035697557
1053429395
5320452593
5132945465
664440267
800534730
1208766793
6174708564
1253916864
5412707901
6217923976
5124235822
1333836629
6182248239
988971568
2049715170
5891771904
5925296608
1035021135
6151387449
1603073694
2069325468
6294350518
5850524496
6135433106
1106713003
6006416878
5137100980
5830887162
6250096565
870925221
2089334527
5301541111
1855753393
5211888655
1796235484
1488690943
5008268316
5121058715
6019207329
624817469
5410334229
6084478120
5113561630
5636103925
1291661923
1530863042
5796573818
5189529259
5420563928
498139614
930535391
1224129003
5289514821
1038213179
5063222081
1137529841
5903683974
1649488102
5204970833
5523172435
525122283
5409512948
1114800541
5408419916
5256958105
2001065957
1624927598
5787942047
6025582557
6212018981
2122862505
1396912547
5429666882
476782407
1376341103
6031400568
1223973410
708895993
1354788248
6293835471
1697249723
5361101162
5001321837
956544515
1911853745
6246769018
607872493
1336584978
1495496859
6143883775
1428969289
5762712962
6230294191
5731947371
1168570329
5926987942
6011117733
5806823020
966421492
5420947753
1560363668
1046828226
5468355038
6242846416
1383084600
1646733712
1171958267
2094892684
1966140242
5512270100
1316733930
6021539962
1997716213
1683514922
1917666381
6236979773
5599597079
5116057371
524153260
6243598098
5768631130
1000907774
1744017936
5532973471
5227778707
1736838940
5754696250
1395500096
5098203952
926232707
1609960200
510247868
5636605910
568185058
651024311
1074014966
5405179941
6160082217
1403270434
623266897
6060169766
5520356156
1979858244
6141854414
6268932582
1813374123
5255343653
1013923912
5651435394
2072581784
148156788
5496210442
568926458
1654811487
1729613137
5096606606
1897086077
2016060116
5121734169
5511407907
1955147740
1182888961
814933403
6149614042
5411947966
5000018254
5305511384
5009458655
902376347
1203168928
5529298029
1350720080
1410522265
5231071243
5876577477
5899743953
5080281141
806776566
277953389
5073238232
5449959721
5168894594
1037470470
5430429641
1131998779
716191692
6008430166
1302551057
5547252978
5125640233
5845514761
416566090
1137749312
645650893
5778408173
5375832258
5078855355
5998119204
991240391
852597990
6226824173
141758702
5985490951
539587553
5945776796
1785904595
5853162261
5748126563
1503961020
5871085819
1139821449
5676972754
5138912723
1244793579
5814604110
1619208185
1866403049
1042209552
5599598062
6111916289
6020966201
5949938908
5328523638
1309960992
2017379554
1246167927
5150795757
1435302149
1042785601
5728545622
1911112557
1687536959
5429899780
994844677
6045980471
509691543
2130645375
1532196430
1959119635
1196917579
1244809555
1621339370
1555458950
5249354601
1388187973
685181494
5003878396
849987669
6268641526
5819278732
1583976726
6116724647
1371155381
1648769996
874691102
1325149211
1336920020
6029736161
1730452614
1965761208
1701161929
5159146772
1189769685
1624283161
946453833
5423927738
1334823757
6158544235
5840345950
722952842
5953366932
5969102402
1337309682
1301848758
1865304061
1984884233
5256706989
5537220313
1676403369
2145193643
928755243
5057961503
1124200053
1209257394
1991277564
710599657
1240756128
1853740990
1961846036
5489576612
1317643919
5792407938
871816757
5697584206
5305473093
5313815437
1258334967
5975985354
5746553442
5099243649
1515052184
5321939853
1848705492
1845629757
6178296436
1486460399
5172763567
5205484411
1243606763
2056251191
709787478
5882673271
1046119229
1783646867
6288569900
1464068495
393800814
1380362691
5006158885
1310232912
5737497845
1192478525
5005512595
5036002436
2111653031
322696699
602288316
1303157034
942973246
6291746989
1351085961
1381477910
6133719932
1307502612
1085179414
5263607088
5769063972
5693359244
6031502101
6024102922
1425982919
6000032737
5372092365
5344032243
6041420998
5867890533
5571804026
985738607
2011921599
5129147580
1828571039
1047027296
5504540041
1232135653
997019002
1677336257
6146962624
2098565755
5462847226
2073650092
1158917887
6064261667
1872177542
5527391491
1076066338
1085401407
2111403314
1237231262
1123105738
1311634393
1403919392
1001507342
5854845759
5585951759
936226781
1699564051
6081677808
1622957343
6187463213
1899982200
1647745883
5073981856
6047490559
1213139809
718885114
5487991512
5867648358
1602370190
402909736
1479173461
5949299982
966425093
6018027291
6213190186
569729850
1944121025
5672075944
961634064
1072865837
5209622956
5840921001
5509910124
5208399176
6297779199
1931582648
629275688
1844570357
6297854991
5716445799
1074385605
6222958195
1732158344
913397456
990083571
1675341963
1741736154
5312637526
1786046956
5378695403
1685494567
6044666538
1815355349
1781645860
1317759177
1427681062
2062848238
1499856024
976284762
880179312
5153989341
1128021645
5470520870
6075545374
1010180954
6130924527
1398632249
5194504599
6208486091
5996301520
1529290303
416037831
1094225100
1173179974
6226676747
751130653
786949313
1237884176
945010012
5292884753
5067857865
5146689565
5556859692
6051623791
5511699905
667558312
737109532
1744616317
1561692780
5633101967
1819240945
1250817118
1485869868
1905053112
619247333
1392904659
6152578017
5161888110
1606400650
1989903030
1830496962
1443347645
1767185078
1283187719
5144491338
316079549
5382630784
1264306174
5407833384
1016275136
6010737652
5922862703
862781758
5810378162
5043997677
1994329141
1954298936
1943592741
1450863603
5801676921
6070577381
587528393
5027819018
1652025549
5766686029
1135289802
5711230141
5643940893
5729359878
1638639512
1445938910
5497550815
6052948293
6242002576
614413628
5726222154
1726303954
639073494
1030291197
1772983909
6271382376
1434438619
5515683500
5334563271
1885619066
829001942
1307414441
5447723076
630822950
1637529740
812168680
5453494634
1979940839
1469726041
869202341
1937824113
5386550820
2016471433
1574268365
5811288969
6200815822
5144842251
1025044083
1034751634
5531400684
1204662888
1959722839
1186778241
5057982626
1460861324
877204330
1881121656
5052026053
5696747142
1461168384
1401045302
1229594977
5048363615
2136757849
1878534961
2037740563
1574453638
1286317849
1879207878
6048908199
1629136780
6093779448
120154780
6033969517
6204805978
5449577385
1806242139
5933687320
6175958713
1037533910
5344637441
1802183324
5079567719
5667159070
5789325776
5543076348
1086243805
1069094112
467528832
5842909370
1771836082
5301401810
1813843905
1163252277
798903593
1164366433
5742616663
6224097911
1895872487
810899736
552384938
5920263295
5178235376
886299304
5143907608
5439784095
6172134623
477671935
859753390
5737755077
5978041587
883355188
5432046998
991085580
5744396682
5838259149
5838259149
1915745749
654837355
6067778208
1903077624
5550598004
1650319287
5517917618
884843188
1122586170
1364234557
5344863341
1230627835
5075220850
5321822999
1425182261
5009980129
5345661274
1557756890
5979501777
1424162416
5723293495
5009092106
6109931368
1245032824
6111394097
5813348078
2140239604
5641320151
5316672101
5633596567
5438506905
6081335691
6252156836
1821226078
5620324509
5435810716
891770050
5967310124
5790083283
5257041191
5409005973
6221785867
5416613341
1484180068
1505887112
5901862448
1337462888
648052632
1136281984
5965559412
5898857367
1447438302
1987378043
1762063646
1820565513
5375098998
1486053753
1286978113
5974899912
2048428943
5132710815
316313873
1539837638
662286640
1470583371
1857568853
1372049376
1091633518
5285464257
5013457142
1270555307
5730242261
5502935430
5270371382
5303479931
5829080468
5627526295
1845678806
951617060
5262652644
1785390063
1794000410
923592140
5334030324
2006224640
1408211950
1958549222
1931972350
1611429016
1746561426
1707226619
771781099
5524226508
5006162819
778967809
1900147449
5429144065
5733860254
1671794908
1456022967
890498432
1872722082
6048044656
5284791407
6037810004
5018770874
5030798616
547028243
1268039356
5447359104
5779490993
1686499987
1008844204
5968117395
728690353
5715052857
5010233247
1147151662
6260606441
1761188441
1118528898
5054841055
6064839709
2027129903
499825886
1341595066
1389748731
1265281185
5139619672
515859230
719230418
1836756291
844717413
1256137600
5909264936
5521810171
1330444021
1971687771
5902718518
5253400573
1230785658
5228771698
6179525221
5823669367
5249355258
5208392899
375758265
1175139488
172139436
691801147
1236873599
5488763170
1282282098
6201231303
1396215719
1529249686
1471487303
1334828819
684987572
1595330787
5168596845
5466209808
1781962116
5921598458
5795155427
1873308680
1644443257
1649594986
5712393208
144668152
5415690065
6095606746
2044389200
6229223175
1311832430
6287366163
6219894823
6086723115
5742786635
6251831018
5826743926
5427985499
5345381843
1352366743
1621925537
2012179247
1402043882
5722715052
5684680080
731557317
6234264903
1270081801
1452900328
5500841185
5499602488
836749563
6045207271
6168045587
1759929123
5187425481
5339339388
5956174403
1380411567
1814417687
5235322044
1520555869
5705784200
5369812603
6070870521
5568852642
6036861073
5832954567
1111729031
5843344747
1112131992
5794369402
1034879207
5760534123
1023601354
6170321579
970056929
883035872
1145977580
1143820991
1882537974
6130041258
5977547563
751931571
1071261755
1498956943
1942853808
1483308115
1703086626
1305398110
6059180885
6261171015
842441208
611886014
6278391761
6145321971
5431699662
1453738125
6241440684
742514085
871001006
5394045633
1358860393
1359253728
5058735730
5326640883
886470559
1491144061
1813111866
1736402097
941512233
5779454394
1789061869
6170153723
5058698946
947319957
5740338953
1049185201
1648133599
5648202240
5624126943
5936301453
1857180933
1031794840
804977688
1699992405
1222591044
5160729217
5263917543
629130890
738737510
6132981413
6113253245
1130518202
5061868483
950960664
1143426106
6238506261
1781731004
1395387010
5157045204
1831162212
452912878
6191642580
895752719
551118393
1697467236
412470461
1760035118
523032260
886944974
1421852139
354850467
5064589524
1444011663
1113424240
2052046197
2013858791
1482612790
5693656142
473478305
1309578808
5018502810
5118264998
1372486636
5171503012
1954387027
1186210312
5044274377
1958172479
977100701
1560908102
1075827894
1662256035
5831984763
1909625777
2020804312
5408007908
6010098628
1289824035
6299245505
5244534190
1910095100
5707659452
912626925
1280502125
6197675205
6060835703
1134636399
5951478618
694156150
6152895991
1545203391
29470454
1430916091
1256377146
5883866131
1485213462
5723309760
1773449165
791033455
231514032
1924457669
936919517
5740109883
1186052513
1058560286
153170593
1096328715
489986584
703425133
5031092668
450434153
806829779
800383149
5198467903
533806853
549140894
834807769
5000697643
5395912673
1801779664
785105316
592328418
5357223031
1126370397
6299864557
5982655077
6134979065
5433326330
838795024
6190669647
1355284097
5129397848
6285168383
5341114779
1661655929
987070430
1239477782
1365175008
5620949808
1052880364
1266022941
819863153
820765883
1954375709
884403507
6190173024
1335837873
417836930
6278120314
1647433820
1895635486
5991490595
1246432806
5504773335
5679651581
5384760357
5514460121
801180495
1802046186
5872918853
916017602
5100678560
1912152879
2027734111
1042098472
1361412670
5727521212
1159459730
1604270216
5827220269
6251040315
560020081
2087559663
1344165521
5565359180
5364291175
1210560627
5409948084
5195067887
950621311
5961649853
1342547696
5456674296
1688512526
1336839829
5282789918
993346506
1988926381
1990584734
1416822973
1600199924
678300818
694649587
1990446765
5017350999
1180607456
1928420538
1356838437
6283990211
1366254342
1261081790
2015562246
570435034
5788970499
1147545746
5595072930
5156606245
968081385
982619371
1319371926
997645631
1481461493
6273908125
6165933240
5363781807
917164528
6165144484
1182649773
1737294905
695457750
5335758504
5950149055
5858199097
736285537
5504486417
985224012
6092283217
6270327673
1102907355
1386422891
993924381
1920568036
5630837473
714578731
1919680280
166949394
994935252
5128060086
1242705328
878970602
1368246252
879639680
1893251058
489257965
5049539774
5039062843
1877277893
1885134224
622537931
5666273782
901460990
725674187
1350757322
1908826683
927437986
5526642451
5074326871
1908628952
5924116206
813143109
1013801816
5392483295
1361851359
1240849141
1432304862
5881610855
1918997344
733684380
5865458476
1811226699
633424126
5585420615
1513936856
1983070067
5207081043
5231031016
835512941
1792579335
1006087052
1052122482
1530614057
1552221122
2046472731
5103788951
5700202909
5072511244
1774977468
1653717755
1010848912
5821018244
1511075073
5067187831
6068377569
1647295336
5537284577
5816270124
1495282408
1766525554
6021544874
736189817
1403691717
1843691924
1707373265
5308133885
1557466320
1963479768
6208989763
5499163107
5066782520
5274648846
654981600
1528621813
1439977127
1770443583
5241222038
5723505732
6113619866
5952100918
5636066540
1485158051
1504752567
1221514850
836194805
6087399301
1954217077
1740764755
5429641278
1142415038
1269390294
1696391886
56004284
5898013319
6049556007
5462930110
5136635159
1345067229
989139523
5044929396
1680091777
5241712643
1836012182
1988706378
5937911150
1305539670
5644227983
609989463
6160747853
5570840634
1789484063
5538745243
1466578429
1441104343
1572975379
5615832348
5420040667
5564353814
5903106427
1834919512
1298487494
1214953647
1731318572
5430607829
5271092543
1879575941
5302432276
1789808198
1826924374
1853660663
821726286
1381580306
1876215028
5378344923
1341263267
786972284
5744781873
1498072246
5946785500
5428350038
1582121387
1387498742
1343618843
1224861524
6024489028
1472008053
5109091979
1117909093
984357455
6224337657
6260511289
1058214653
498189529
5272150925
1257752516
5452616356
6164879210
332658393
5799723954
658612404
1041801106
709449834
564250841
5413838580
5750018993
5395862509
543528737
1955331915
5582699327
358742912
731368458
5211284684
781473902
935860804
5199217917
5256448964
1617726332
2103598629
6243412996
2043428609
5577646152
5755967835
5104181872
793373893
637954650
1353990399
792364345
1143774457
5017830050
1007845315
5161727822
596572240
5561201637
5464501224
5206470834
6202381647
1165014045
1422853406
1637245273
6196775162
707365801
1042291003
719506719
5887285394
5893718087
2071764208
761791519
6235513175
1442602738
5945915991
860557230
1364975459
604914886
6272782131
826720577
6176041363
5818547284
1978406687
2044074214
5135711720
1389367393
5804721897
1573183077
5515650766
5903905137
1029574441
1633238523
368550124
5882859898
2046832240
5714838483
1040377532
1655839450
53247653
1906722697
1847691072
883089069
5084324364
1918237171
6112464788
1356229978
1888976835
1682372077
918954463
5411126182
138024539
6203097395
5256483554
1854289153
1299755281
5801985589
1435441799
2040032565
1285721428
1422514613
885669668
768395657
872032274
1640604160
5639989701
1389422815
5855273676
5944780323
864693201
6208521355
48408561
637316466
6219668416
5618730804
1981599917
6256972880
5002724677
6250518601
5813377303
1495118447
1470671147
6263262727
5210457366
733543442
1330573944
458361446
1498878373
5856344602
2146439365
974755035
6181527790
1762992658
1601377437
2024944223
1571561067
5367986069
2002199658
5642183649
1981855094
1434545256
5467914362
5301082600
1768167770
663837373
1265231297
350794574
2128183308
5402149141
5788496681
6110507254
1670064048
1872198340
602182011
2107920432
5101838537
5767320801
1445436535
1019370173
6193156760
1808373669
1340261234
841298474
5966995497
1489940953
5682515833
1320169679
560242590
1349259458
6070189454
5855553334
5394715435
2072176303
6025833488
908518905
596900716
812036799
5879327609
1869107336
1643462892
651584154
5110686605
5059920855
1908720699
1820309392
404801448
6269999690
845034971
5995785361
1222721350
5947575334
1290087605
1425273028
2110723724
1337317531
5191790287
5153849351
5986760163
759776965
1846858961
5514661463
1539502881
2086254716
5892936204
1632739211
5919804566
969732217
5024644700
1601337172
1906347904
5429450712
5412808264
5474797639
5824100737
5610295225
1868354012
6048847642
5481772497
5388143624
5836782750
812724546
5887728529
1615665441
1803017893
2126871052
5518279580
2085845671
5025512705
2115721369
5907707620
6148645842
5281121253
6192667291
5534155844
960119298
5599592828
2143416212
5544344845
1967497765
1351763026
5053479723
2057827071
1477226688
5213799673
5275196060
1895863774
917979911
5910652410
1654371201
5862648511
1388192349
1071591947
988106308
1885839171
1580468089
1896694780
1487435942
6264622814
2025695588
5700579508
5342154565
5405489791
1312552070
5179397749
6223821073
5301384576
1985465079
5113570063
880290324
912104658
1210314824
1820821582
549240221
964106880
2031688773
5177288730
841853759
1075980432
6289868775
6018070915
5353160448
5066538149
5881865245
2034360665
1664878871
5942076671
1783891122
1673862651
1488053068
1664617166
5253509474
2056576836
1924133638
1412176377
5581422382
1959388706
1892245109
1926489259
6174647019
1643307420
5348839380
1606716353
1454579692
5141337824
1073509686
6006110224
5925582785
1528583731
5473740411
1379473023
591877134
1181951354
6200305959
5906432552
6211622048
1489943631
1415368993
1330005492
737083724
1946565668
990630091
1497776238
1766350532
2013413269
1297378820
1466481804
1344666824
1362728139
5434114887
5309510116
1079392514
5209505720
5953363583
1413688286
6294421040
5176080263
5034373701
5994956855
5600007452
5678058528
5909077533
5774604544
5722100281
117135255
983225988
1619861093
6168127464
964238330
1065550642
741853509
1089121970
5626021194
1516594040
1908966023
5536831752
5063002383
5831807385
5745446060
181701809
1882963260
5817183307
1402470309
762342435
5958665607
5535926518
1170435023
5565772439
5307054962
708300034
916315031
5826281222
5526773646
1861100819
881449855
820186324
1019444215
716370114
1465057499
1685533736
1752640829
1614936484
6094900460
718667488
1710362877
5358616293
1411584433
1007824636
860193273
1163576917
5992911163
5752014512
5229522113
1698003223
2035379505
5523031091
5901836485
1872006318
1924436191
1074393756
1308204876
1369615499
1666416502
5417850839
1191402871
1803930003
5514741750
1099609530
1673633913
5343896845
5900322634
1170341501
1738779311
1312791448
5576467767
1659668997
1672486155
5985958704
5556995401
5308701824
6183222607
1484704090
1337153416
5042424840
1839473405
5395748745
505002793
2109360353
5726788196
1980908320
912501546
2144279035
1390277659
5469641708
5564855605
893941963
5533461120
1112800902
1779596984
2028069569
1226469496
1374328909
5055730107
2139148472
6282894349
530160595
1786675829
5995219599
5245572988
790629677
671644394
2025475429
1412913265
1771766015
1005664220
6128447198
5937740300
1374849540
897614932
5056258100
1370954923
5730342745
5434631598
5332497265
6131640791
1277493901
5398514508
5258869987
1648407602
5708300489
1918755208
5240387392
2009639575
5621478783
2007839415
1472018511
1629740204
5591601568
1938438230
1174585082
1369398057
6296606178
5637968050
977050060
1389089796
2012720979
1348409987
5207580783
1436150840
821337029
1981818729
1773615474
587365380
5730207652
5603654212
1835012087
5015698086
700848651
1843404925
1384373397
1835188282
1466594139
5009416623
424775336
1681879746
6053153894
1822147933
6203738880
5302783058
609117773
5826029051
758575087
1972787426
1448261698
1902141413
1592163145
5702708923
920003530
6186946612
5318400761
5670662649
1643616535
1437515750
1817423462
946565721
968700568
1015745987
838380591
5783924035
1894833727
1137085584
5028185858
5383097876
5071640363
1828541983
5775415026
1810903501
619160515
934142307
5021898654
6219169495
983196509
5034545765
1231574494
1035783004
815666120
1299990685
1493093487
1911953559
1987475367
825100188
5855901864
1017347384
1423335153
5857386810
1616029633
1599486222
1284001505
5657616377
2060865402
1367337506
1920432924
813267311
1726270013
5081807105
938083324
1813941303
5854406107
656082083
1162320794
919048057
5261695635
5803962206
1279188755
6153132356
5896139125
1471800089
1035787296
893884856
1184206654
5206133239
1095924253
5742151211
6136549376
909661891
5934264424
5505771932
644730950
5417435544
892388110
2031485521
5943226325
1956694427
5058595196
1429861633
968755387
1676827627
5982282725
5344814237
1441469034
564776241
5544971324
1900751222
5434317563
1325133867
1097446942
1627676666
2031432611
1511016182
6129567874
1343452282
2040204265
860443589
1015508804
5627242629
954902892
1684794007
5119763635
5895560114
1085224759
5064767635
1060140295
1237459048
950802807
5660663232
6203303544
5635932242
6141942209
742076494
2124643242
5618250834
543078368
706382608
1563790641
5007102060
1270197738
6198372199
5094906128
5524251946
1226057906
6285449179
1474964262
665447179
1097243366
466192483
5657916228
1660114517
1024060582
763501889
5323441183
5197684311
1396414576
5971644134
692201762
1224343356
5351127072
1608389231
659519636
5973574158
6207086410
1313329616
2011132032
1446109423
5839390148
5966370514
2129475954
1379018433
2119202271
1963661269
1782455248
1978135137
886249963
6053689340
5731092417
5439999143
954615288
1345893691
5875901618
906976047
1909634111
465749537
878434015
6105715477
1300135721
1393630067
5223919855
6227215277
1263824580
5172448366
1681842789
5666465063
1553866406
750408206
1363792868
2147433797
5257238408
647446088
5686929296
864927115
963371086
5375893183
5196408207
1128424967
1954113894
6000696367
1821284313
5840779545
1908158530
1810438726
1263127094
1267863615
1759301495
5268379652
435525098
1834255006
5776658125
1485720728
1712246470
1442352466
5652849635
1495528178
6219940628
1096370534
1263745666
1990052009
5256336646
1087645925
5689383827
5741333436
1203822534
5680542791
5534152865
1693133928
887416536
6021205524
1011128716
1341168809
2055204157
733168185
5646148347
5686489853
1314870490
1922904582
1684652110
5351932635
1792184517
5751893869
888141486
5915866787
6029491157
5943047332
5072003152
6281152304
1362569917
1250788390
847006685
5196957067
1845274372
937718449
1550941210
5964214059
1579322447
2055814987
1274759265
5439655797
5024989794
1966727680
6027991362
1935569976
5594294220
1525262925
1848417217
5961094058
825901573
1056438022
1309196129
1927587191
1726224963
1845193328
1294402314
5742649086
5652443408
6229807741
6028410563
688572326
1367053449
1107042570
683689872
660098486
788560024
1975351391
1907046284
1855872383
6183633807
5670658798
918409982
778578797
1703476174
1043715468
6160638559
1978265606
1480097379
1071578721
161024084
1920196509
1054237657
5265112772
834625049
946075916
800292791
5870730943
1884074930
5410118837
5933509475
5893784547
1558556914
1160449072
1450206996
1346030634
5724469408
1229443978
5864417257
1412973406
1785561904
5701955332
1331542368
1235095441
470574263
1528305559
1420135612
5541901422
5362811911
1142562658
1621436618
973975363
5025265983
6242574750
5666373380
1268892422
5634194116
1001818767
5573341854
6131732788
1880861252
861610067
1091323483
1343441126
6224222671
1316573803
2106470255
5690415231
5353979775
1672506352
5185496857
5232940225
331008831
966098331
1817825869
5220724682
1068617454
598630542
1610189226
1967269249
6149311797
482652177
1368690905
6031270102
1992647979
1085932668
5670815761
5580357663
371326072
750404673
703452377
998149840
1806078870
5974755893
5649804699
5368219275
1154012408
1899211837
1337737624
1207019894
1068305853
5430254492
1794983666
945499651
802858209
6232849049
5552395472
5708451216
5973032518
1952715056
2108143701
990731634
768942336
425805355
1067422217
6278806945
5187368189
2037197343
1424045456
1162093163
1323804525
1218016023
5222278854
941543217
1776004882
1800385715
1483481159
715059995
5821552611
1027174017
5766714897
1991920624
5386213851
5264504520
965553654
695461724
5023959939
5682063088
1232727539
1341580709
5013911449
2114697750
2143294980
1214924602
5193478844
1350843933
6044737633
887005369
1233852936
1679236007
5964041436
2019700839
891713557
1624152224
6114120099
1981311705
1363341251
2139402308
569019247
5004920715
2078293022
1012973132
5599617386
6109352587
1869073965
5598497435
1884088927
849064388
5448543576
1142600021
2118090873
1682006520
1439517510
142330929
1442680761
890509149
1270367444
5514089241
709108534
1191705433
1222943715
2099636887
1126517309
1046566888
825260286
1293069726
1111217386
1806788411
2011597159
1959102846
1727223866
6204565588
1691891277
818656360
1275555567
904954738
2093774073
1805037060
1229194560
1750165666
5732840971
1881199232
1336171075
1163707795
1172928719
2132298373
1188244892
5065733022
1942902224
5193046968
5066819527
330100356
1565376256
1090339322
653048758
881520480
1523757450
1227181310
518731332
1536874376
919026285
1054565255
1629895049
6043923336
1074591899
5354215322
6191800478
2045826289
1852036541
5951723516
1731434110
5752793676
6118200680
1517451210
1006410013
1503189109
1103593885
708906432
5444685980
1208432926
1182428686
880307413
614770269
789555319
1665934818
1834858671
841786060
5765090018
1546560265
812806052
5953019491
1409974883
1085934376
5970782776
5336642776
1120177858
1206663413
2124520554
1370617484
1230013174
5160211469
1516863432
1578271095
1478483222
1069071823
1216086934
5474510434
5125773499
6156981441
5148991130
5363061114
831357587
490372423
1811921488
603734837
1306298682
5583757356
5434956855
1463135864
5076041978
5048460287
5463476560
1803153566
5900568544
5257690746
5422974448
6226501767
1177910294
5615919252
5885598466
573351417
1233583044
6256490266
620863066
5114904310
5201419265
1129477620
1540728080
5819778776
1734884918
812332307
715908910
1827373465
739345688
2117656591
6220388779
5478522078
1403518323
5560762206
843007792
5376323003
5817726692
1879211334
1655702107
1139776862
1845951397
1951253654
5233989639
1882867579
1362557868
737005118
6036607807
1449099957
440688978
982321816
1430907030
1104776220
1380640689
5472499102
2141287569
5746115699
1114485075
1403081014
1785428269
275720104
5080068107
423350474
1543057542
5817539082
5014724732
5970972231
6024915768
2085329904
1820938591
763020714
5828250737
5784483988
1217455275
980607648
1808412144
5245704975
1749703171
939393789
5836297243
983038716
6269911450
1737131154
5804262972
1057356670
1804159061
1899438089
5606036990
941352456
5943102833
5855437098
1800955079
1841746128
5685276639
2092826695
980166724
5576933770
6067662004
1648450345
1879817477
1969254441
642436598
1482929213
5290501566
292257318
1267802024
1432005122
6294012895
868414064
1478323231
1560939682
1251986101
5934575593
1232647498
621891713
855482223
1218207207
1941287304
1266162500
5312590960
1494839912
983926586
1290871107
5807038446
1347752189
6145469974
5936934956
5789298146
1265173085
1148044389
1538278408
1783830264
1782160236
2132181978
6001226947
197196107
1359592005
458184542
957557513
2019793826
5219062286
987169616
5151853848
5643650468
2115234855
2096151353
1806347991
1902984554
834920057
863502720
534815902
820049459
5057463648
1279383455
1755529869
5068110940
1420156627
1345747629
1397142156
6259432657
1416282179
1135740813
5586502622
5520239352
1386774840
1085628504
1629030047
6098835713
1468327649
1004256652
1399566587
5247382773
1738277501
5999315167
466965800
2045379910
5755696041
1336516877
1493987690
1287280801
6118919953
1839248816
1486551305
1343872062
1481209381
1350956790
1573695682
6063748582
6153430505
1380231707
1292890668
1029972375
795542085
1895359743
342107204
1709890821
891547025
1555593233
1780294292
6121286390
5153820848
5741233043
1321799461
1444466996
924222646
5414098764
5000669009
1444180001
1049009117
905281458
6156063738
1087337228
5965298955
726511013
5398403868
1091836142
1069413464
886213555
1193142855
733348312
5448415862
5264223776
1831299213
5117746873
1328527301
1602597057
1193703260
1257820345
840900992
5209212395
5351484689
1882996019
844044412
5852893646
1211167826
528341129
1605087039
1915885939
802374644
1090353123
1477941980
908151187
5886669394
1313517508
530867145
1472016894
683576608
5571424430
1172315147
1836931127
5684472980
1561804406
1001102535
5128631864
1084818471
1775160804
282623172
6172762259
909933684
5266398536
6156579002
829468215
1355434926
2122280762
1699389223
1727780885
728285183
939546179
1226402192
5130467100
914368294
1331214704
1935405240
878486040
1359333359
1972667811
1321910178
1226201865
5460068420
903266887
917262447
2012867956
1943968931
1853697171
2087092183
5989964042
833435283
6177189050
5678792830
1279921661
1713254999
5522786226
1236329629
809431990
882736320
5482227422
6257997391
734824595
1741752563
1686249641
1132882130
1556595674
750565387
1916149058
894070621
1399276713
5667129163
948328086
5042209640
982675588
627416541
865215816
5039438151
1926220302
1058913212
1381251389
2004273125
751725476
1955062206
457374717
825264489
1941437472
1293136630
1098687919
758427172
6110847990
1009786896
978174146
838000281
455044227
622556864
5405482014
6293496674
926171039
1080391934
869628295
1290910061
1269798651
1903833821
987669067
1423318472
6095565577
1093005729
1458119901
640934985
5516464666
878829931
551181616
1134672144
1872073143
870813921
5999911333
886843889
1938476585
6087928568
5908634824
1081887860
1233812526
5718887481
2012266457
2127593110
6142870355
5663909220
5717792573
5225522877
1913083168
1825418538
1020797334
1139291310
371889769
844738551
1811933040
5203331213
6265888772
1458532650
741091626
720786535
870513979
1032955077
6071575611
1431660515
872229120
5832577610
1981117089
778596320
5740871781
6059567006
1267967303
5396094094
1006377326
5867567383
1645662376
2051301607
1911623665
5091764833
5700229670
785077010
5842840135
5531701116
1278412024
1867927851
1423883717
5616341887
6264602394
832478113
5073476267
5109604649
749686873
1454739169
1950429461
6178891074
1128901805
1927203473
877558707
890166513
1746189320
5165828511
907219824
1368675101
1304805860
1051176183
1432804964
1446770082
5766963635
5092178621
5475257528
5051667242
1199182429
1474586880
2122396666
1495316695
788979223
536303119
949513647
5273268878
368298602
665376135
5975392633
5325775285
1312074674
5137873773
2074137426
366806480
5372727018
1250086069
433853994
1782121476
5555388531
2023007821
5982503441
5469418227
989878904
1153395906
1003297925
567941850
1716806208
846880777
1309425492
1068000550
1213620831
1161367272
997896440
6266908827
1175473685
1817479945
1802645489
5520310638
2019378896
5045772697
1041219586
1228473432
627575263
1408339443
748747694
2121025984
952412059
1157974105
5474889634
1183402039
5625077394
822014805
5966437589
1485775459
5791911346
2136865931
5358705049
1092150832
5694002339
1061039120
1753456142
6288249134
1325299018
5558688973
1123199178
2141089940
303466139
1050129644
856648470
1842098745
714312595
1623388494
778207074
6247292084
938060322
618823999
844271001
5993751737
5668540850
5627495645
1797809289
630311467
6131579157
5054707551
5066696960
1979885927
5535593225
6167057142
1743478736
5094989312
724591512
6073481379
1920456611
2058870369
1940780403
756381693
1767994485
1399210218
1089987874
692111868
5971534506
1489245651
1440933293
2052342531
2021771625
1074364819
2106651785
2098643429
2041928247
1741663062
6287751118
1052086867
1241433883
446710195
1735568699
5421088099
746318760
454629312
897283064
2020810829
703745964
5096360089
5656062349
1226668813
5559756529
5397489607
684017019
5625931371
1445800088
6185336979
1631708173
901712873
1760979098
5219390082
1934993733
1647745255
5609241643
858623607
1675235812
1038356695
915868801
1641967775
824612703
5681754183
6005972919
1741867462
1985440520
921706018
1475581750
1746859921
5386047190
5019258756
5587988981
1188899261
1787060196
1333850886
1179700973
653396827
1948478957
881659950
6170422893
1291026493
649160423
1219667467
1099519825
1140860079
1054740760
1991522495
1401066440
1180414012
1849594116
1061249321
1463185124
6249047761
870866817
555698386
2141584268
1212029100
1145654712
771439961
2074288051
1086975467
898870247
2145130123
6136368247
1717195782
1409707605
880918263
5816508568
982408158
5494923590
5323261806
1768574443
802727675
2125437558
1733212751
6094478772
665740511
1706057160
6134984018
6184267640
1494094618
900341888
5224883510
2053693949
1722821374
5173893443
824614154
1248847676
935299337
1081444907
5353651103
1567919578
1371772878
919123062
1951528547
1419007570
1021430068
1749220646
1455688571
1817965842
1782546331
951311351
1019122755
1203044424
2001766601
5608840670
1615195895
743027417
1058143203
5586172081
6246027538
595728989
1721672097
969167661
665543511
1704332190
1005860636
6005325657
5849049259
1050054947
1779328630
5907287374
1815100460
1072711587
1362025126
660037967
1323307490
786006610
5909169321
1797781910
1226319900
1601194643
1312619293
1448787421
646290203
5275401770
1989635774
1338029126
5771938042
595026413
855067604
774826043
5394802937
1388727524
2007652065
5560704588
1944366616
831446975
722418207
976324706
1000384552
5750238258
1766289598
5681607501
1070322839
2031260219
1100220728
5252684192
1927213635
1511301498
1085892041
1601044689
5449083315
1994004943
1478826763
1162322831
623913748
1253126019
1856238859
1005598019
1912608644
2090164621
898319878
970207410
5223487284
5426010969
1805479934
975648439
1273828917
1072352672
1926857995
853961932
5420860775
2024784149
1385741740
795902828
1056858324
882797797
1024502425
5122736816
5613228700
621936864
1767845520
5075816860
604970421
1229723298
5126954377
896260058
6230094282
5019770682
914324279
1676826883
5005982653
6116045854
1312922505
1536654724
6210916023
1273224155
6154452664
5578971138
1329641911
2109174437
5548302873
1377541511
5200591858
535419782
1418693145
1710897988
2020605779
1373587182
5415835950
414616244
665237675
732266535
1849483501
5558946790
5994706598
991878015
1182366246
774169626
1694423719
1959874636
5634275968
5702486532
1903143196
5605423837
5282551901
831558908
5183464787
6010879917
1124928226
2120704440
2072554267
640591941
1018062991
5952358097
1353395186
5149065661
774021511
5494099807
651698207
626708852
5363357673
1489714131
6798594
1294086036
1656240609
1986005537
1388767690
1396556964
1208987775
5165974988
6048973859
5976449405
5527829955
960726668
1053250582
934650919
812146140
5198797786
1275654734
5000048515
1254512847
1211804778
6016257003
1989480130
5965263163
865413377
1750612222
1230700881
2109042451
247087063
612971058
1313845278
1784930086
1649239274
5690115120
1912131970
1706426335
2123432057
5659773458
1935070149
6287775178
1943542042
5409036861
1133459888
6128268913
1204985258
1936400793
1821240003
1183434024
5755785089
1794514368
6134568926
1712255901
2030151980
5231021720
6002110679
731577914
1988663982
1250640478
1299144182
979291308
1652861355
1022347700
1155928163
5589110337
5778441388
649589526
6190706962
6071165189
1350732194
5529503987
1298559051
5071740985
1353651742
789573131
884804976
1021299467
5037690327
255617703
6134346924
1267735826
1477768217
6021775683
5764818894
5086380557
1613847891
5110328754
1073723654
750321368
1283566164
1440283105
916309765
812602700
5622835938
5932889002
1663685906
5878215240
1410454354
5432086198
1307407232
703712481
1653300290
1767087595
2014112533
666096541
5874932788
5251878055
2143872735
5072997112
720155346
6115555795
1746562334
6204826505
1402668667
6176277279
5257954557
1015979165
1073284088
1457677266
759635958
1394302112
5516172847
480892742
1029299210
1463711338
982977578
1935429207
808683048
1648803065
1745150214
1968671443
948214195
5098131706
5687098442
1529725499
5308349725
1761823434
6231990864
683501587
1214923948
286408175
5456382545
1580261362
5644728119
1273227989
5976418186
1486124937
814134013
1267939867
1900242843
6139126045
6025375443
5860791660
1441999211
913450339
2132310890
2008639219
5881821019
649524207
1164199689
1873458812
1085855284
469480202
5151631184
5711286256
1299515526
1408086600
1540006590
1105178085
1987969869
5765003987
5253211690
1248553904
1956428841
5200923337
6208831598
1546206882
5749332138
1672426150
1255074302
5013210717
807176685
5285100949
5169672513
6079836205
642730585
6153795153
5144812582
5360605314
1233497956
2097807765
2104805842
5100222484
5389738098
2034799177
1835194812
5928466931
911427680
1718010755
2103325633
1145566046
5590345845
903137725
5296754283
393472544
1120854655
5081956399
5057495675
1411929626
5586483915
1772116019
1326454991
940310719
6238744603
2095944107
778380239
514731363
1057338594
5010147482
1174805938
1358594720
5597150110
1385479480
5860930454
1298984392
5276164024
5791222454
5465041923
1099492721
1716748054
1501150021
6133406334
1271851808
901016612
5681255045
1329615475
5508807325
5601917543
832334602
5597369156
5878365775
5392686289
1434505724
5177775883
5632310110
1361677452
5299651899
1380722794
1151096116
1155487050
5611493074
999406227
5985951093
5237996754
1120366025
1184174392
986981288
5805389428
5692734323
5159637639
945656798
5432955726
5272758550
2111117575
1989109640
5899096355
1970253838
6260283835
1993205038
5625841910
5366260483
1290378409
5828564874
462091770
1463334861
1132227427
1122776833
1072391387
5146306720
2113484630
2094860720
1070875042
541404634
5436421480
171466137
1922054903
1923554303
5242049409
1838057647
2025486995
5898142135
5699410457
6253431807
5010596138
1079983518
1286950442
5321302987
1834345191
897240932
1233132858
617361917
1390818331
1078823666
5101061366
1880501715
989876876
5386146253
1948271784
2026645880
665677063
5434194263
6258534635
5487147608
5522037800
5182308663
1468025399
1761205842
1354330137
1080799154
5621148335
6170442920
1451185055
1727850500
2001739006
5240664645
1196601014
1152552148
5870596660
1839697510
5362693703
2074705090
5065811512
5119707234
1334057007
609481260
1738226920
1849623040
5490792269
2044313110
1865046058
1550996461
1030105637
1221636470
5826985045
5974416336
1937176822
5592734100
6129143994
1985636192
6160020985
6178798112
6848956
2080509536
1442230970
1084250660
538421959
2030829809
6115309260
1311406987
1740969722
2051288562
5636365268
863860293
1343935986
1472702688
5599204514
2045551064
1450151501
6152452225
847746871
5463128896
5445625788
1283332581
951377681
5256564182
1620207928
1331408049
1073394765
439108167
724493063
6175360937
5168330895
5387293428
1337062702
6065892913
2131353198
1459035981
1338000025
814700019
6278096710
5265566926
835772778
699638046
5742724926
1322918187
5295306676
1356302506
5630050119
1784382590
1173236192
867999079
1599907234
1901563417
907233206
5481331118
524608381
1364560557
1069693462
2028343593
1974108778
6075852211
5095997155
229167474
5225053689
5185773346
995151269
810455454
1071515523
5796808739
2058152666
746547357
1288019012
5457895870
1346511098
5442683928
6178722683
486010758
6209226089
5997948345
1680558864
1444927045
880035219
760669963
1590824251
5860783424
5495230939
1236636413
5006876733
5062834860
787563716
1690155489
6278351906
5572138292
831679331
1214048865
5658065740
2072829443
1123649768
1999777321
5708667407
5724453825
5425031735
1240361918
2052677969
1010899142
1390301826
6031635210
6006078740
5567169332
5982662732
2085447719
1351455813
5564932590
1780192312
1013519759
436609505
1952747837
1113740175
5154318080
5602583022
1419469713
6176945099
5703007530
1817441659
1178538926
1686155154
6158424413
5594205707
5091704205
5721808615
5825143104
6172966765
1126598159
5952582871
6233628741
1098598870
5511189333
5072464936
1103514260
5441166607
5826486493
1714572709
5500312925
2005995894
5858829121
1908410955
6094949003
5705236277
812156263
5280905986
688711141
1433513001
1512750331
792790120
1180998966
5222731516
1460092342
1978965917
1421200842
5450631015
178079301
5542358376
153926182
967072747
1394856490
5594739517
6128890882
1979764179
1296170111
1869491736
1438345024
716528225
5977726315
6193958413
1974183999
1975709320
1631524925
2114712963
1236372394
6244616211
633000519
1878114884
5384815627
1261495960
5839478578
5483893395
5019956234
5088758924
1941759999
1324604167
1661546321
6158575211
5908489664
1439324410
5773071351
2051092121
313102698
1415903724
6070786678
1988286144
5596135108
1865642549
1979046303
1760468388
5863410146
1971327760
1433331349
5640486618
1650618310
1385930534
1117962074
5590082751
5297203178
5141569079
5419292115
1940556513
5378229914
1033494604
5148539022
1890771510
1441402729
1829452059
5602448534
1000682268
1410560387
688548057
1875300292
6231627192
5217796634
1321090828
1157226649
1693947399
1886562487
1230296552
1855541906
1147064831
5775131846
548204406
5915619191
1779234846
1195190437
1923938211
6097237669
1722855633
5002615230
2115070880
1879972056
1895809058
1563936517
1578913333
1284119447
1559489189
1070287368
627178103
1685731478
1143502159
1818898391
6234053690
1009348138
634925532
1941147308
1714758419
1408646923
1094739428
5964624972
2080657182
2002504574
789712583
5369510890
5217469861
841845592
1899389670
5241965551
1699890835
5589267172
708001761
5814132299
5751273388
5890101986
1963344424
1456136512
1827360317
1619784142
5085398054
1791289868
6124298115
5459487658
790028605
5184154916
2037979970
633440132
1079949388
1875120697
1687678737
1569679968
5151138663
942748189
1760760456
1065944422
6243534152
5696954806
2021965958
1405933767
847790704
1906265936
5414764402
2080076435
1919769982
1567558491
616850176
2007584489
2017173055
5469439957
1322504792
5046836612
5030397553
1462518963
1032973588
5198171961
978282042
1551590371
6254744060
5100316369
982965357
5933684403
6086021729
1756589757
1004661530
5162581238
5125979921
5812059015
1241536638
5256277858
6271872252
948550337
1284350421
1765696542
5212147774
1743228048
428811106
1586129963
1227694686
5614385610
972880562
2106671021
1698443125
1975329181
2003427259
1637977639
5783661034
1189058424
704599069
1485099126
1212688442
5945776126
1058863234
6232981595
5138138121
1782342371
1994409986
6179618058
951335113
1404582588
6039756814
1085270280
5738139038
5611475206
1232248230
5490196800
1350109032
1199504060
5527117949
5573006810
1479602953
5983833544
761040073
6036436129
659378954
6067465354
1128248578
2036819478
1489512862
5794170162
6002979307
1812711183
1013793861
1345557876
843959684
1295559633
2074011210
5682392396
6192635467
1970624301
664744289
5913948387
5462440533
1367415168
992505385
5658779430
1627672488
5471285799
749659950
6187781659
1429513573
2091890781
1059411031
1769104096
5005555339
5862187870
5223943214
1335041191
6277510634
643323009
5197790807
1143532702
5999906204
5841318041
1349385255
1412307079
2065376827
804504700
971487371
799800326
5490920851
5214892038
5925438948
5007080806
1224021788
5764023779
5627086175
1456894094
1936638691
908588046
2028843239
5563080042
5236896581
5688369976
6095536284
5623223221
1801414680
2109023385
5855933411
5890606255
2110817394
1051212178
1642033335
707545813
2138601263
5771374984
5467927626
2088365074
5020609030
1955052799
5636631168
5144443133
919750016
850881642
5250129954
510624406
1771983536
1630738766
2077536401
6178721368
1802802641
1378249185
5413680332
1090720677
5784318589
5041218801
6083244181
5669646130
2043256324
5836222144
5694160940
1999287711
1685106982
1170291273
6052657141
972121151
1493882599
1306438871
5320247142
1840054326
723361501
1461700450
2010151569
1227904567
5130693884
1182265510
904283102
1309320566
5147615571
2024947167
5893663283
968679450
1979615101
6044470308
5200589153
5909146995
557145558
5714721384
740030211
5469053039
5659217366
1867532536
6046676816
2075666630
1416408269
5278469475
1110061589
1084007262
5386705567
746464014
5497742166
1806045942
1283512056
1310387190
5224250668
1329028518
1999738587
5514088238
5821343635
1737247958
1857985731
5503904141
5653294347
2052760441
2096288995
2127825921
5169974980
721504134
247159427
1620046600
5168614585
2031516018
1820368163
2079404684
5014218625
1344214593
5194656429
2079225917
6006063841
1277894670
1227287116
5066875250
6114923549
5050670096
6204355192
810907481
1829990451
987984595
6060518971
5634898961
5050919169
1595012656
2131732817
2015223482
1484727757
5348906733
1715678965
5261997615
5179198582
5717922958
5385047355
1929438505
2139362492
6249182234
1986967880
5682953641
1103268211
5600281939
5630178848
1947779334
1462544905
5411655332
6251054502
1831712149
6111607945
1184079576
5061757397
2055584539
6002432155
5014404128
927478104
1036664890
5758717757
790044677
1850946337
5892780755
5435517746
1515603256
5405210931
1887386294
1187721657
1250784976
1906894539
5508776492
948044785
5565763628
826683617
5578141455
2032566569
1485098754
5182782667
1290379285
685121651
5455986336
656348477
1827264147
5456777842
6151576496
1690417248
1606953384
809216582
5175932718
5550621315
1489641359
5549530172
914489592
5243938986
1691378138
6100259650
1259387995
5406419448
1194235336
1012927706
1490097800
5788184781
5367730323
5500627288
1018465443
5679515558
1109933625
5656629493
5777264732
5675413451
5519979035
878182947
5244453907
5010370001
1279182368
5723990272
6162068555
1095060323
5440383505
1726336008
6175761286
234343635
5253494033
5280614025
1209811906
5761915490
5778934695
6182158017
5708607967
5097965507
796739682
5904965533
1455856988
2012430791
584140535
6130117780
5925712048
648555428
943335507
1911127367
5587887683
1601038505
1396752443
1280417223
5860926803
5229818837
1498604372
758680441
5718220933
1164400418
1447443461
1939982261
1187889222
1318665933
240064724
1153389065
5360234530
1942305405
5396368193
1225767616
6091837811
880578285
573769377
1163893616
837869327
2097495154
411682543
1313825818
1766609322
5705815346
6291431455
5616564622
5361632470
2074269070
1832585359
6237582759
1780877828
5341649172
1933549171
1709478743
6263883633
1696242911
1272425483
1225648379
898357304
1818994071
5567881961
1767325342
5471036598
5068284577
6276792589
1287350568
1710123069
971254844
1478408530
1444126847
6035211121
5598082902
5929465556
1261534648
5628643978
1728421041
1347089489
931872567
5361528425
1026819685
2134683194
5197309024
955667771
5827701347
5027016543
1357377676
5872979810
5695894993
5438011912
6066598011
600127449
6076127984
5898062145
1917011248
1539125946
5022699212
1778666063
633183844
1426485612
5220690493
5329397203
5654149630
704261295
2079561385
125379050
5446680773
870874194
5517390662
1612157107
5493341021
6098733196
6243484401
5754528571
6005474103
1129210596
6019429056
6293180714
6220049860
6030120665
5216605013
1458304632
818655205
1537362581
1495326917
5272808127
5032008267
5845943570
1306237630
1542960370
5229486570
5656349803
5920304258
5038244174
1682656304
6052209413
1985421564
1946450728
6056949673
843027675
1482425203
1364546019
6236760571
2057062894
5014095406
5219820678
2001596302
743452780
1789649052
446548701
2041752337
866290540
5044520061
5312026782
1117627830
1739008847
6209740171
1460415731
6152279397
6095631172
5607545131
1272682538
1341268344
5310850804
1430720062
5442859944
5577692127
1448238200
5329762611
1477233925
5630395457
940058069
1546393552
5517378939
1591913391
5612922653
2016754172
1712554710
2016145302
1148489388
6044522387
990635698
5883781224
5468773156
1425465278
1365459559
1165287027
5026471757
971332878
1216783374
5383890181
735365732
1373732058
1112267180
5290695370
5147485360
1874551436
5079905956
1406789096
5434081992
5648766780
1212563372
1046917432
5544521275
1253435747
2010087042
5128084797
5717679458
5592475199
2112891103
5987798084
1043351967
5545981482
2075141992
5893578733
1697710781
5125280330
5382642431
1272082095
675813453
947342889
5203496247
6083750521
5300070581
5943083545
5861372964
5853861369
1369480847
6266231990
965555385
5578824039
5558167444
5327042404
5091196484
5715380945
503942061
50204232
5010722457
6242336883
1861139022
904129547
1646298214
5475098771
6126299835
1750735447
1907392510
1262337532
1262492683
841376930
5331541428
611371329
6145957833
813644889
1410442315
1447935135
5624427698
819595888
1364535951
712056871
5816652156
5098158836
1324964493
5611959430
2036313222
1013528678
1374063912
1477387575
5917124325
5979144579
5322471356
2144426621
1031789194
5786422453
5395683558
5412782746
1905600193
1484381158
1203247620
5713261650
5714025231
382195690
5529782544
1776695746
1618460662
1871442496
5505498070
968460937
5716146115
2027755868
5707817847
6073936987
6113767305
6041176143
5416795145
1946392750
437012721
1457400163
1878687570
2008298071
747325028
2129616421
5240965831
758159762
2028678772
6201720775
5215566817
870922469
1605111022
6161662392
853419699
5434161430
1334750689
1127162797
1606568932
6188603475
1986841086
707002021
2097210530
6097619672
5642840299
1430577928
1648863202
5005264606
5472531043
5569724489
5022067962
5041838520
1941090049
2017513545
5124577635
1493117358
1433553693
5846949222
1260269165
6215899370
1683984491
5377813659
620327325
1360413289
1603999952
5648377787
455133405
1592823849
5454743367
1458093745
5863791275
1013985355
158963045
5316132243
1010729446
1129163223
5206809336
5858490991
560044084
6296857524
5867333811
1312279362
1162312090
1917922746
1501134702
1289222201
1990617153
1506580502
941096375
1838449497
6085099557
5093423511
2081055554
836564383
6266347169
5798673213
1442234538
1678739625
5460054315
5281567223
5378408745
6166982715
743102135
1699231981
1257236383
5897354945
6008315554
1650899635
5946655889
5439813262
923663237
5915447648
5626035870
5773119097
921644988
876889134
1480093829
1982711954
1636242364
947038354
1212122594
1682701090
1002449976
1491276602
1493434087
333510170
6207564191
5345922319
1101952785
5367926087
1120364804
1409456498
1996100510
1843801960
1162014616
5764689337
657948918
1476243352
5072201007
5341755739
2013312080
2016096931
1931183581
5072514885
1815053057
5426386918
1857066390
1295767025
1040040968
1432877020
5974302793
966700953
1620006410
1077482080
1028771080
1053032953
5906673657
5965571796
911404670
883483194
5004989761
1179732694
1639938771
1493055792
6168329911
990710161
5814715348
1741116968
6156511029
1198317008
1973842902
1108116563
670732108
5172765518
529135693
784438875
1064074333
1345278889
5713179878
5007863789
1096754695
5427490501
608712277
1978647562
634259988
1722707564
1204414163
1733669871
1364110734
1947237862
1087925079
5515294516
5930946411
1089806411
2051085239
5477282969
1697533142
5874536653
5918315477
6231835611
695615704
1519252524
5428585750
1926149371
5213608273
1306782023
146199993
6249932350
1023230684
1004143058
2063829514
1493497890
5953991822
6255169922
1281670070
1636284440
817513768
1789435928
5871541548
5311927692
1863085570
1056903404
712173902
1993460417
1279521456
1193690368
5542260085
1599955421
1540954627
626903692
1842758066
5588819426
697851313
5704593906
1757577614
5292474168
1888463511
885274316
521810249
1939864650
1943791258
828244809
1218539997
1027979532
919882117
1828824627
5787666858
5215919110
1130430652
5470518069
1264336080
987471832
5612587621
1193668355
1688978075
5842841785
5712833930
5053553415
1086808214
5508812516
1377378662
6103642887
1198365866
1523417102
673520449
5918613603
1964371982
5069903813
2087131733
1939501397
995995463
5209858222
1001873331
5802862846
5398798171
1411126165
5943112544
2135607569
1515106935
1832283134
543383453
1481174147
1101682043
5436086041
5004882132
5727841822
5550574223
1812326764
1285328205
5849143392
5927760278
297072998
5075562675
1121138400
831750864
1082548255
656781407
5004897950
1686944410
926525841
1060055452
688114176
5657387720
5278800403
1944244785
5906928957
5339916340
1226831636
1062018506
1605527749
444853751
6203620342
556215470
969652347
5225296526
1638122899
1767341971
1338306039
1628743247
1067323345
5915429952
1977866013
494734630
1195144393
5263455327
5360056219
1329333472
5688705328
1716077727
757353434
5499515784
1889370749
911744334
972468658
1937951159
1748262262
1353662503
1333263249
1528327138
5528390100
1528519692
1694085796
5923895026
1698143978
1824908851
1419569326
1817980123
5783364250
1794186480
1183355580
1456836478
5165563726
2030459043
722747175
5593311802
1798710819
1907583612
5403090676
724256760
633235221
843243881
5979927931
1362273776
179370907
892253777
1674266388
1456430512
1063004907
1140489748
6048205026
5866999471
1761355149
5710962639
6213384912
1201174646
5789768833
671430067
691510757
5184520504
2071287947
1339589543
1391999388
799924130
5643851901
5109447298
622736331
1529538274
5019018248
1114764675
162072110
1837432876
1923796501
5433807776
5209424211
5740105004
1721861405
1804531840
980788159
1860914151
5288902071
712582687
1483907810
5652823041
5668833472
5995159849
1322602510
967559897
1625151036
5992647495
1413144927
5645388408
1189382254
742183296
768206066
1878781967
1897969569
1086626692
1355158066
5577788659
469813486
955514166
900832621
700651368
1822437444
667587529
2029126650
713432695
6213879190
5372011089
1076421728
1461472319
2133174746
5264673107
5590703026
5577689081
992054127
5418087389
1610882903
6000287994
6278492465
5427708974
5580725159
1026776120
5907519330
2143312270
1777279938
5414291747
1272967076
5184068805
2024584199
1090312098
6137759853
1618471216
5329767686
1226249957
705421026
1359177789
2114198611
667057793
1028197289
5554300075
6149381338
1631727940
5653687153
5633428334
914198295
5920211039
5437263330
6298650103
1434325687
2083562297
5489451160
5438795606
1399494201
1265550683
2135876815
909384689
6097882635
5941808932
1916723757
2103903588
5662467881
5975265867
5076936610
1386672947
5989338280
1335694670
1679058801
1174132314
5765861685
1754720861
1103458719
5418869009
1690629863
5398909871
1297339396
5341500948
1580645016
5882916808
5430898950
5731595675
5994268236
1711361336
1460486344
5442542812
1607713300
5175097693
1841849445
5030268024
6138278414
2024394337
1965205229
6186544902
1255953030
5144615723
909757416
5997765342
2080422284
1813075790
5093136558
800597869
6018128967
1257354778
677922989
1338532600
6013057702
1288593506
280705823
5745518104
1812725345
1251304555
5233261785
5521364431
6243147097
1383400131
1251942223
2141345013
1305735421
871522105
5206662525
5703919035
1254226356
1301732884
1704715715
1414737982
2014396768
852736975
743104768
805632360
1495359658
5271811610
5039068319
1974330512
5506388341
1613277228
776997938
1712662564
5229961974
1439304988
1297434436
5407596120
411966850
750455486
2012732888
5635444714
6199311505
399410693
1344159634
5305490159
805347850
1326877376
990323601
1849040806
1871596889
813827104
5137907656
6217330526
659492613
1159095267
971471354
5797634076
5436056478
838720210
5564399375
1805661046
1998682721
5831243094
1312158280
1160933250
5835580631
6070617863
5644251531
6268662427
832862941
948270479
5623689751
1134733882
1689057015
410414510
6135157528
712858611
689622717
1254593467
1237590390
722477428
606230585
1836061517
1108261025
1223102270
672770305
772518091
5529406806
1683913645
767839071
983302327
5110048344
316411758
989428495
6147188288
5217027067
2127573925
6187083925
826089919
5006826646
1416625024
5601902524
876412350
897050617
842266876
1792565192
1665005742
865507387
1282749971
1095281732
2014184207
842604207
1932903571
5399744760
1598422351
1797805930
998339587
1330599651
502833488
820222637
5775729601
1138833990
5570650500
5808193395
985030430
5842565091
5284665343
834747502
1779112640
930978813
1621668136
6008333737
193514860
1777615305
902600673
939120038
1372935701
5119126387
1218924725
1322120266
947746419
722752359
6094653075
5613248511
1737145872
1501587057
523860821
1447337898
945416874
6169190373
1600057810
5514313799
1759092918
862822439
930379381
2081992239
1059664806
2024239610
1087391531
1172575100
5663541512
633858495
700507268
729264398
1350938717
2085858302
1987747800
6075259499
5473677719
830500155
689344803
167377913
1885304577
1321077199
5404627608
1266509784
1267377546
1069389859
1622099874
1390099011
1242109054
1772552757
665337710
853747639
731149285
1344485218
1406935690
5570940531
1802513337
845473471
1898618087
6269248828
1340534345
6012412240
1628814257
1080356725
958161613
906212077
830215100
1512917731
922052351
1604774341
1868500065
5131749313
1466057498
1486902451
1642031458
1706114200
1336782594
1837738806
1281010002
1669624277
605360035
1413649380
1731602904
1809434101
670783691
1121957659
256915408
728011056
335197367
1235025627
5408750178
784047486
5075726817
1540940770
1959201548
1200586322
2145660052
693103154
1022243850
1784936446
6114579969
1808825049
914388982
1553290647
1117388703
687339830
1338174575
5274394240
5867916194
5793750771
566983484
1279291562
770444247
577822213
798110923
591570112
5828810414
1711475597
1642323047
5148891501
795379692
965732205
1081847583
622785009
6220738221
6083104375
1339481796
5823301874
716603674
723770470
696967823
1082425752
653344726
1249420689
6150481508
1081230348
1080996994
1844705534
5954605014
6110002325
5936618730
820330617
1190455553
5203952973
1343955128
703739071
1027064629
1473812432
5088169606
643693646
5326857121
1416123387
1252581120
5556585872
2136925862
911765605
677331447
1943533712
675430700
293041594
6189434637
2122782338
914366183
800362823
5352642795
953528116
1452592800
1263651051
1937676249
1830250501
639070410
938393837
834567111
6087436756
1467640055
1156212465
1381034788
594508629
781701977
1168468406
1819339792
174240157
541952217
1348150029
53649641
2034785250
887474858
5342576178
1088423922
1338273397
1294909506
6245511793
672241508
1435828260
5566891527
1778636191
855139669
934692241
1079365658
5111671886
1410319027
1124142413
5570549471
1007701382
1836607051
645548325
1624183817
1274891565
762306289
1318940197
1168944347
2106816512
6133334068
5909819110
890801434
1014882280
1931734652
928969310
918545125
1115613316
6061353994
1236427749
6249542678
632325764
679727326
484329290
5918567759
655274482
1263360627
1431315786
1325850551
830317295
915687123
985262653
1209743574
5173884186
754232720
5481231159
1163229569
865206727
1271867240
1128000416
857853070
1642061944
5498488069
629970941
1332167865
5127568742
813530744
5300535833
1352036584
1565621983
5087933873
1381367397
390505704
780237525
1167344845
6130589427
881327560
666868685
1830480376
914621168
1831985201
673338150
1695559933
5259384053
1924839336
1074794618
2075104560
5131747268
632195384
5426509118
1770263444
1270824971
886554550
5038256270
1491958339
826597034
1945838454
5308630302
1740696669
1539772469
954630888
1737886900
2082753889
613579831
5751272016
1386094378
5915610218
5015713892
1477717316
932994925
956062291
1237849541
1739198868
1724554080
1169967314
857467616
513848156
661340687
5255974380
1360674628
537414390
596869699
5598248654
834395857
109774531
5306459261
1283596755
5926466040
2104723715
5093074200
1293385039
1143477265
1794126944
616676518
745723787
1018925422
1871655895
6076470761
5975985696
1971079772
1707621838
1385869060
1127482480
5389583044
1449516725
1978997821
725412982
1147576624
1190839779
5862256385
796739499
724758563
5311275821
5172491412
5943878139
861179283
1564214932
1612214304
1439637947
1689253620
1461564277
898874668
1331666250
1984353090
1909769696
1933351923
6128840652
648343787
5114085521
1860132911
5313566146
1123947819
1969710898
2125685001
1985821601
1039791789
5161704816
1052154527
966889107
737225648
1876518639
5436968943
836926632
1746849381
2133182828
5628715279
6222556388
1086952920
1313675029
961277680
1898420181
729122149
1937605633
1351708083
805812111
846710567
1309283840
830486971
1672186202
751098451
6248403780
5662416271
687752277
1780491056
5511860397
509971356
1087585661
2134347254
1036254155
936262676
5508399466
1678452466
1428688264
5475356717
1346202982
5501222580
2089669943
885574259
1393420922
1819818568
481642309
5045764229
5951680333
1974375195
975547845
1461693082
5452281536
778917144
778917144
1162351856
655307929
1335237585
1259984772
1149501039
6193703309
1829797557
1084375438
938697171
1034536335
5564378440
825544960
1859479256
1352458573
610616833
5340883487
900532440
1367191935
1082234098
1620515523
725106360
1497184390
5860686724
1362127534
371053180
1325632096
1359528765
5525535491
1984740366
1309625475
1938368252
1781834638
891474803
868548677
1381149156
1393401589
5318459902
5213488873
1247916075
6163698468
5279193695
1037239612
1817518355
1238315414
614211180
1810448738
871849372
852776391
1807459004
6026439390
1744832695
1148381532
5658212597
208693605
826179631
1667255603
825874822
1229775611
6145887678
1323490434
5931793247
1411340702
2005085038
611466014
836195215
5386008626
1845332184
1651422867
2015094716
1724082032
1044538007
5086960877
1155918277
652511852
5776053130
1888620904
957619092
557850133
5887389676
1303319429
1276829509
1375039077
5112100390
5799192579
897195934
697949938
994336868
1738654657
1568274442
1240020284
1269632850
855019546
1716731768
950546402
313793508
566871200
5701205040
5516620565
1979732388
1177123864
970159744
5540683380
1422226755
854670193
500047320
1836716091
5451717150
1779051135
1056109360
1604834390
1368705948
5224420655
1386375013
1206646974
635558464
903526020
1596276019
534223226
1902665519
517007107
1028672081
5660033241
1991587269
1248510037
6054387875
1352590772
595298645
1114319192
6008080940
923445434
1254405240
5172171935
305592101
1464239619
789431430
5554756519
5796799905
1943132327
742473284
5936180535
2037717519
5934377686
1227570180
1154322633
1667182302
5599081280
1994678760
784194179
654548611
1483028303
1789698018
5801134893
781673497
1959148983
948184895
1631450202
1240393171
5445182137
765649807
1144414218
1275868991
902644663
721103373
1036291262
938534643
5640845355
2005643122
840108379
1172969032
5102560473
1344096581
5600861827
5948926032
1256760907
2128971916
6057462581
1382699578
818104946
1146152308
5949944590
6181581084
5457356709
1071056585
670982141
5841978370
1061138864
831973157
6215819284
1786255415
389683991
1183140101
757704214
1925733618
1345546507
730364200
1392984521
6153105157
1548115867
318496
975069484
5349224407
1713761897
1674408139
1386575545
5680509924
888732864
5111844698
677552867
134338828
950026228
5434402535
829458826
728960722
5093410816
2084866466
887662932
1771101637
1300222976
1933062351
870230868
754537086
1442571325
1361532990
1311830297
1872904159
1862964413
6011134188
1191185169
1741560665
1357450182
859076182
1585306197
774474032
5848273219
1739930391
1091050357
5039163595
1375789048
995546429
1219553981
1263103397
963691670
905093049
1212207240
613364172
6248550747
5932750826
5380326680
267299314
1742828081
5678020623
1127151492
5253790719
1453340344
186963734
6240432602
1023517069
1013359912
1512633825
1932220426
5714357720
5432082270
761059086
5789776264
5499460149
1748858713
484091266
5288723243
1788705873
5535533903
717822508
5894326515
5023768567
673888123
710850048
866265052
5744612928
1212864981
833603103
988953565
6209388110
1708796690
5461441945
460287874
1111365312
6200756299
1070546314
5748333713
5775898795
329518801
1698415786
418093047
5632786689
5017925886
964953511
1717958386
1964606544
5750804506
5883184109
1770400385
1338088789
1972594562
5051358864
5902236456
2016494524
5321843147
5330355137
1082529650
1989507712
1054450535
6005134549
5364039371
866709871
389781141
5102656418
2054965059
441372540
5626077393
1087506898
4173027
1888399904
5593388800
1182768501
1415281743
1264903875
1270844577
1025585749
1809714826
5763643877
1897966019
6203929086
1759661930
58321793
6057174732
1282353781
196520728
783883010
1607918459
5605547896
295105971
6234113900
1246787605
1179508921
790668898
1790257379
1990713959
745845292
6080150390
1681726397
6015398411
5052767681
5677105926
5614998648
696019532
1297247354
1389740578
1106417771
355330910
6021353406
6114550243
1944418625
2093715985
1033366578
1898603364
5087696843
1141979389
1431584376
836296190
506497643
1761301821
1308866392
6285181175
1914436539
2121700312
1223024647
5667440228
1410975210
571691259
1739986999
786360336
6262488298
905794398
5896473845
582165777
1976149345
1840534977
2095512429
5312523897
1278231035
594597669
958875289
743724144
1197458762
5616763228
1117168815
1072835926
1731930971
685869245
5377679371
1766439166
5629550014
786813755
1997885159
5595181574
992117702
5669136952
1033935839
1673370282
1481055725
444585578
1384951661
1047853304
1658556018
781868726
1682587740
1054749127
948730436
5025745278
1150201498
6104156516
2089252924
1077781227
1007161414
1000832614
521387293
2043238944
1569542417
1519101123
779362356
193638051
1056263616
5384712345
699046214
1323328519
519471035
998561426
378746124
990698206
844566158
892249133
1291061800
888803732
1847691797
1653478265
812534535
1981950479
1000047229
1263394827
5459715223
813129247
116665841
1348534160
5405264022
652138538
255358558
1039396040
866200432
6273153066
515091601
1033369007
559443497
5109609975
1616499785
1637259682
140959708
1535151723
1770747524
1646429699
656460582
2069050045
964337799
691422963
1079270840
404190757
5202877520
966013232
1756188404
504796134
5578533587
956130156
5173042007
1101778754
1841848663
1679288953
1184175370
1988873461
2049585886
315926892
1457444774
2043772968
1440760733
5032728748
602653981
1332726280
949493407
1331321780
650776497
794975281
1498001396
6240272561
5051602309
872395716
1454801285
5041185623
1829078247
850273683
610780758
1405449643
1409721820
5364648325
1164950581
1705838977
1639368970
145010659
1590446457
2124068938
895906575
980976997
1874780020
697385093
1401584978
1828334339
1791657511
1782680110
1484476919
1750357311
1237471462
5072045770
918876040
1249496713
1913565051
5318575989
1007382575
1448484436
2004713963
5949981148
5697302426
744855330
6277056429
968142078
5618528982
1027876127
914228948
1073902938
1976695986
1952098533
1768470927
884385726
149298339
1440963783
1894649904
1602142968
6006461281
942467213
6212645508
1720925393
1255210181
684544394
561507513
952943701
1093347984
763971636
6163979674
5204923504
2078674759
1643150884
1730007723
2006568910
5806868315
835685181
1241788170
590798436
1331339961
1681895126
6114122166
559685990
5485235799
1877640295
972100670
877422039
856995644
1830855254
5695477177
1033439367
5651377756
1188616658
1121278968
884173959
1922093144
1027668828
619837915
5134799986
1782903385
1007573880
897935352
865286551
5728876028
989663768
677633858
1134099478
682286402
829173970
6030495626
657957293
6123286342
2115648576
981154009
5168645504
1977947007
1092501302
1862452685
1010632075
972966916
5457804047
5141623660
6250348149
900660885
1998432277
1796250430
948926675
856389795
1118128192
1980416404
1027776601
395579450
1311768852
1002494014
458667916
1531589924
5550425983
5095839161
1031013905
1887682958
1095057717
796574710
800317148
1341932216
1703216721
567409533
5400390386
310302272
1164004102
923916483
1472633560
654923134
1676114324
999306012
1369406126
667018518
1993057065
1488568876
5031822082
965196247
1017544583
1973487615
1980938245
902983550
932858284
5004382712
707986472
5128277718
1899448561
1969865791
1858169282
1905296441
916887032
5047114939
1186038514
1345057898
1135634652
811108345
1479572305
895732910
281206866
1945883214
6009210784
1131322663
5001753812
1490990320
1780590807
983076889
1314464155
2025524402
5241308584
611826525
690076659
934441064
1126883312
5431707875
993512344
5468111022
907288577
6241059632
764572672
1432593028
553265066
959917426
557080166
1143288704
1753200817
1239583675
6072504378
2063370450
1460102101
818971474
414349199
2041593447
5406504726
803815148
1745234306
1497678912
5274779870
5547382751
1749089282
644687735
5777488242
679609858
5776176173
5070854887
834815002
672019826
5885099270
1470664181
651321567
734476669
1123705455
5800091331
893004281
860048261
2136309702
1298641205
627939657
1899912010
966076787
911365301
1335102376
1160600328
1734059301
2039579208
174196668
1211543057
1637730448
5726225463
779722391
5569932240
1005893188
567569747
1220678210
724142612
5290691374
1422053500
5750445874
5994217981
819444138
1242497012
6222731378
6103956688
1494975175
2089869432
1628030145
6118272158
6180695856
5204374170
1250004703
855073717
962368372
723358238
5464389791
1377382712
5355120573
1367216186
806487428
1675038632
2043652864
1390484348
1056968533
397367518
1224835177
1253020691
1008444081
982211797
1774150786
1976528244
2052886960
1959529658
1302356220
1953483466
146838100
1616354446
6187112011
5715909563
1986702200
776746872
1345719074
1187961430
5775392150
1778658528
1438461943
868623297
5282500038
1080952938
5427947493
1389289029
747916607
932090893
1234728494
5152416030
1729491863
1810875678
851195671
1054567084
741197681
1358656200
1483851408
980553887
1823337709
5899864248
5326590604
363586834
1828223034
1713603841
1035619269
2107957594
127247408
1491118751
2050217116
1091813479
1097240246
1125915810
1013060578
803848816
5336635754
6180907764
1049103294
1061023913
5755937975
786240199
5546214331
1958503143
612161318
710654911
648909269
899741014
1731462039
1009259851
1378642613
5779810718
6119515884
1979491355
5136505596
1160346439
754233156
923663280
808038950
1118178411
1317344369
968787900
629463619
2054081099
5945315566
759139198
1892323419
397925101
1310954821
779394879
645003517
1332062238
1295714379
5280075400
1410636116
821562184
5914383761
1449865375
1483893013
1520334940
792557579
911721415
6259119492
1422021066
940915213
1257622403
585868701
5030282600
1099254069
5459234327
6114398825
1167740041
5555071730
576861123
712712564
1592156166
5395653777
1705419306
1893560409
963028252
439246161
5551137338
883603677
5993933660
5648312772
1286152121
5849361492
1498101308
1340099671
2114480068
1453400675
134342804
5475484365
5724386084
1065635304
1222867107
632790938
5346537870
698170890
1112301650
1739448008
1362807939
1448408647
704503231
840077503
5627410312
5112706532
765561002
727617878
5155357692
5506520894
1629676044
5409967396
160288045
743597808
674037445
1965249348
322279646
1023438812
1350767651
595374372
5757600645
859670396
1846073807
5030187928
5697178366
1632173080
674731979
419076295
1311438781
1466631124
1811469180
1254707286
1830912624
406784393
481635960
1408597589
1054529157
999155997
5088866584
665412555
1431129890
713406331
1369565644
1482295213
970276849
1055783288
1278734321
1108504472
5301929876
1982579922
5071497261
1615247186
6208929126
1747044129
961320139
1541197326
5647550186
1028274407
1119214311
1812424294
1433020231
5024106307
5614501709
1602614806
5104687237
2113775539
508227434
1228777939
1127979164
1729714637
1661413512
5175422935
615424817
721173519
6046691615
1631946588
2145852319
668427896
317428598
1282419177
787563642
1919900135
979352903
960705174
1809111751
1002448179
5467162189
972555409
2070456134
1353651284
1636061624
949406401
5275370450
1194913196
768604141
1852412761
5328013251
956057471
5878930212
1833212839
225519438
674484840
5618264551
1167323201
6109750984
1924911740
821291535
1940232192
5847508497
687495313
5374269881
1417983553
1028658196
849640925
1132199969
6170616288
1927027412
316039120
747929306
1170146122
1694897825
6166158080
1671950748
718548950
1018778525
1344806405
2106107520
5981161751
852943207
854085800
1338375770
1048656013
1537236831
1853839281
5212874687
1586082604
135729367
848290814
1165561878
5193400162
644725271
622817958
635855019
995476460
5148912417
1250604694
5293147384
1688770138
5710528440
617154136
803500963
5222896358
827048344
602544571
413095219
901790127
1161208258
878375632
6210681235
157566073
668836231
847338049
6060052686
714476977
1999529041
5414894492
1220264878
847434485
1991449743
989908318
1486153774
906588391
5606639138
1342511666
5054363846
5739340720
646496929
1751954920
5681177819
5977867460
1648471792
1817620062
2108567134
5740885312
5998622453
5130711613
603909510
130190948
811568684
1697266531
1330890441
1441573923
5887254969
5641525220
1432386238
962941045
5610449092
5899823306
1274498893
1528574594
686502283
659147941
1002359329
1038721754
5996111134
1438231439
5023052826
575597918
779420023
1087009393
947680391
5063923765
5773851586
5764752632
1048678666
1510999688
6027122410
729551909
772103601
443086425
6069135271
642047215
5656155039
707154411
1945513174
5459390403
6143440145
655916918
1882223257
5513770916
5864813020
5950064919
2140604483
5952278174
967247196
870419307
1493390515
1246681191
819874727
2079642955
1201659063
864263609
5048096044
5725991026
1139896968
5967501456
489235671
1276114317
1014457339
1051338586
1025751626
805353625
6153658693
6195430304
624864903
1135813788
656141031
1722222402
5724864409
1134932677
5849170350
6283425821
897547438
5928668615
1167007442
879138852
1369349384
5196678063
1043148444
1512835648
2052722419
1321858805
829724437
6262964684
1722114162
1493298838
730951968
760813694
1026228058
1091540843
5378581138
208640629
627550038
1143261736
995737276
2005339742
1710508076
2062749161
6082905801
1413788498
1043588950
5335620584
870540365
1027856120
1764119378
2133630462
5732539086
6072521669
1401767020
1095959879
1086673305
5979923665
762091451
1493574149
1033180427
5684885186
2081776005
749232608
647825867
1314683411
1304152913
5006074061
916404808
1141880253
1142728412
999603394
852059032
614234666
1026573392
5672233277
1921914285
834584116
1385104681
658526434
1260451508
462410429
1987532832
1234188839
5861446371
1290783342
5023923207
500298506
1634597162
5600031479
1838503849
1665586056
6132426805
113007586
6136065389
699793151
804892629
914561476
6057510639
6250525532
1655536050
1338860778
718342363
5741457670
1044801564
1837835645
1278255420
1403966886
974965023
1491399249
6211614257
1193732618
1984471415
5146126887
5961647535
5796022573
1606072637
843658827
330893478
1252949889
1688337043
1366463106
864802653
5446777027
2086335131
758239429
1404238737
1332166697
533398827
802525585
1982490660
5915976656
1893450863
5756940001
1618803261
1087097569
919037972
853365752
6181104135
1133274989
5410183590
1091623889
1278766827
858871555
5363548509
5494161751
2004489745
692887431
5019249513
1776888748
830227001
1304204049
807143211
5930445070
5567794554
6008929538
528217680
1589787676
1926803701
975038993
1366674519
5624324669
5050192555
1142950093
1603056947
1432399762
934588090
747789700
814297160
5713339332
892301214
658108193
5307185788
2015651296
5168061840
982878564
1789049635
1642139482
1223210864
1919584888
6023813433
791629017
687061226
1168019370
6154636357
659027850
5390791449
1483578306
1004421192
5981866185
1305297802
5115838033
1537793030
2110683627
1608961596
1648914848
801069345
272784201
1893838682
402432027
2109093518
1539826738
1451353523
1788011563
763933137
1411602375
6032128169
1980321542
5627799463
995435209
362933566
1134700983
354685078
1398644639
1034095521
5958141188
5935671914
5903488073
1910093748
1912143524
1701573239
685395746
1002252781
1671221553
5542101228
970701439
1415197692
5660252103
6116133086
883151759
2097800912
5569706739
852777835
1238279101
957409037
718203501
2142640001
1384806697
1748793122
6177666211
1706602574
5041530475
979385543
703163969
414152333
1281984905
2065179955
1291395249
741975431
1655465069
5500546273
1213984175
751357785
6284425661
1093025056
2094022631
5849802550
1984487451
5356464385
630290436
721071151
5901905517
1238800676
6097151110
1476686347
6276053014
1528696087
993976876
1948237137
1444259248
1136180180
5618012098
2007665341
5027718854
5877241939
5926638726
1321784204
1856335910
1584269918
5014992319
632894772
1192934608
1042366849
5679913829
800225252
1814810414
2072181488
5102004956
1220200505
1424130905
957287705
946602017
668614123
5165833942
1142508867
5623396375
1915161344
6005277426
1546994764
5312540754
5710640031
1379234727
1726894154
751331505
5102858300
1318529728
716874491
725293203
1102180397
1806821331
1633268409
6035040609
1220885888
873021759
1634386447
5011259672
5727481939
5967223368
1327247551
1002788765
656007344
1483609566
2078419264
1601913924
694247234
5535584311
153016700
840873972
952729751
5657121317
1681029039
2094625246
1776570597
623174622
1577886263
724235388
625359928
888938634
1406924048
984670436
1084079531
6239744718
502029643
5660517735
5450040003
5441118632
1301707380
1699058964
875352558
1728997519
5706823583
5104917607
2033528115
5277546056
5655168899
245337052
5208270225
994081274
1438455779
861836828
1934862049
1968442675
1557989339
5556959791
1148271131
1633093544
754240356
1376250292
1497432648
1444515673
631926192
5709995472
654001390
1136763532
975696399
2145841226
965288748
123469576
1487686172
2114009970
1857198340
5753259415
2078054808
869941946
6208389990
5867278025
2019097802
1372416335
2049465096
1825703126
919113245
5466266289
1497901590
5649696842
5695171434
1546814983
1654023476
1113918867
6257523406
1940243224
5090353565
850926895
970288716
640802121
790337504
559162623
694535157
1579882076
1924488829
5832042029
5749071956
833175221
1340377518
1567513158
397876497
5531969322
5873264272
1389399501
1983379011
2026036665
1277265906
1155919031
644372272
711330952
811450234
2005194537
5266290011
5026921712
1253333504
5239162838
5651709473
961304999
1399420054
965216470
5244414290
5776049944
198885567
5459836831
1972021390
5840375419
882592644
1398814154
5370047598
2025240182
621953350
841362680
703594538
5685258390
1762702191
1343885009
402882416
5794883418
1343418929
658323959
2073991263
519364393
179716012
5745270626
709966650
2024391007
1883768468
1852550510
2046162006
856638613
1334789025
1797617783
1324220709
686804116
6271836746
5366205745
5245488779
1997846400
5352241984
309578408
1190238598
1150269432
707554946
5482904445
1723723683
287668127
1280365355
5871811113
794320898
5340425073
6214631618
1399382314
1158439760
909921570
515745674
366155146
872480618
5075414362
1432575153
145469892
6101482631
5750067264
542152083
1517692768
5202111112
1370360661
5272351226
678427450
2047847628
1336251536
1071143350
6044618813
6130758260
5851775625
936647981
1999469876
954402912
1395438664
5190723891
1001407790
5155937007
5682196831
1198508511
811505074
1510382746
5731525727
5638589206
1901126174
5485368278
1050896982
672941712
1130927773
1304337943
1101518437
5565312030
5373387378
2047627023
5349897765
5439261286
768370139
1359425312
5135991092
5165061489
763536874
1006897994
1641115375
839735763
722089271
1763180289
5168913707
2105803129
248821713
689592048
1890255647
1766348386
1895912614
6062521697
5514569028
1109461360
935749262
676502440
1159433711
5631643316
1943745750
472087130
1417485587
6143465115
2081598929
691459261
833732909
5224646700
1997590579
5875989315
637272440
5539612482
1389324683
1758467424
1892345628
1657706048
6100957674
1253365658
1366824172
6228432589
1523802155
1332561623
1453199405
1469954922
5159202885
1224232515
1855635191
5725724991
881707753
462744650
656334157
1387831309
5793409147
1006488670
596116267
1099078149
5050472118
1099448940
1194953888
1267481113
1568497205
677750874
5670878354
992473939
718694931
1922024188
972718122
5956250236
2077803013
5229539355
1081946528
899670314
1992853946
1351580597
2122315451
1889113832
857280608
5719260028
1139270015
5689271715
6013530509
1410953439
5463203684
369869429
1280050492
779657883
1695649369
204194492
5919003431
2108602815
1222039869
1850135369
1928924567
1562367508
5100815539
536726780
244657379
5443912015
835530289
1762211868
1383893441
6204503297
5713215728
1570491842
5555239608
991320937
794274192
1836628724
1344061265
5520507911
860065081
1634441286
5450197659
35093999
1789589771
1788264551
1072665267
5243512016
1235352375
711680705
1843388350
5739667246
5204351526
5785983436
1747741813
1374252769
1797244634
1979012828
1957260240
5477968116
2035121208
6231917181
907275144
765856452
1780984311
1421583320
1933356313
2033354136
681603623
5164989671
6254868472
5595716773
1113152426
1918777681
1826411642
909505302
5720902591
1358968977
404099951
1086826913
628997077
5089077305
1576658750
5951691227
1670612028
1472979659
6295834118
653009102
1900439052
1776260612
856938402
1989954151
5816909580
5432290467
6073361222
6272763438
5213210043
1213691690
1686376317
1173694238
1408266284
1292956252
1307981848
5519949544
1080631902
1649900338
1072609202
1461088893
5878609355
5908051397
974422619
1844583031
5434299572
1401763549
5587082321
634986327
5258832900
2119091401
5026119219
966466699
5191123320
5390720023
1048834037
1296858656
1716826968
1132032290
1382906926
937066158
1387054742
1715986550
5646792035
5630333927
1350166067
841155649
1545816208
1622913590
816239482
5925204610
5925204610
6174491800
1727695884
731503674
1472932438
5201168453
1382578713
1950199257
622665516
993751600
6147035122
6212916468
2096694231
1393738999
1079534885
1459468194
997737366
2127196652
5763771716
5799927465
5903568723
1831648040
2081179876
922495758
5179818070
5382051377
167777755
1669978495
1114264479
647969973
1062773398
5868042831
891895404
5704327095
1202804887
449854773
2108295371
1269011304
1794650845
2096002966
1374586446
1798355129
892837528
1913648854
5723376986
5982293556
5286812228
1581934529
5875998281
6224722664
5991166267
391814742
1953067183
5235778988
5048878054
1249266088
945927815
1096903639
5435325381
1475628805
1077957864
1989421537
813772521
1449569060
5459154036
1740005067
6259407467
5797248956
2097989057
1799368846
637450609
1956986081
925121947
1522810371
1104014393
489138514
1441560161
2023463202
1486425355
1645069769
5002975833
1979846325
1839248160
1713273204
1315514023
1699116272
5518413737
574337532
5277366278
5090168588
1085400674
916201763
862315849
890150904
971903698
916710915
897381960
1435981087
1426878548
1727021301
558616151
1098237558
1480884096
1309620806
2090581305
5654645486
5357941590
1126714591
1680587819
5472458125
752246937
713527004
529509347
1373480586
6279810443
1821347758
1545719500
1706967833
1968819107
2056927611
1707837159
5295029482
802897623
1035126820
614726794
1259321852
6014373216
1328400452
1286901465
922460060
5580441721
1894995735
334118253
1115216825
523105894
2118533259
915869005
842940386
823480205
642986517
1526003641
1021057305
498411955
1181344052
2086594119
917420879
1754481990
1853670895
6227984412
1219543657
1367399634
1920127426
1748989708
6054946165
360634573
1261716051
592196622
1975854161
1391103143
1676426084
1790271847
5912180200
1722267195
1368474047
913934170
1293589816
5144376231
686663484
5315167215
2002352782
175251767
1302420963
2046660605
6071189428
6175675421
1707422214
1410831636
1415731342
1066384745
1273667355
713786089
5678529589
1373305423
5159661761
801802397
6194979169
1068681323
762812685
1710878438
5068450142
1049097366
6103654152
1599588171
5253487714
711080561
1073397665
705165129
1452220079
1428964568
6243288230
1013555865
557485373
1949095333
1865981328
620162646
975347098
6282697650
729361863
1603125772
5784227904
1464571105
1396676884
1280050956
1298349508
1090295351
944747319
792916243
1097415089
1290750928
707589074
6117963060
5758250319
877933729
1072705672
6175119935
1580561435
906560215
911446874
1014269095
1100405736
6086637503
1662007747
6096921577
1341833968
1798361961
1261069400
841804617
5165176095
5857395869
1385886866
739783629
5593646933
5978734828
766848195
5035385412
5334408852
1077753272
730458667
1452359354
6133653221
5957658741
758294871
769591707
5352459656
1884621058
6157992217
6258710075
1143270898
5924621515
693941621
1169897008
5260345998
5466232037
6052217732
1429461319
1067782553
2008126522
935566534
1575438898
5346259933
5826656302
814560821
2110963914
866372254
1380198618
677345622
1526237728
823785764
1209109157
655611698
1144904786
5777260196
1902830693
1349336342
899800965
1045277244
5956838572
616357295
1755639774
1491331221
5696316822
749363223
5383967569
6193666795
1118219294
720117664
947164917
5935571298
889364864
893362764
1729163221
1744334156
938957319
1409284055
1718436301
957062530
992170901
354624037
875487060
700409879
835971801
785485774
888113393
5088502327
5059441118
1328468343
648457938
630634219
1023192077
649854892
590136593
1049172535
907606074
1473368568
5633739541
6291828048
6078132015
442999291
5412797847
5390201981
1648407374
989693381
950968414
2141630002
978309519
2130650732
1239254993
636678600
5561093713
698156111
673887097
910991898
1071272278
1293654661
1329992522
1756912962
1792780789
6025684940
6149139450
1819872548
5446719104
1406886197
1827773419
935345937
1128495582
1535781366
313856742
1843092432
1043465354
6168367106
5056475427
829019878
817196627
1136998669
5433376291
5582511993
1316139525
6051929283
618339960
1129592412
1495415337
5259396772
5193564960
5113923709
1838005718
517071806
1810939808
1709131537
1139616211
1761519314
1348402771
1364692477
6027265962
1324097358
807886525
1944729492
5862413711
1933082574
1659185826
5440244798
5075486662
700521192
5442446063
1674869529
1060880057
1297852775
924286545
6001482087
6185560871
1879836711
1444146349
2030556810
559299136
5062471789
5287996190
706183567
1697330108
951545909
1158530315
5934958570
1019070730
1003392821
2044620667
6024945029
5696334198
6246853689
5554569138
553731854
1886233735
987564968
1846024063
5745591215
1305635016
1296194269
733805717
1846454241
917895046
1859008546
5603775159
1180608910
2115592812
1395822674
1490598868
5047848038
1854766771
1295750650
5052840032
5567941964
1021724085
1887742924
1248513976
1324011623
1843785444
1291745129
1800841808
145563079
527473806
1034390473
5514739689
5190464305
1160783370
1142039211
1213677185
1054067248
5152191209
2011632130
1604266487
1055209522
574050940
678210862
1474547621
954959266
5147886579
1654743522
5530786094
1106354758
1650215906
1638534281
5206807401
5427361649
1928051122
6245316365
1919484708
457896781
477535002
808610624
1433489205
1995785075
844573240
1992905937
2091367347
823710189
5158127944
254339337
1083991088
1142416387
1141300292
690523949
1114187217
1086653056
883391230
1051309564
626329262
888366673
1494651188
1316758798
750026464
5890572896
1694767682
5020848369
834857986
888532138
1630365752
5740797773
1097949360
1811878520
5497756682
113015318
5408841684
1828402966
6174681439
5509780878
1487979520
674028526
5573700777
5032967826
713692271
823506819
5143741592
855760003
1284151391
678038781
832898324
5267979662
1131513938
761985257
106165792
5430979630
424431377
808087708
1421282472
1881065278
869504207
5525701727
6266395161
871686647
326432510
1096516574
5169105920
2061598059
1221296666
2073603849
1803506047
1376298482
1651387905
6145761310
1095584131
1615136876
1538411711
6063073226
1523391740
729584025
5025402707
681415962
1980494542
523272500
1988373480
257755107
685885546
600927752
963772138
1745310252
1183713175
1296375331
6079386136
1079435781
644136561
5581916028
1664031542
554817297
1091686035
1612429153
2028222369
1111518332
1053114078
609626568
838009660
1944065917
1638853815
1741684744
6238971896
1447919182
737223226
6153559560
1462587133
1877838390
1123999940
648277504
5636435752
1204675450
1483398194
5431799801
1342346048
673422729
6211293589
6290669001
620667690
1316829864
1092313428
1448435990
2108243093
996907625
1126852482
5925299021
5479363694
1994898333
6190256632
1432226365
5685042166
570143854
633505746
1032337806
1093558598
1371544334
1397350794
754195519
1133949851
1064623228
821991775
1819148486
5626910660
1196839445
1403780342
685832112
5235366341
991731443
1025452360
5509366935
986061860
5965556384
1253084580
1278066669
5120928646
5923885898
874817745
5522301452
5689002453
1275088823
581476199
1463226892
955363496
1969764813
931026946
1478087514
959934008
498392009
151725475
5904903302
5936304228
5457400321
1353541929
1712768180
6019939665
673771650
5682693121
755389817
5128719714
900574207
1023324826
907294358
572919221
626764052
899051025
830985590
1841932607
5798619068
5092977404
573192072
1452665211
1272131974
6018111803
1417500419
1266608664
1060915864
1844329459
1323772008
1998259056
5139249955
6212709345
1955980056
1115596609
1546267018
1706375085
1336741902
5933722623
1974925073
6280737730
1444982615
1729019277
1273248241
839478858
1231731495
1785414933
519971724
1115633978
1173442279
1208021742
1641302460
1359324324
619506374
1256426810
966423728
1834077613
1947484415
1705597380
1564509005
877904411
744372067
5612170360
5126854955
5999026099
5099988835
645068897
1405688345
1350964123
1033962132
1197047211
5839470686
1997279682
661899951
6284288257
5240654054
5052246489
994719287
5619753471
1945361682
1168680999
5415479491
6067796127
1490263268
1157809479
1062477941
6221300913
867637672
643435334
1272499882
5783715453
1116952260
1652657969
6009147896
661567270
1050616123
5899101135
1043324678
820814775
1015399320
1348413274
1919529108
1264470909
1266718444
5201571023
623753662
1301819718
1375707430
1376354993
1565081230
1837590451
670815272
5518606770
1819041021
1819041021
1442909009
773058449
6148077858
6166744119
1627857710
163757305
2012984147
1228754050
1248595023
6099137388
952014290
1754859980
842435059
1497884770
1651493560
581642389
5451569797
5589735411
1318388678
1780444764
1398326377
1007061422
1253375728
5357929293
1349291838
605160019
5715703329
1728970939
770254915
1590628100
948128696
1451346582
339823719
708712353
1049347006
2018031674
442698208
696566855
1981777821
5755949446
551650448
1185093559
1644340473
133780770
5045363374
6004455087
5430979675
822120467
1923418979
5363755610
5756913966
1299283790
919458194
912048951
6009728074
892377498
1841081461
1933250241
5365366474
5003642854
1242928410
1011029159
1319338475
5135633477
2114226390
964186608
1346143599
954612619
6006077510
5220462532
1664806151
1680980802
1722801073
5309223415
578808135
1100576921
1479871160
1380735535
1688695410
6282665607
1763699153
773451441
1173912639
1549694666
500033350
1431782102
5864746995
884970483
884289717
1285082658
6259706667
1292405370
789117481
1158497112
2113261254
1646436095
677609184
786926974
567632670
1476983504
5781730279
2054169222
1974438290
1897126237
6203957990
1364294449
1238570058
1469957762
499224690
5145032903
342143182
1292146172
1708534635
564306967
921719840
5572600542
1044376467
900447997
1586946939
5184292550
5056037558
1363685133
1465337657
6268831843
614494685
1028887965
809651882
5124791250
5677335587
1624143038
1009627123
1860342504
1027682876
945753584
1069191504
1380427683
568675571
5625797976
800861275
1418536041
955990714
1444037461
1294118247
5622249927
1848675630
5924356049
328500064
933094662
2101574167
2123419956
6210313858
1617273125
1417992237
2128372159
2019252339
486843697
1184698378
1306077976
1883133341
1072828643
1206200191
1381709741
5293610905
1700252224
6112922704
770008737
358643354
941220361
5597823084
1171398511
5432149292
638065507
1295577238
798431427
970205451
5415531759
1726611519
2008870669
5212044562
5171177428
1985388342
1948499581
868732911
1963712414
1619516600
1015267893
1552157800
1394049074
5196583918
6068717826
1503159655
5755281360
5823141417
1938320462
5130009629
1339956586
1317523374
1993583673
5841239257
5219173178
5283316526
1991326705
781380657
1620862101
716977022
1689525953
1064544037
5153661854
6292074603
1450551199
6155447457
982815441
1329841668
5183766498
1792550007
751178231
1211016209
1062850228
490229100
1211549410
5397838678
1797099182
908114201
2045605396
1333890562
5015872271
1576894169
6285073350
851752420
6217683668
5739108132
898784293
6270511272
301814489
850594286
1875845865
774385369
5342528980
5190450913
1033016345
6104214733
1807226555
5937565390
1286187768
1172346537
5438554778
5450673949
1384442266
1264426982
2076577926
911754603
1237260933
972114597
1345921996
656427372
5701337956
1356625573
5300022660
747754168
913615251
2081556206
1981785169
2024278127
1999493736
1285266839
5147612815
1361658241
5749130814
1170494569
755310460
5944573682
5993752952
2146298040
1862770841
6255563201
1483737720
6141218807
1797777874
1285292824
5598620289
5437870036
5743330607
770461179
1189933175
1146105516
5687640688
5015519430
5924298224
1494239502
1243057654
1713454789
1810933690
798564359
1274867323
1083998480
5404807568
706237129
712186008
716214150
711319745
1633553364
5760263454
773481572
1766321442
5915397273
631049507
5253748610
809264774
1324343496
641691338
1493601600
1144326584
719459870
6211252564
1726904251
1256718755
1898660974
1618949389
2144617365
5789091152
2111257901
1722928257
5209198861
1413253947
5314722389
6282942001
5960668245
5898004620
1774942647
5121719512
339434389
6011989800
1303304319
1576354537
389113231
632798595
6280708450
1007567597
1925435962
5809081606
1230595942
1932797307
5060619710
5121842212
1076991614
1018229761
1982502070
5753330650
2108398243
1785215789
6130036343
6168188935
1963325497
5931665079
5889853907
1955689987
1105343810
1068831234
6195839171
1834773713
1185335394
5727322846
1437059689
1466353410
1318962367
964387799
1548670116
5067556201
6170324115
908058153
1415076118
1558034303
800944547
5752569633
5712777143
263967169
707767975
5662820954
1058627764
1143181844
5283293180
5561632855
1610164798
5250182995
1883246774
5165078503
1219108750
5699434809
5814513897
1198549414
1414291145
5801256285
5484597907
1755847565
1757280925
1642695538
1511609655
2051274866
5660068037
1975576672
1790253393
2048972757
1214384309
5879113582
1433933413
5404165977
1750142379
1778540515
1206580019
560331124
833189757
1686391088
5970261831
6046734409
1407129399
1141831783
696879440
5200909687
1647125366
1382438216
5229812772
5538264824
851861195
5056477378
955413409
690638368
1851304042
1576255416
800752200
6196143528
1017549815
5431170679
1091978515
1265856639
5544302111
5607437019
1236445615
1137548246
824433985
2004749987
1161999428
1932887461
532788762
5905647942
749181708
717518069
2042626344
977683625
1360557260
1868953444
670928453
1829208542
320195962
2138076072
1131077016
1311390602
1040376870
1852254896
1210601836
94938957
1021158535
1990564358
1967640029
709855849
988579959
791256856
1017982790
5486307528
989875443
2090595351
1380252194
1602188799
5526937442
1442554166
5354931119
1048427472
2064087652
1801681972
1962632518
1150582543
1485269451
638187895
5514366176
5652441074
1100164461
392192703
1278709900
1464594724
1169676992
5945456691
688019346
930497565
1475635920
1865319759
903058051
875669461
5397822686
5405441192
1302160854
5777789636
5204279594
6109501402
1828562512
1224305257
872667116
1571827648
520898253
5988281542
5813033411
815836505
2012756972
5026978058
1351149951
733180419
5861859028
1345362827
1212919478
1002694421
1810743048
1887723250
1234241363
5694244108
1329124318
1705844681
1193935813
1434578618
147378429
5513777624
1929487560
1511406630
5475005999
1856897729
478685747
1177367542
5118162481
5203989044
1067854603
5608784340
1349368756
1132203660
1925626324
654759424
1696946604
5057042232
5907432940
902045024
931864851
1337306891
5165383391
2042651368
834831763
1348202057
5029560153
1554711769
5687335085
5251764845
1405608969
6194829025
1167942431
1158686644
5774376991
797761081
757435524
944885235
6263539461
1550403231
960579505
643663095
978823123
1619632275
905437292
1078444635
1038126351
5569381877
5332808275
602164922
975753918
1678144844
957481799
2030938263
1686774838
1005910969
1374723622
485916847
474222142
823413157
5376696714
5791683915
788337613
1489202210
1691251355
1442708758
1473110477
879813564
1716167858
662804374
1439187119
622339351
1448911414
592567403
1876175033
1569422706
576862345
566348508
6129258379
1436973720
2020374829
6205278082
1044192049
655298465
5598991428
687272964
452578300
5898769430
1314262313
6094310222
1344956492
985618405
5499324967
2134691584
987946317
829881479
721206356
1277573595
1604209995
1059825417
778342333
5313978659
1089586776
954477128
1431963820
1106767758
5548926013
5020826821
1575749958
1630711276
1590903548
1086096008
5672432668
5316547882
5745689413
1277069986
1383144088
6063198597
2130203926
6203533401
5049766494
1250195468
1158621380
573676537
565607186
1308450487
1929171438
5067306141
5442272003
621804733
1718714669
1973159479
1103969239
1617742404
736386179
5262284266
5056416313
1095227087
862582942
666751752
664184766
202898460
1322417665
5461630216
5137826172
5728026018
5148596231
974968601
452198993
972262411
1014623918
1271169750
865249504
1980552328
1395141267
5215902992
1886054439
934596496
5172117533
849684068
5444805352
2099100832
1555545817
1033408861
5695559062
1394944348
5910490759
1353788621
909760543
1170140152
1005964249
2013066433
776631618
5064270068
836301835
6293833448
5239976686
5103875151
1594123277
5013788563
1165244551
503131874
2038729283
960713492
1405483700
5149751419
996534287
1244649820
5846468149
6020606944
5009112174
5133914139
1818777692
5757702511
870531649
5189383520
6096634767
1024945230
5408895863
6142925195
1959317034
5760294316
809362787
1859533209
849004955
5116484213
1106520644
1934583931
1117136495
1134945172
1884441687
6084441459
682661934
1201021620
1448672829
525431911
1353090958
1609239092
1891506631
6255386247
695186243
2033139414
2061812723
1241424724
560401116
1206712433
1734338237
1098593654
1252537644
5338048875
6122009068
1621215378
1007948901
1036433475
2080695053
1359483563
1170174338
5018001691
1636427364
6076698671
5587922972
1102386814
996675790
1108480130
810701465
1620490637
140236329
5233245908
5423569575
5005454863
5909629803
1919622064
1590026603
716763750
6118092358
1060119310
1662068164
887640408
1401832634
594763786
1120471747
6134719899
1948254313
156197296
370391456
1853974557
1271595585
2047476667
6124093961
1504473977
2003850460
614319155
718663286
810539727
1085348633
988438916
917537946
1982011978
5857778910
5329815362
1253056023
1015089982
5328085171
5401594921
5750560852
1940516698
1484248811
1692370908
897504820
1951624570
1831579646
6094052765
1201024117
5226397689
1958660053
5729446877
6125353938
881161765
1935980318
1284279167
885143710
1706878889
1539599925
1431767925
5496720633
1546167931
583526242
6380475588
1034436395
1502428777
5132982211
5900748484
1188372238
5486244909
829326497
5611477339
1290998317
1459811774
913431761
5142833562
5858330302
1294063502
6101401350
690764395
1646072152
1953534742
1675484316
2017393014
1614255701
5856304684
5564568896
5875118112
702762980
5143627840
211731257
813946011
778850132
999269437
422561689
1726739737
5530994813
6122326420
1376128112
1397171698
792701171
1321369347
1244452474
5857399976
5274830978
927525790
5010048631
5467176150
771935903
1223813027
2026474067
1450685672
479084643
583265636
6207672764
1438292239
6123783946
5775642747
5682788396
806690029
1193085743
5666590663
927503658
5172898872
6136055715
1406508402
2106172962
1335433832
1633559267
6194354153
6032939630
1440774690
1521447264
1364373028
5904197532
551934857
1523227694
1049738246
1371633226
1671817253
1894870679
5702355838
5160338023
1673405145
1948611586
890238981
5353655578
502414648
976977697
1440989549
5956540981
478181042
951724332
949235046
174619368
1988972949
1251104729
975779050
6194794331
947647942
1349056559
2052016107
1648963594
2007268966
1237032157
5065366066
1859068956
1894701611
1288457839
928850606
1716260135
661645425
1970085495
950572795
993693484
1472084831
2022540169
6098271601
1367762167
1135765980
774972186
2100382961
897305358
700073840
826553525
1400921181
5214659862
1998068412
1923054570
5284019709
1751584990
1400931247
5786705229
5263960961
5194026341
604466862
1180214981
429863792
5870284107
5358944872
1450590024
1859448544
356831190
1637544007
1622108844
1763008299
5077268357
6071965075
932400018
1238127954
5186571407
1033232219
5058495560
890600703
1482922202
709830761
5119041375
1909118929
1371606017
2071167946
1022894670
5079036497
1876402549
955450622
6025481648
1299491360
1507657081
5484170557
685316199
1546523632
1737816645
5148905028
560038754
5840139236
5798032085
979872286
5368531676
913230933
2022288194
1454657911
5449623909
1549552769
1297671152
1939826277
6144255635
6191801240
2090513494
1970975553
1479074336
5409307489
5390376444
1976308116
1613616351
1593499670
1136200412
1076952257
5829353178
5013619152
5137697710
5014973086
5779582141
1677062325
1120926283
1761175226
1171481025
1365785271
1023509933
5876666595
633763924
2137946244
1657530085
6209500996
5490943467
1270661224
517566477
6269450687
6221203316
1369680445
1569503165
5257839300
6133851086
875668990
818013044
1538825609
6278017408
1993652120
6185548806
1467264340
1959450336
1039171994
5542154125
1889925377
5931872789
1277388035
1147766373
866393634
5448827719
5064344782
1575093617
915803928
1121537704
1796270100
5492306520
5237624195
5268433030
2056200015
5609608448
671117242
1773802431
1066321347
873950847
5306149670
901451412
1927821200
1441514999
5788090521
1412052617
5439138186
5557680073
659340952
1419182789
5447750820
5742546278
757302874
5413745377
1862066287
815367636
1882162558
1988136089
5694043991
5765955029
1996192011
930927922
1704967284
752879717
1385519221
5470699723
6180791126
1334774750
1750601115
1220595861
1836232619
5190195912
1941901361
5081162758
1352355663
1216024346
919649251
1319727971
5282480686
1303767361
785868724
1012889787
5709873319
5621051746
1779574741
2063934917
395848021
5389628123
6158087352
5282915943
5050958650
1859571856
5517963283
6160167374
5515527512
1799572503
5822830472
1520979348
5395396763
1905497969
1018681085
914819229
1190405947
1310913299
1806070307
5623592803
5416594689
5490392091
1998349296
5438147044
886212337
1923408296
5087821150
5588736945
1340892141
759301721
1018227614
955496565
976689955
839026651
6142755724
1774831804
1831258091
1859426039
6074960054
2047444068
1640860883
1285398055
737991833
5499791279
1238400340
1895373136
1601688990
1932123769
757035947
1429920866
1741356933
6161646183
428517407
1383601155
5046311256
1414672341
1955408121
1370124647
1869080449
5172814892
5793603202
1688703420
5151291363
1962101049
1340357410
1817255404
1461488728
1899583817
2079495694
5528205820
5448389673
5368800278
925947630
5757771715
1407733186
1463819134
656631405
1078611543
5862881759
5823353136
6081466940
701101006
5113640616
1908466218
2136670984
5801091932
453189781
5849528957
1635309330
5419240445
5308676214
725700905
798211800
1658741376
2109793862
6224963164
1066846859
886428982
1214134199
859316369
5157537688
854909398
654207059
1709971086
5706256855
1598271130
1620423379
6058904705
1126834425
5981359515
5815322977
877413604
878711987
1516705561
1733277254
758476604
5039508733
1364293457
1487228853
5287858263
5181044637
1858045995
1139270934
5160161740
6095297636
1343703310
542921920
1619950066
864145865
1370171548
5931422510
5132055741
2082938149
967884775
5496934190
1288167584
5565379267
1849436318
5885088293
582469474
1054553796
1046233647
5110009406
614988105
1131225018
1223920754
857534347
987422831
5224373743
5723046199
932079885
702275659
1732569171
551153621
673343113
885557378
1504990688
1633111595
958674594
5954008840
883803109
1877261884
1763583535
1985132620
1214723967
1708988375
1429872508
5266269143
210815549
729474315
1733367680
1019253101
1101047001
1253959029
1644472015
6186374442
353356454
1228263722
535055401
969130557
6252910058
1194994506
6296357252
652419577
5856080664
942831675
1654595247
1152429781
1975885218
1663994810
1600374818
5894552041
5531417510
1703487610
1947427762
563406118
1659813483
2140423596
1074363141
6018348455
5130217059
5491835196
1452387117
1051231181
1131348451
648992503
1717572780
1844844563
1431813558
5036714830
6063022403
1883042233
5363998716
1092259697
1000146060
1896669083
1559144053
1407485276
980067371
6146680329
632626085
974439040
6171233258
1567674249
5803556798
1855709675
1016913749
1044887895
5472337779
1804122883
1907599022
1069368584
288021422
1718378976
5781144433
991158508
842096244
5587599231
708809072
1006907602
1957600442
5559784133
1768544991
2134189651
1810637301
925122859
1389344184
1306480567
1272624712
949188542
571843806
1628999568
1021347658
1948143043
1835406940
6044443991
2132540695
1029565128
5271278015
5839952739
5439993598
2103129965
5330781736
2043102020
1981875823
5076479510
1197382606
1176488188
1456130285
1714450314
2093430595
756239827
5823782199
1863672670
5168372867
5055561366
1180832024
6029099453
5245627533
5062709577
5135129971
818803294
5006004293
6006006978
6182673226
5220378637
128207508
5838828686
706400659
5954454684
1329550597
1449478364
214122872
2048388330
1555477991
2097429870
5026313868
1234201149
922385977
1226427970
1737850041
757980478
1287249015
1046360840
931206104
6231811917
1140185006
1369876248
895833659
1780975706
6251860199
1478384407
952764616
6053954548
1891388094
1029615602
6067753622
5869009855
812104683
6167043400
1293005587
1922207496
1474422283
5646007192
580291145
1397182207
738447015
856811665
2051248996
5197611106
791232288
6129229273
1604958496
1918090761
5987614970
5386657082
5020064152
1970654217
5100400644
1820916569
617858674
1220736637
389594923
728390599
2030784117
1796178224
949796271
804357410
1174266524
1041403994
928338319
5901039258
5510452578
1230977606
5753209607
1982832483
2128516053
1369357556
5599824877
1366146493
6180374555
1226179117
5061223328
1644374574
1792306247
2060993644
1049775723
684958305
5503356313
5526941617
1835850453
1203097238
978877740
2036502050
5068120575
1893984292
5647241077
5342142204
1981815455
927952997
1231868390
6308661888
991325902
2023535877
6229109203
1739583853
1546455206
1592420691
823816713
1716914425
5142898243
1631058300
1757502715
1182196801
6225350540
6202665944
5401544821
1921844700
1269911331
5288508567
5918747287
5056187638
849556151
1799053403
1094879598
5060169338
1044370110
1558071088
1130063058
909800630
950260152
5248518089
895469974
1832488603
5550625665
6292983002
818391115
2055501137
1402096416
1698329559
5393145989
6255003334
5093297193
1353253900
1353712985
674872476
1115243683
1991743529
5806040762
901102577
232440488
1493879778
1790202551
5335035418
1523191980
6052005161
1028954851
1323223595
2054353318
1774450798
1759635135
1649638858
5649786520
887128955
6298894251
5726700174
2076246839
5305300950
1808931036
2026587836
1648440291
6195987566
2137308386
1752747692
1680721420
1393452300
809602516
1642875218
1042617578
5087895186
707361974
5487430241
607660100
1606654477
5746786435
841954697
6047744664
5944962798
1345134884
911542473
1654074688
1585398806
1685007571
5872352695
1151453238
1388699396
1473898636
808782288
1290503327
1206055321
5081609603
6112548262
5311151165
5814838265
5807770864
685264605
1265331117
774008532
850744048
1821621487
922853205
1432380368
5326244434
5319520038
1037774347
1728233048
1297224392
1645279895
915768775
1370398402
5939326381
1861907499
1455021610
737808667
5457023348
739603541
6076800952
1804882918
5138123915
1131803167
1136252952
1743221459
1034088310
5638052720
1105509688
1052400989
2087452729
1860966732
5366346818
1255458227
1188333352
1492450896
5183967981
1185400445
5910556763
5433478760
1135201319
1059285868
1040994164
766982063
5510690287
672487941
1570071767
1281348202
5855926103
1147035509
910057585
5128564378
568207266
1371544930
1288584544
1627705461
1102633244
1837074842
1458055540
1561819337
5143039151
1540529802
6298825648
1064814493
5215264858
6047204618
6200654750
5685550987
1613238716
1012330519
5049656412
2057346865
937094657
926916172
5910107850
1588591214
1231947197
5006635393
5337364099
1790750281
1788481554
5687258006
5338680693
1538363644
5176033347
1716374961
1200182474
1701738182
1963373556
5171096934
5548602822
1382750289
1395587768
1996087262
6213121514
5105961927
6085078688
5113841406
5664481635
1759490540
1633443262
506938406
394173642
6111665313
5033138237
1072116409
1813032291
1175909195
1712692874
701771863
944024175
1478858913
1321612467
1606123113
6097345689
2089875752
1434017934
1331404636
5745245706
6338862482
5674634633
1022016803
1570127049
1820970307
951198855
1592715763
2036023282
1658690661
6058721784
623981287
6236689653
6355732745
1584376900
1014180135
693397598
793962867
6267881364
5738023723
1220171787
5842658469
745020345
1043389036
2131065759
1262138579
6217437708
1485505364
5657335969
579570506
950961987
5899257228
1337704310
1327209941
2032772535
863094818
5581425010
5776175849
1643607504
5368044612
709804058
803651152
1600347540
5673854680
494349207
862397187
5243598474
2132602005
1343314373
5651193110
817243203
5043627413
1728655402
1883588073
5816291010
1127448799
947417598
903325545
1380346062
597077731
1422617224
5212883935
5517981619
1498815891
5129096579
5803289274
1807756313
671401476
2006271598
5301958135
824302375
1446609910
1313246618
5963983556
5693176006
1517575952
1500271706
1715647487
1193064816
1767488786
5419324050
5464404196
5174368468
1445537896
5547131759
891902771
998561257
1374034474
1407954667
5345014064
2098859947
1145452792
5700921282
1977378944
1711109409
5481462335
1255006418
909610056
1417541199
5933866621
5672813504
1577291227
1440281154
5989462239
5280079037
6394571268
5948936033
1446526777
5455541061
5322185549
1858049568
2002257342
1470605788
6025077481
2018257009
1264134202
5695567226
1697076289
1077850495
5737753007
1463827264
5113752354
1230590667
1717056611
1192222612
6071400597
1954932894
1693707462
1051534997
1852824041
769814987
5762701606
5207994496
746305459
994739134
948424541
1970297180
1049911046
1542701095
1834910576
6235287873
5772849394
815351407
1145563466
5672097459
5702567983
6027089198
1912709478
5898694757
5654800744
1015317846
5079330888
1000691590
5610945879
1844453944
5153160263
5348541096
1372574078
5407592418
2018812935
1728339643
1048263099
1362726131
1931245537
5510696103
1455692170
1085901978
6036034418
800459346
5226514016
5555560335
6061783562
5595192709
1701487310
574632490
2059050146
5392024251
5762529167
5980229969
1763384737
5652037335
5222871670
988236647
1449793567
1908449091
1446246400
5070288852
1294291744
840906583
955840021
1973094812
5896080028
2078439066
6215349628
5566250364
6005995481
1778198696
1420049663
624693880
1032952382
905045230
2135845068
690814659
1659611785
1226448527
1709559432
6000252317
1201819605
1756049904
1402113723
5207102562
6177232934
1481602830
1347186449
1143072261
2042301369
1378500840
5889615238
1396444976
6271460129
5577178825
5237616110
1957386539
1230165277
5971833759
981945824
947979737
1710090560
6169143602
5654349066
5828545741
1646745678
1292413193
134108215
5095373452
6155644581
2094431108
5530301007
1846036387
1214424319
5395397121
1367630926
1341911899
608850262
1960278718
2001302769
5827212068
2010878501
1393236893
1455919074
1052061273
5724819192
5282856144
5064886297
5800338571
5723102251
5123400831
5960139108
5863800266
2038227038
5453090576
1083218385
1594171341
416124930
2090589005
1034438043
1517775113
1068493552
2064203401
1396620811
5444319192
1914370317
5428364745
6148227807
5479187594
1995706163
2024722873
5383210758
2006259356
5752319971
1183739933
953496463
1834836870
1011667947
1059905227
6040250133
1118858126
1840316805
5865647489
1198746926
1354931171
1894784826
1184991427
1429415591
2096714014
1550920714
1466033738
1985034127
770596052
625100632
347793252
1646566682
994453096
5043514775
5059484589
5928486595
1572846016
1087015394
836972769
5992780046
6264796441
739680669
1017763524
670868562
893754664
1006144218
2003213267
1932903998
1657372381
5512074193
297233552
5453439628
5207225719
939889127
1041475076
971971668
5917872298
1794091209
1309968619
963583318
1151327732
5551055003
1122698094
2068379830
496720550
5219956957
2137734236
2034785635
678114179
1408308046
5650876417
5818341274
1904073955
5388159524
1520934433
1973861384
5644001938
6146611278
1829330335
2021853368
1670999916
1844999347
834356512
5083288942
1383095131
1393151307
1996814302
1625750761
1873196913
1737020197
1657003392
5926712501
5956126063
5372607953
6049823017
5996953371
5866783384
943184960
1924416345
5670578769
5339912871
1007438360
1117415696
1838607511
1118998753
2118878088
2036684438
1530952095
5242934546
5478686459
5876914015
1784551469
793360745
5075873421
5007909312
1717951675
1427921980
597861776
1519983492
1141185319
1951908342
1858860068
1363807976
2068199326
1137681067
1420401726
5485718844
5391277368
5065285284
663307572
1779793624
1619145867
1486356162
1186880078
2118172195
737769285
5582588868
904715570
6262236841
6003365438
1304841808
1236336480
6151838602
1876909019
5256544107
6270630470
5677841102
910646635
5294364266
5629502822
1263989447
948032156
5699957576
1207576811
1892719105
1145848617
6059828575
1790654713
1974252973
5785346356
1169665383
5693317389
2003333879
5539483818
900555277
1657575978
748805287
5211168245
575787012
714015569
5505883901
5016856295
1962417255
1349054406
1041072027
2097547111
742339820
5231360773
5919820366
627139952
1293751973
6063030432
783346932
5367936530
1739141293
1615785741
745979064
926282313
950428647
5183555239
5819696818
1204522655
1178773204
950877156
1842563247
1097100120
735168724
5759037795
5190023018
1946175516
1701214922
6110430080
1936764436
2119174717
5127770332
1613201210
5688297803
5033424588
1404338113
841422542
1816868229
5795716433
6001807273
5775107604
1042021131
106839450
1446973832
5836773196
359521162
6020119384
6062582520
1637173680
5856541676
1288249225
1290037360
5976068013
5312647292
986123595
2065393384
2111163313
686330050
1225408546
567139375
1836588528
5275515494
5050052841
1831920353
6057743330
1281917958
1919480090
2039259682
1372232938
5276630629
1845917686
1002619654
1400588986
838274506
508944783
5437531519
1207166205
1174056604
5336292074
2113119558
5268839592
5239942557
974307402
6015839786
1914148693
974559571
798787051
488839642
5144989142
5801646447
5971558394
1170752959
1180374771
1509180671
5237979186
6017645787
1256533675
1971826646
978388827
2059842773
1247962281
1906586281
2038812269
939202596
5914504179
1868791992
938085659
5651181341
5618543323
918369846
1983187313
1283521985
849518629
1446156590
1756123328
1876768087
5577479738
5726347566
556085048
1855796220
1890568345
5157569193
5785123466
1038921966
1139637653
1126381593
5222702275
5289430480
1816161987
817356608
6000244181
5909059375
5556941093
1704899820
839302224
1984137987
1207436197
6106821643
5691819416
5973119169
414806256
1409390932
1099174168
1764957472
1221184258
850856267
1215468467
636244477
697031842
5041053123
5873256773
965198765
6127127525
1314023838
2016940464
5832632059
83666407
5275693800
2117501868
5913463575
6171819280
1975024444
5796597036
598757164
6224360479
1806473436
692025721
5606957350
2006809072
454308364
5858080057
731699134
1662667086
5432663977
1285253329
5584571032
927273419
928568822
2039112494
1090289700
5061191952
1840331499
6173915325
1367855659
5423861333
1338599956
6091767233
5556378614
5016109503
1255526343
1280120017
1401988876
6048836681
437666905
1986249134
1342449280
1421117154
1346423674
894716816
5645762039
1376639082
707160209
1046321008
1984098033
5540140183
5795501710
1457837986
1012117845
1493634473
5692486513
6071064765
888289535
1999837975
6025683559
579066688
1928184866
1722480416
1873364022
5782984861
5990190906
1292063470
1421118146
6262028801
1240672236
752757988
1265422192
1233225873
2108404088
5455761008
6014812025
5143949975
5981832518
5880458005
1778517956
1719418898
867777487
6018736720
5294471228
1468994801
5662429360
1824331895
1446398611
626064232
1119282704
1340560142
5640978521
5934712714
1719951230
1604170706
5313663532
1933106639
5086125657
1811516239
6261077928
5371344471
1412095209
5774271926
1808225929
813837126
5591561109
864917587
1783584846
1175374360
1932309394
1940176267
5797129418
370956402
1982250713
1719250666
5784638987
1871948230
963683466
5949024249
6063022446
1613283288
5537008090
5967145901
5781630200
1623528714
1933414141
2001473752
7257254
982379772
1975155984
6087613267
1024615855
837048442
5151301082
5489205764
623141383
6213893198
1855699171
1140878696
1692114980
5526647816
1098364946
5419205378
665095617
998168461
5229009431
1033784154
6279512329
756699356
1444843428
1318966514
5138544567
5598808892
5508176850
1066950883
1947708798
1335662264
1323704940
247000192
1979683734
5699662150
1870901253
669715393
5674506471
1358330686
1622310943
5142136054
1255830704
1928208871
705070251
1344578601
1959530174
1498156455
1840944295
5963018045
5601187683
734357424
5034239398
1346892305
1625308133
790977293
1198223693
1764322020
1044048588
5581618449
5895980149
1212551927
2055985203
1890888471
1193863848
1381734433
1044970330
608885250
1696984822
565663744
5958997152
1020694849
1353243242
1223278744
2078974730
991499321
1257672488
1275544333
1379144122
6110514878
521519721
5775292011
5013647318
5184867935
772892063
5843622148
1543255764
1832442162
559591613
2093763164
1849542367
570579985
1058006199
1096182973
1689508989
1850392495
1793731014
6197419551
842177695
1093134637
1461981151
5304643965
1827371727
683777411
5295270256
1662006921
5883014826
1379258729
5651825655
6302368245
5994456155
5285005191
216551443
2076831624
5966742648
5655009494
1346490430
1115089253
1260925266
1441402589
5790811175
1882473260
1750275105
5753124064
1973931451
1088844093
521418771
6168766956
1963268041
1942027584
5588668711
1140940068
787439672
5768695125
1528834241
2104890523
1133232097
1979719199
955614559
662516384
5262908986
1948407545
1795496444
5594946231
1623176250
1459216087
5538117989
5916086131
1362402589
1825485929
1004914283
2042290517
1315171481
2038835552
5676460247
1235338799
1409652867
5902292257
1106185911
1828635028
5914270627
5187409805
948924774
5155156449
787512486
6124151934
674763878
1479658359
1974380456
1288132338
1999962760
5052013001
1207183295
5825737985
608764214
1800876168
1494457456
663924908
1479474083
1808719724
876550100
5852418776
1862882385
2020786243
748886762
1480546333
701394537
5853613200
1229907501
1236846174
5344730813
5178110452
6065049173
1862460946
1906304727
904819845
1291073235
5224970982
737129534
718316796
1060063620
1191355483
679442032
5335501125
1867109788
5806027903
773637873
1507604288
5657078467
1230377011
5989077542
1950431811
1274216618
1288376207
1230542199
1710048399
1223752204
1298524222
6278618306
1689714673
1279882277
636160761
1552702305
6208274530
1630884189
1410916887
6181611451
5704496071
5717167196
1969423814
2125293667
1259608058
1466758622
1870190984
1837575794
1331994129
1209562087
569060554
1228891636
9674844
5035721657
6068258818
1432548669
5425360789
5923928607
813644773
1981899087
1850174274
5576632716
5323719544
912892714
1463960351
610847216
668670298
5183902398
639260313
5889599444
1126058593
5252996209
6285251732
2011862773
1085057612
6156470178
5341988748
5357666278
1249311736
1869535276
950642648
5593019716
1063039315
1551626935
5473871053
880370697
780862258
5052720076
1229271206
5375865870
5042634700
5364763893
574827128
5258822129
628165815
561787083
1831087006
1360304051
1376007751
6373240031
1474061727
610994464
5479826362
1947022071
1601026093
844860369
1065800531
788648465
1139587545
589115533
5850879017
1211308590
1223322814
660098726
934422811
6209149870
813701503
1722776592
5680061549
1156752194
30984956
1672727758
1468984365
5319214362
5282619404
6049258988
1264311415
5400412482
1272477989
5789906741
1871842194
1159540309
1484492568
1800326459
6105057262
638032014
851156644
1301439942
1322921431
858232527
825304526
1350884752
6338384131
6153251799
1111299191
1038778626
67209829
5008109015
803638097
689924079
2041005885
367628312
768962405
967644350
1404756811
1842096105
5486600159
1774866058
882777571
954206566
1100567999
1030809385
5728748301
716746800
5501794342
1735181825
5583029156
5996204286
1246004950
1793550518
5115314924
6225890824
1434403507
6238550740
1817791590
907178602
1936846920
5932665038
5021250981
1690989803
953196415
1454709235
1073650582
5181805676
583764592
1621498302
1439487908
5004180398
1060174426
1247066237
5590024801
1927887346
5646143785
1734246263
5959304363
884403982
1488122069
6366060325
1756540799
1997491986
5762692345
657191410
1975754314
1509605991
1174837108
1892896220
649590296
1640708545
5748564385
6162552397
610651675
1917844264
1185163215
2128209858
1676431069
702223014
5723965246
2111072428
810699771
1667013104
5823283009
1738840147
1633269721
5799180183
2084850620
625553929
6132419506
5702739
1728549049
1037002111
1880886162
1071878505
6266564477
1477909977
1813080525
1495873173
1307945692
1617709402
1857108790
1968151272
893230627
969287978
1024751812
903872157
6146285744
197083953
831282704
831543556
5818565920
5967408756
6129286209
1241700896
533282615
2022218582
781736616
454707339
1985384250
1196044388
6025245628
6259739372
715475160
5938231324
915986627
1469614343
1457127238
1258276950
5630836444
916076246
5849446230
5715470119
660790909
5966941422
733775686
1185469529
954323998
1455886176
5120240282
6213676844
1213250267
2142552661
6188386115
1496767710
5105097404
1007523004
1983710653
1582792487
1030486824
1655424151
1625656136
1283334159
1838650718
5464595403
5100338477
1950276146
6135396048
804641495
1116647268
1965612835
1402277644
1297651455
6151388324
6392364107
1170100987
5639513713
5507912460
5503784253
1320491220
5405790011
1090465765
706645825
5897444262
1281261301
5054200863
1574755393
829569037
1013227429
5302264605
5326905358
1400078294
6005713696
1143566796
855145271
1489727851
5217219706
1993306736
1233758151
1649730161
661033881
1987409665
1620518803
1955215226
6058008756
1865586202
5358284404
5654203595
5767440834
6045405383
1520135211
5064897554
5860379453
798850592
5093089589
6202792058
1210379122
512313205
1925487431
1393523363
1185630049
1763828583
675691740
5570820363
1071995688
1224277424
5028013221
1310040297
1082581744
6007857776
5704065042
5234426822
1362913837
1103564264
1494603773
1346817918
1274137704
1401673615
1214841119
632592869
5114832672
1365210340
5820504631
2022069477
6172790668
1510459809
2031849208
1374077711
5522114117
2096920832
1733931683
5493762624
5786666878
860030061
853652141
1285218246
961055907
1974906838
1951007195
5570422384
1618279978
5214703562
6358122312
5221042977
855598916
155074931
5512941181
748346703
5260675788
1427660828
5552192030
1442495094
1953300711
1542693264
6051833495
2082866357
1180034429
1096614390
5809440234
5499709922
2134769552
1371492269
869836950
1959896266
1476976912
6015976311
1828694678
5411952003
926211418
1937893635
1010856211
5188527374
1681508633
1740592200
796481307
5261594915
1021316240
6233538342
869196967
1499626826
1526970572
5015521468
5015951269
1986624701
2035285775
1794517558
6114530038
511183093
884117417
1046933646
5313788155
2041043869
1408680437
1788764112
6128399551
5709204512
911243604
846394055
1641349029
955884804
6037996411
1802365034
5370856077
6261585444
1099289847
1832554254
757982195
373235551
1389157643
1079573650
5387665014
6251676197
5017604179
1375156174
1763678409
5013793369
761037377
1668763663
5550873108
1962878251
5877882704
5027433904
5138668307
5019261621
6210307176
532089429
1698291323
1676762868
5353886370
5562902658
1734066069
1741727648
5238417980
5759068834
6074907455
5588431437
5798495355
688801895
691852262
5563173899
1343767022
915610692
1821852527
1639671269
5028679299
6034428544
1826801373
5604497404
5656037288
752646165
1119568022
667398798
1588187373
1507870911
5053615106
1395779901
1045088805
1744378398
5418167337
794594291
1822975124
809543068
5729018212
1822082183
5015645758
5375059972
5805015490
2049429040
920066093
6182166580
5717700649
1663195470
457842592
5423597327
1425706241
1335063913
1323288030
1655564986
1384910924
1382288442
6095343575
655457299
1893182447
5945128149
5720378085
1952249018
5854628436
1118810583
5374501263
5213114939
1290923667
1873947043
1349635078
2094238883
1478011524
1982440713
5715528145
1957455925
1234392092
2133509612
1304075668
5144804793
1368657683
6078925832
6227060820
6011742951
5049576747
1044702060
2042665981
1789264982
1301133756
5719527976
5174723028
5094318890
2117764756
2033084308
5601278562
6149617814
958989212
1135678373
251699053
5970490544
1714095315
1792630686
6293951420
1724505874
5528989146
2034123795
385019399
5526152759
2004483429
6143560290
1911595366
1705679941
711095941
1735068116
2085439065
5039878061
1109743992
1626732388
880488017
5523057229
1626906653
2038133825
1724494212
980682204
1920580485
1504872945
5726818618
5380802361
5484228131
1631075518
5576671936
1078971705
5465479674
1132803678
1103062951
1274477458
5702993811
1952407480
1454021122
1484526444
1362556717
1750543617
6224307978
1036835319
1275588403
1250889919
6267578774
1741840398
5557818106
5685260574
1320572844
2023440884
5345233029
5383392473
1960335242
727091341
1321814546
5339141235
757832015
1407531902
328105183
1470756934
720528224
5090779171
6231306802
1360370026
1831973396
743413020
5100300305
1422597956
352768429
1338764792
1873873842
752044800
634525253
5114960450
888130053
150511571
5785438291
999218957
5353818682
1402366530
5045776029
5872773137
5636751748
1961185996
5330716413
1965097326
1229934144
1422883176
1060569225
6290011678
1993246305
1320763439
5950851256
5957946518
1330842934
6340929767
6234405598
5668356702
5432315875
5935381656
1018343012
1906072202
1834550359
969456848
1043218257
1150167491
443136886
1603348593
1946580248
1225776026
1662869276
1676091920
5898689798
6144949976
5880888228
5983190970
1463936009
1812894135
1595653612
5497471273
1794124206
5304420250
5494263353
6233220358
6161015685
5405706925
5029448619
5239131561
872333400
1225374065
5518731664
5048542664
874481150
1050003752
806671873
5436784066
5810460855
253746245
1495158605
1460258134
1222132805
5460838626
1382450544
6356763210
5919788408
1335319040
790454821
1733761091
6102511429
2001977479
6289592699
2108852894
793259152
640124279
1462693116
5686987733
5339115714
6351668720
5794424774
5791443752
6234417990
1901350470
6214580639
1619124322
1022374089
5913260828
1426267610
923672735
1053745181
1642434821
1082715678
6179258776
6099638168
958441053
5379639480
1730668965
1147631018
1932234887
500150776
1438118482
5041787931
2078007805
1937570773
5638287697
1493754211
1320042813
736176372
6393176309
1924697101
5120950926
1801678305
5026773528
5816791622
990970237
6218864783
984796355
5023549147
1569053621
6260262043
1582905624
669478277
5085895762
1668714318
5393317041
5211875947
5569868864
1261262779
1990334446
1928221700
600331879
5974880412
1695880023
857429868
5928320864
1785749124
5273636078
6065980148
1637374015
1611554356
1401516231
6007607672
1819270560
1154883260
6242731912
5742471789
1800282632
801768537
1659620336
5622965856
1484985482
5422038005
606869837
1325936936
1775026180
1744105588
1326752684
1561186267
2040551838
5178157050
1882024158
1284467741
1062168676
481384940
1350491425
1755069231
5363228293
5148752346
1964935332
6085797676
1809613102
6029154337
753584530
1456747834
1912156644
1052211287
5553534613
6262738322
5157130859
5114553626
956783688
5835994169
692205453
1217183301
1120046077
1110078877
2033876079
883036797
5846295221
6258029342
6349095295
5863485614
5991568045
1026468470
1213863480
5086537710
1068823581
5374057467
1040241164
1201001212
1908709781
6171560451
5093049242
1417979916
5171243730
1740052171
282068239
2009544197
1342126122
746853836
2099088621
732312335
5568668284
6038705125
1801934585
5357374433
5735972994
391997709
1189478875
6087770257
873303305
1334100831
1798341332
5824104603
1853796271
6110784570
1441413782
1269211252
1803221990
5466843833
2097232805
953931196
1416664116
5640442862
1058970329
5665747858
286525159
1662650024
5654836213
1981282403
5299934761
986908854
1372657043
1813600542
5841217197
5140197496
468236087
5897382110
1130232449
1837065814
5808494662
1686752457
5977163025
1392562149
1640038983
1598572099
5137781365
5629714021
6252270430
2015561343
5382222110
1774949561
5835569322
759830812
1416653938
6028199641
5916076269
1949589904
5714188374
1742465824
1693513174
1910772039
626864630
1216387023
1885255830
1779703010
6183846040
5986627405
5294569376
1495602255
615094032
1259353333
5545263092
1958969089
1677651159
1477919574
5497864822
713759036
943484284
1318042779
5569311209
1760067994
6102215678
768334384
5901895638
789876375
5247651763
1375526156
6089027498
1099415407
1846616237
1375611267
758512550
5356701939
936997829
1321021496
2108806338
1406401094
1742396245
6133413429
6231534428
859474551
707462107
6002276555
2032591628
5244408055
1202959616
5961007418
834840105
1268787149
5506527163
6056431817
5400219308
5721891034
1708449539
986090460
5136377419
916680031
6014495365
1335079429
5743686728
1460330917
2039403665
5147852047
5439099054
1021112571
725937873
1494550461
1994324099
1120347530
5776246934
1329819072
2011535491
375068966
6350218548
1912237372
465321234
916249794
2019258444
5519176342
5206729191
5682793215
6284682993
857321500
2016610745
6295649604
5421939562
917530794
2094129441
1008283092
2132839261
6137467838
1173197730
5811411815
976427070
1151423006
30432431
1220143207
1742782051
778818770
1892382779
1366554422
6185787446
491183320
409391734
1269302817
5900246046
1283019625
1698878404
6074689987
6262084875
1863749712
909595010
5554190178
1978643896
5967496320
5988808884
5831543240
5971577948
986658697
276441133
6203288936
809953629
1221984981
785705289
1024806887
959087719
1157110510
5773737165
519220881
1073893270
1848201880
978451404
962218227
5430142895
5701506133
1366377879
1992305459
1325337591
812093479
1721694669
5705553302
1140396906
770224497
6137044528
1945028650
1736900474
1628524093
670825416
5036017720
908753079
585240357
1335923971
5796441075
6203356141
2071123943
1841003910
567200575
6300351010
1012624015
323099218
1338251657
1884604283
847212623
5657715947
5010146351
1126846430
1351534257
910733328
818516368
1057595920
1105961088
732518229
5350050662
1727788689
831221264
6064586014
1380496795
1755207819
825709466
1740237442
1974297209
1370576093
5428510518
1336729415
1325423390
6274579234
1990771373
631303057
1196407634
5703432593
1225776054
1897374813
1721428558
5843928192
1097300830
2027400034
1376247277
5033089051
2031498354
953060263
1813891084
1300015407
5644596638
1307638671
5735875474
559762860
1029457095
1922666498
6094476107
996854708
1490306728
5738630145
5768804463
1052087667
867251557
1975134544
1973100047
1457022180
2088545576
5311585888
5764259519
2124198407
1001118214
2054184622
6198920463
1814833517
1557295953
966608802
6157020190
1626516711
788001432
1486750935
1921247263
1048973196
1747910480
1868656587
1316290142
486024315
1004885957
6166065862
1801381488
480163665
1263346103
2082041100
1279962149
596239484
1900049434
1800065305
6148127477
1932860467
1128035541
489794506
5344312753
1205386049
838908898
2132142952
5818104274
5738397131
674684232
140677635
1053644969
6290617549
1712885325
1538728825
5547933537
6157288259
1452048791
1708686256
1990599484
868346496
1263705006
1746029221
1112236860
650550504
5113080242
5078951817
1943391371
645714453
5709360799
5923816266
1879356509
1678266707
1394841005
1628235008
2027091186
1288944678
5506904101
5105143136
5608767278
1889802372
1943387566
6331854075
843174974
5869093904
930118709
767570701
1491644723
2004462764
6394427659
6171324944
6077161232
954684561
5410991674
1680647075
1288228417
5729596759
2066050856
1965660625
1725485672
397657913
1121953414
5966116732
1493719787
1514193062
5782615210
1615677513
5401357831
5005664391
1908350462
6059704157
525444287
1475891548
1460110699
1875635886
1494537839
916005038
5969539146
1838243088
5501950785
5499795978
6283762631
1843484827
1123747908
5202381213
1242614138
1357422646
1648339827
1929007497
6123569270
894261951
1910147454
5411196284
6128603855
2066021598
1489398969
1742276094
5831514372
1550512147
5811700860
1212977998
1220364114
1853476500
1766356088
1466084651
1188812233
1545304244
5367230822
1052404930
768039584
959177128
2021260084
491581950
608796972
6175241893
1013254905
1771841987
784935771
5013958652
5705269706
6175177918
5995089222
1081377929
1748571593
5524005758
5068307117
6193037191
5846885595
593142362
1077942618
6188725577
993268696
5280593418
1053166682
5787995585
5997204028
2113274006
2106895038
6292992530
869140508
828255096
6207280361
1028847262
2081602968
1741995703
5534724397
1433477521
593315980
1981200222
6289345698
5269994652
1815275781
1463683341
1525792236
1503569049
1353775167
1325595991
5861090219
892969371
5895910023
1379521333
5518744758
5925364653
6286423826
1034089411
1836444001
827661392
5306314258
5588411652
6232280028
6160472461
5453798368
5559257689
1930920689
671024970
1992270012
740223046
1729564069
5641311013
5394496061
5731849228
1036655516
1875934247
5013922637
1379587628
5235943164
1954621640
5616975242
5994947672
5632703851
868807639
1417173842
417635773
6129880673
1006751972
2087372657
797275138
901700844
5066495072
1287971607
174450018
6258867155
5736957577
5242270169
1075971895
5273507990
1194032709
1638236016
789608090
1401036384
1872561682
853021923
1474320176
1807108201
625856664
5159612253
5954973557
5430843760
1487415715
999727011
5610863911
2143073894
5180412764
1312496191
6345225611
1350851332
1007754056
1809074108
745007253
5206202772
838349625
5387683972
910559131
623017154
1543376669
1292981903
5430853052
1737912613
2028713005
1926256369
1371084625
5272258324
655979683
1427627963
1449726357
5601905366
5117824483
5939853793
648240363
5906531028
1597158299
895715903
6191603247
5750029703
5301182380
5554632073
5650026291
5111517054
5531703205
448789289
1925641322
1443176885
1921774090
1529110591
6288475284
1338649919
1457562144
1079556837
5544579404
709965973
5444170412
1230130434
6117152619
718195387
759798575
6014526139
5799152257
5368716096
2085416693
5217639834
1230711485
5188156469
5496466143
1105722110
5694936696
1666856048
1324420650
1542203741
5560769811
1504313607
1321705143
5494010270
1742619531
1463529665
5876506645
6124878526
5580639241
1218091402
2140950529
5589671246
1510725297
1526519693
1353050871
1439467567
1363983211
940459468
5434263977
2010882481
5243139850
2025401630
645738982
1312868217
561391057
1714303832
1362379172
1166187291
6314956544
6384470011
705205941
1364763460
5721488753
5808235254
5352533853
1194776362
1393660508
1913297883
341122345
5853868080
5997480457
5127336292
5029620342
6112100952
1526449783
1354791358
921172117
6054571462
1914018587
5168130396
5462321264
5473563762
5171056653
1186858660
1310703846
1882577676
1399008358
6162947179
884736062
2092578498
5902419387
778716035
5277440140
943852582
63881405
5672838881
2144114343
6071008321
1535628958
6331686390
1389655400
6389855999
1469532795
5520572502
5957474431
1374055111
5325582436
1246235258
5664241377
5264222424
2130869931
996447047
1570554304
1202260696
5218325550
1010598979
5251812372
1877258791
6119112771
5390639112
1950611847
1878786754
2074252596
1071965202
1452995813
2043299072
1120560661
1771026518
1412779454
6129535969
5365961060
5272633990
1040596269
2014224843
1433559017
5503142751
897014794
1624511535
699073701
5747107241
5011691525
5607382042
5701289384
2120142503
5864765827
769669586
2023379336
1672615612
677975233
1113867128
6123178663
2131410246
5796287528
1120607121
5393586992
1159305441
672530303
5529594723
5617498026
1838473478
885788537
917414965
1490584250
1963248706
1804810575
1485707806
1374682338
1863109268
6325047272
1496723432
6220726281
642398095
1880768614
1613982895
812991974
457850292
887292134
5862317517
2023655779
1303883538
5043342410
1202990197
5017121126
5234725526
5623474447
1139169363
2104028476
2084636299
1410372058
5036859679
1224879216
600302325
6060079442
1381408094
1836429876
657586418
1365883016
1410869499
825117115
1631828998
974219393
1858918308
2108194146
498083011
1505911527
1718699793
1000981276
1024489006
2069276419
938598886
5552078609
5868273786
5730224678
1187813467
1001099603
6119493884
2002336090
2100277409
819553660
5166686784
1401917722
1829600203
1435521317
6144707277
6130526362
5614930035
5096289420
5087456954
1413152861
1890954599
1422856182
1837397583
1200559335
5751420494
6238441859
797560627
5888439931
1115066678
5945929384
1447584976
5467389263
1690156618
1271252066
1344404045
5386610638
5889971146
5414067354
1725407346
1445192012
1306703391
1797993214
992771741
819797571
1823306967
1036795527
1331316314
5598116358
1312130616
1771969698
1343238595
1424298589
1930691958
5983858167
931991607
5360492268
714873805
1269967563
713715609
1495703164
1955256400
1734255624
1158605993
1473213803
864426947
1069544673
6012769260
1395433336
5213821638
2121124791
1381285240
5354520193
1913892675
5290175490
6002526520
1370851920
822980344
1493030055
6127121194
6096474877
1781795939
1790183558
6142477605
1381162946
508163414
5629516745
1566983721
834641349
1486785121
1992394157
683370148
5313226645
1941258912
5443159713
1606267308
1893710016
1717700188
1168436826
1425109988
1323424416
828312542
1295580394
5179946481
6237750169
6027478849
1991656911
1215823464
5902752283
5357093495
5941101050
5224604544
6320598251
957375869
729413666
5866504119
499857598
1741119829
1098898099
5699091142
1080764446
2020008737
2137416168
808486074
6153953638
552714099
5262037711
5399818581
5718973520
701725333
1375431680
5032773078
1079075580
965149564
5476590568
1725712251
1268527599
866132083
5885541233
918663796
1625214600
5714553762
1425655642
5997988892
6164214715
983786966
6314092548
1376743952
1325170625
795356162
1665746819
1081270878
288263750
1310586661
1736115790
901987967
1317760570
1677152874
5104502460
5210185460
755434814
1306051696
1167032083
1465011948
2007863827
5036131198
5191906174
2068784398
1999955302
5117765734
1903638049
5701919817
914625823
6357718279
1409227454
1669383740
1989419244
1073499130
1771741634
1357100547
1750153288
5757097659
5405695963
6258333271
6253890659
6018377097
788557871
1873269447
5814088527
5146759634
2133761757
5262997464
1404157296
975845588
5875276314
5531963152
1856063430
1240646267
866258967
1927472369
5428759928
2121931866
740559544
1741135900
849200799
693364451
867227842
408881733
934949151
639819748
2059346888
5438841844
2098075346
1746546210
5772276739
983122348
1464173115
5382227399
1698582963
1252122993
5398448383
1775617702
156637198
5794395255
5939970323
1770821246
1870096518
5473997901
5817895735
5389299074
6012292798
6165215813
5741126248
954691497
1029170197
5546564505
6081858806
5760010678
5454133273
5344891622
5404931966
1305187947
5802913087
2029445612
1695273194
717061766
943437656
5811150201
6124450015
5709732124
2075572891
6270187340
5498637018
5765093895
2057719104
995730901
1970297635
1428024871
5942079216
1801030672
634369182
2102105347
1434180738
1144949148
5073536531
1567579399
1465827389
1495218174
1781364687
5020759320
1154569852
5730548615
955751810
5260279205
1366751981
6355516589
940548575
1462725606
434579825
654226405
6273435368
773278296
6093337423
5315899567
2146475710
884514082
860479140
1907450348
1743866124
5965328661
6152607580
1159437942
1917837416
5328214845
5362529304
2123204604
5793366058
5793366058
1267797078
1975450906
5854421217
5829104842
699308240
785225706
646372734
2080559461
6112342572
1100775054
5361910926
1617213463
1075320778
5383352171
783281814
6140649689
6230564559
942880438
5261242570
885478039
5860490700
1019810273
6389025400
723277466
5848288873
6193295023
1739373087
861449026
1483410652
6202054052
1033575878
1315845025
1586104872
6145374946
5240015898
949224690
5527892555
1033555585
741509800
1000967865
1697321679
758363646
1131759075
1968454501
1652074677
815391154
1112745038
1278893276
1097174902
1033979673
677210649
1996109034
5558914341
1902620739
1686888380
968513192
1894040885
1361868080
6074775108
5311540639
1652938297
817277513
1176563302
1460025252
1870044687
1915414178
1094365525
906845792
5292239843
5612038215
1953656956
1424423794
2011959739
5477278215
5048688867
1717135193
5637380091
6022601307
5696603610
1716843010
1085524520
2035655979
532224762
1849196057
1177392382
1117453233
726278453
1619895096
1267761624
5105976700
6354837091
1400452861
1329840447
1832577504
5034765992
1558892481
6248436289
2019408270
1958571471
1425709172
5640302246
5251310513
5023564606
5227278596
6290802064
2143142631
1448930939
661084503
6050814813
1049642610
1696458531
6160543857
5660545790
1154913525
1347464404
765800953
5470035149
6139560277
1957348641
6136446483
645035162
5598503108
1061324551
593531920
1922227255
5627408128
1482656228
1173016822
1413638026
1140537710
1180842908
5103887373
966710995
5999832628
1863799323
1063909399
1063517625
1970609257
5905256362
1467923366
1895330016
965146036
5170078018
159869899
6399759124
1171122158
1244597336
1458226648
1171990687
1178982122
772333175
994446524
1304015918
1812389281
1857915001
2056164333
1975165161
5597550053
5999384640
801513375
1184797401
6397364647
5841317467
1224546457
6321625759
875773909
5454563274
1676517839
493381262
5360795525
1202259103
1195986280
714498080
1858383403
906754945
5379550605
806049087
5803609150
1130808892
6261375708
1040113839
1691220018
5858271344
1963887347
5082785785
5009498157
577034312
1686265920
5034298386
721459796
1455778496
6118673765
5813686767
5969242924
5918972456
4068525
784348439
679136536
5468089479
6113207272
1335058335
1988655019
1929864623
1810752933
1787752777
6123076376
832091795
1535813370
6269372561
956079713
1230890590
1039793050
6275293282
805412402
1278006183
5190054282
711529622
583701033
662794944
1854007552
1466372454
1215802306
5915760690
1683852891
5867483391
928968423
911428306
1880802222
5237209266
1065596487
5002273135
1196732704
1487656540
6340031918
5107726716
607675820
1373283139
1164808631
594036453
5061828491
5527742600
6214288998
5853818123
5710312655
5970251129
1848510537
6148841313
804129801
5178672944
5026833824
1447743929
2073792495
1324447939
5387828447
1718847954
5558926337
5228193152
1481476221
5530815958
5267020022
6261088405
862467983
1495719653
5225433303
1429500588
573532731
5287802306
1499466048
5905365120
296759436
5624817479
962670273
6143743867
2068007547
1071440104
1880612942
1759396665
472569649
2050322836
1582918497
1767944383
1377252048
5796348829
1061997938
1248093992
1724340146
6103099326
5300450922
1310139764
5003082424
1040903826
1471050175
1132852533
1320315279
1261814629
5823107668
6095568794
1160775642
1093514426
569497702
1260972203
5158000344
1377188722
1926375734
2136024867
5853950387
1326085902
5464140561
626507926
1797378513
1985213867
5643273574
1843782573
2132967893
6286814601
1033588210
5393609373
5020958659
5141001576
1299014636
6194745898
1212051394
5414448058
765906867
5983447319
5213710753
1265992822
1121194482
5843169847
2109838171
771278775
961165715
1944745607
1600826678
5181822507
1007741591
1393982989
5360052229
1566473750
1345450222
1804240510
1017732838
1822680665
5991610275
1520358608
2006872809
1279274242
1123399946
5183240792
1680990446
1370047715
5546649282
1388997674
1018990761
1453219114
6104487437
851013982
799378933
1418188078
5136947721
5219151366
1885252603
1805264252
1362637855
5584421364
571183812
2056761829
2005986988
1490496654
1147511308
5495008813
1419397836
5251138645
5489702110
1272927875
5092060090
761857151
5043646231
1019190415
1468963389
6105694419
1571175518
5095618288
5876428420
6148142858
5166500560
5282187660
801886360
1789503376
5131071836
5872021591
1567530693
1035672808
762464833
1939152337
755519515
5962132649
5728653335
1196794635
1477332691
5621338659
5590521217
1422843955
1011509482
6081791940
5692263667
915784006
1009360500
5503090082
829852264
5901733920
1797045443
1251439787
1030360268
932828256
5444246261
5703756524
1976710291
5342340389
1023753302
1321565525
5666041119
5580690554
2091690554
5763546818
1420785944
6233703716
1484798210
5360265912
5750795752
1268495294
1622251155
1763659589
1586242256
5892734653
5884731886
456959783
5139470299
1705311904
5624986553
5832574334
758003603
5641436161
5409000716
1847416387
1171119174
1552208414
5860687139
1535297077
2025735477
1494846332
1970060044
1105629353
5000045326
1101403978
1752784399
2045689123
1081908999
1925363703
5626699864
1383268590
1369323131
1362582327
5912392353
978785221
6032696638
1155051506
5954066668
5959803347
2058436658
1977387704
1942535690
1473308579
5490012335
5872974097
358609569
1666659989
5661688835
6283449927
720346823
1216353377
5243890195
5230203312
585298838
58125639
1148213410
1184638873
2077824687
1724071403
5867979356
1956368343
1620745845
1576037025
6335438900
1746528440
534148060
5680264216
1923179876
1476970824
1344034035
5103026894
1749851594
5429772873
1914971324
1692699999
1377436881
1983854654
1197002259
1180283737
5093391368
6278494832
2025581737
1302772589
937439790
5759768427
6310986592
157098380
1143540660
2019745438
1910120546
5420393854
5277936084
616507493
809977118
5641286093
5834384840
1012947525
1070859994
863373973
646892486
5496748591
6295582133
5115172374
816906996
723347062
1500713887
1130201439
6175397212
1296980109
895050214
1748064519
6082199355
1018241178
5185952783
1795929474
1610937853
1577936120
5000039688
1059922847
6054549199
1962153759
1640570178
5046823196
1438033395
202836237
5338370943
2071692821
1435879728
867718927
1090260234
1446704630
815072411
5122655414
1927147854
805724333
923170001
1076106762
5575563797
1513979717
902807692
6198386333
2009954467
714161028
847023816
5690913916
1411527903
605313008
921610718
995076991
1603760441
1111584944
1315456646
2116760403
1572745844
5437997763
1356673779
850178357
1044872594
1200190071
1927378166
5486477837
2083880305
1188157800
5487711150
1088226862
1100834985
1949833933
1385084298
770218031
1950899071
2008248421
6347662654
5501315345
1315862677
6364533675
5982901579
1394515790
5109286373
1863440462
6376885595
781448463
676541024
928741680
2122841799
1960948908
1330273572
2045965427
5635397406
1817193107
5289909846
5415554585
1970512190
1876361101
6177960816
6170092125
1239009553
1475702037
5790082326
2142227906
1233267962
964652362
737139288
1949571902
6112264925
5762453826
2064596458
82804245
6149285513
2013739587
1340970089
5652272620
904849222
884732575
2038665273
6257112936
1631120270
5968888083
1765905919
1117198327
1032285328
749520501
1247360540
1483256212
1990145183
5722742729
1012842637
5711029730
1360670866
6075687208
1744868680
2009823350
5826325119
5777164814
6100497460
844298360
1068826943
1100317306
965801052
1033827542
723653968
1884842073
6223974317
1844169962
5268684527
1499017227
5421678815
702130027
889954109
1825155184
6160163900
773298553
1849623739
850606514
1140185122
5402108384
1719971136
1590314889
2052556253
1588104571
6166681686
961108108
1709252104
1173806095
6369695132
1251790375
5318557384
949283162
824432498
5290478272
893290217
1461346210
890685612
1677790798
1638089976
1768174483
440153251
1482244720
347463718
5552436390
1497623475
5382008615
1092000669
1638347124
5218033727
6599462
2008007785
5034591416
1471094643
1193143091
1722211900
1486166860
6030974068
6301670068
1044525228
904678173
806679449
2020983845
5258467480
1331137432
1481535923
1396622095
1702643534
5189725331
5594908006
1444258070
5989395121
625937309
1309266002
5557354857
874545492
630986789
977007500
987784539
1575410120
5236545163
1420727701
1330645135
1982335355
1800190033
718240441
6196411447
5133436755
1039940053
5312855055
5939623637
5743893828
2130024752
1851990015
880748439
1981709183
1147024612
1489223483
1313761014
1346837773
5102512534
1424282723
5451103769
1858552488
1120533573
1481365910
6212468227
1338322464
5932627476
5553236821
1285674819
1364706603
2016985597
5978335898
1959352588
1074360694
1110722547
5749517331
2085888093
870663815
5005512721
5543728095
793331395
1305561009
940193546
922751129
6207509906
1652023581
1903477122
1810833629
1718086550
6142360474
889776893
1968228447
1966274222
1362892015
1368283581
1484773055
5095757989
5219688735
6202143544
1262217203
6131221156
641937258
5452872913
5300152257
1010354527
1276498872
729249357
6239452863
6004197397
5277906584
819588421
5762016707
1938202739
1361191925
753734677
6154672718
2017064807
5358667532
5099648501
5693531899
5312881850
1725212184
6139368886
1873365727
5639648330
6126332398
6194362206
1750958968
1352107198
5369036630
472320867
1797451146
6014310831
1239744249
1765911942
1653102049
758489931
5665742282
1169901238
1973509258
5503275839
5344556098
1134115273
1265334998
1882364821
752722081
2089295161
1059251093
953195567
1766378817
1758714434
5921056112
1515649197
1147792761
1034932362
5142244251
5525216522
600503036
2046090490
884846011
5968899110
1792965780
5595338917
681608900
972259784
6344684722
5184645992
5923617240
821739037
5703609682
5441866863
1991592882
5097225428
1348784616
6288896135
1079331235
1005941167
5461346796
466157434
5015141469
650827063
1901498530
415250545
5957811738
635632589
1404220411
1104669190
1417370052
5640658754
826581689
1226508851
5036549785
5842037831
1710906895
5727505167
1655638955
85702966
608212798
5055122033
6038686313
5026880533
5694224061
5519910782
1514284643
1382241075
5411741997
1449019617
1358433717
1363147294
512066515
5152347948
486262675
1847671786
1378959268
5100645426
963139499
5911170526
1995502162
5207104881
1575069606
1668083367
1007247156
1147317766
1948371161
759821197
1897090385
929407299
1382254600
1479753542
5044715380
756841524
1990346774
1337894794
1367961897
1613996768
1430163198
5023980867
5265665390
6373627107
5342634147
1843912843
6172008537
5736871182
1908218575
1736319883
5413170376
5040652394
5651469853
1399569569
1258248327
1158202842
6324358365
5037491886
1972693942
5044624956
2118238070
5316251173
6127558766
959725986
1552118353
6347239965
1293868650
684013609
811939457
1049257440
1628346790
6299913627
1753508645
5833918347
1849217977
5745237761
832679415
2133497706
714462124
906491715
5748334006
1361895850
5567678971
1582827527
2054074145
1469629163
727271652
1325543584
1645140815
1078622612
1694897798
1536661852
1069046895
1908327652
5470624711
650181884
5228858195
1934368407
1359958244
1473275598
2028734076
6126135078
1147726905
301482158
5251220583
1004767994
1897238992
5924720923
5269125055
1261671616
1974653874
5789744173
2124088371
1332989543
655700156
5218598862
1740216136
1786753436
1172577320
1283351302
1319579004
948687479
1256992177
5378181676
1779535101
864456669
753300108
5570169587
6195050821
5825092915
1423785670
1942217428
6243808307
668433403
5307667337
584636852
1496849700
1937978132
5325524649
1206217580
5729398601
1427339759
1687351556
5071095536
911689304
5771787562
5475599810
5159289100
775391435
1345477282
1297940524
1691407428
1756560252
6104359732
5467946229
5184335964
2059340206
5391082825
5231833608
1517895246
5910141235
1461195660
5264844092
5492445616
1244619947
1497575412
5241689257
5532053238
1050710429
1525767023
1046798400
565748177
238223614
828093598
1292939933
5321694068
6103063716
1461772025
1478261334
670825355
5055113355
6375048782
5722207317
1512211476
1084995276
5086688063
5893928546
1520770961
1606525460
6224354688
1338690905
5482861297
6185287378
1299023087
5573613721
6259959990
5289292927
1009275593
5570020907
1444533439
1822256230
6169651182
823626755
2111321464
1223807256
960948612
662205659
6060648044
5444965248
1705289915
1996261559
427454293
247261416
773026489
7736507
5287330354
5686003553
1389415153
5030553143
2061460938
1311883913
2102361564
1961059705
6269969532
1355158669
889187650
977686192
2099669965
5909057504
1391255282
1867275458
5864031728
919056520
5900618276
967712840
1336034619
5114995727
631628724
5974626317
344742836
1979506042
701074040
1101675270
5507945139
5854178811
6303095956
1624838721
5396465735
1710018287
5045530231
1295449803
1249187319
1334914488
5384200797
5199822513
1914216591
1443213531
5956037370
1143393198
6008913824
1027155799
5122333109
5929486239
5444100238
674785255
1764290367
737659974
1311114742
5584456193
1979259877
1984668127
5246844772
6277854872
1740172838
1879491375
1995920436
1913925336
988587849
1691144542
1714829503
957687784
930162387
903165225
6207803237
1221183675
6350375840
988418512
836806211
6392041379
5639991507
5504900895
5585972787
859148655
6067874358
2020381375
1854833027
6184219333
6054769747
6364893594
257421850
1363010886
1739753031
6012004500
1458178683
1320172640
529570259
1185491381
166467542
1135973874
722944445
834561551
1741915077
786608960
515515135
5872040400
5761417355
5495398363
1041159647
2013760009
1708561198
5271190568
1972409869
1151240932
1682572625
1033636293
5081028157
5880164998
5725889379
1188711167
637241124
1395182459
805395646
986111324
17211645
792534179
203659421
1121262751
1902236291
6373083844
1137328645
6045689231
6263341514
5168166534
2029944724
1062441240
859259811
5404694749
2027139573
232444182
810817233
5458249136
663409012
5638016611
5357052942
5751772448
1277501450
1293673778
1273373684
6036494504
5924367869
1658047391
1754668187
924941192
1120564784
1202603667
1490357055
1205312715
1497712134
5213770623
735925477
1682977584
5829686665
938725274
401107453
5615310805
1551644637
5475953293
5177712977
6399194571
1255349569
5785121588
5796871336
5463210138
5463426393
1792288591
1234530913
1846555810
5455094575
5778014173
1985157919
5025479926
5963566735
1620247970
1468640588
738643709
5356487144
1795914546
2098665742
650415206
1873683831
1033582050
523351847
5396378206
595540595
5705897465
610837042
896019759
5702604860
6119724982
2097811935
5865155136
5752883584
2083587957
1247116724
5630834559
831298606
1970218132
5475461573
6379504787
1082530164
6349783495
1494277257
1635747563
5702026232
2003090508
2082981471
959945748
5629968428
6399418270
5634695432
1130897671
5896621588
1435032670
1465482905
957869842
5966864577
6224850840
978415
1921138056
597878092
6138890628
5873645258
5883700653
1317116971
2063032481
5209136635
5286787860
1962023621
771785906
1348133957
1449581393
5061453872
993498424
1574026124
703498971
1077776411
1370719399
1457471734
987953934
5919050898
1497170993
1756695418
557796822
1013117038
1315261298
5303666137
587916852
190565117
6075146033
1765385859
1383169961
6230066050
578461463
1961826537
1590024124
5169283383
1133557135
5367116940
1099273225
1432621473
1238578959
425459510
933980250
1908911155
1142832563
400247686
1146344433
5611860173
913907300
1369812168
793405746
1008140111
163712416
1078064674
992208067
5698653853
1116897256
1297538188
5673646133
2054623379
1458612471
619901863
5242845018
711952546
1689709176
1238385687
1215960631
1086039992
6101982342
1092915802
1029266906
1196828920
1452135386
797278171
5266452985
6094503178
625102929
1583151024
540572360
947132553
1890731329
1908644845
969159277
6322783234
5856790808
1013874799
1741438887
1134735956
1395685690
739466789
537752838
1496500494
1317521144
5111343340
847312885
1295790931
5820746773
2063493575
5781195301
5360408692
5861753809
5682879798
6391650847
1837265785
6063242596
892424288
1997226972
1517319507
1431097384
5396026514
5579342533
780189610
5542950732
5695854173
5065409857
6178435107
662030773
1798244504
1707095678
6251729701
1373656492
1772632104
525405256
1136175545
5475744291
1032655577
1232791662
693391139
1368714200
6199519253
1922749908
1600115151
1437742493
153793352
1917537197
5623309890
1096476369
640408575
1292692666
1631302325
860484137
1160383159
1127050941
1555850893
1986856854
5330826551
1027077495
844036330
5555780106
2029844620
1062906401
1798409332
5968981161
6268947804
5282064405
5805416546
1302925182
800858221
6158065968
665552315
5341496378
1829889344
5987546479
1036172852
6201724109
1548560034
5862912977
1200721307
1657582357
6122901968
707299146
754313414
5321325547
1412815003
997276483
1558947033
5112519573
963211951
996785903
5338982272
5238234503
5818534757
5498796635
1992225153
5625255074
5577736614
1392436007
1965362896
5462245818
1061218976
5610499084
1366523430
6093070748
1601801671
6125359070
2141834957
5395002757
806073634
1539566020
5611926397
5274392217
26920222
1094235328
929543011
1681019751
557633804
1797485805
5328996973
596296533
2028199279
1464295949
1528425304
5686185094
1958935607
1881012681
5981356207
1493599823
919701277
5523498039
1010058085
1453768328
5108664551
5718191091
802283352
1219633555
857701250
5154183041
1237565933
2035196227
1370492931
5602996995
805796803
645584477
1382221062
5618424287
909702788
6212870313
836791361
1795435214
962770842
5517226964
5562478535
1340929715
6339290241
6215354276
2004617905
1503847519
1705073086
5588746026
5445668198
1120921637
1801132758
5369336699
1407553602
6309567364
1486515799
553977984
1023140727
2147102101
5737481081
1989261155
1444443412
6277708871
959179345
776273625
1560527869
1189602535
1573643717
847795789
5411001191
5414508839
715971617
961954750
5501217404
154297911
5314168806
845542036
1543167960
5183278639
2135851060
1864487928
6253427826
1630543975
5226134155
1824721299
1229472556
688107124
1375518381
2007667799
6259044425
5076569975
1373846803
5951604995
1139902408
1343035646
1888993593
800155110
1038895136
898848213
1014234061
1355123204
671795190
710549371
729019299
1869649447
1511528641
632175044
804202715
944092663
6247770679
6135152274
5134537699
1282694343
5092801835
1839447901
1463538576
1885736601
1635940187
983859207
5771499903
608588477
5209232422
832689517
6251623836
6033782416
1420203057
1972990982
1712052212
1289864418
2024191033
6246404231
1756678867
1047246453
5026093323
1465550124
6147956659
1923085142
5255755043
1048383966
1735399500
6309805819
394373647
844710406
5178987327
730927699
923892671
2119588669
1686878999
1498501315
6354093378
5314407919
360248178
750197354
649772856
713210474
1864485086
1376306390
815532745
1883785153
5014715906
1939214159
1570179084
1620711700
442182483
875629705
5983976104
5226303259
2051105460
1428453629
6344359018
1007973778
643885022
1210192778
6132891948
1799805017
1028557758
1359187516
6330514964
1288163671
5312646588
1095358757
325509567
1537605055
1297416082
808106041
5482929482
1389203688
913534031
5124684403
1555512731
1229603005
563016231
5211846613
5913176681
6149022406
2118253814
5230314209
1083761419
5157017327
1610525304
1474956360
5384615089
1599953330
1929699218
5300322464
1654195813
948389454
5269227273
1318947103
6068639958
6026542933
996277353
5134817480
5782240134
5471796899
5710476757
5667825597
5016981820
1129470711
175417304
1167990677
1668510455
5940857296
1949299279
1864112587
22780176
990544157
5891066673
6161558128
861776332
6163804465
1235217043
1317782313
2132086911
816179020
5569894441
1982850885
1113274645
960325417
897442366
778407391
5118681500
756487570
1135421332
670579969
5882035954
6239809187
1412836182
5448960951
6206524429
1736319262
5515445588
1201091071
1338151679
1199658661
1240073407
931100879
1381561401
5872524050
1489805021
2026097598
5991626112
907979732
747492695
1812193153
1573499449
5197658430
1757502965
1001072687
6274196146
360578759
413042326
1474841739
1860894725
763101244
5526843620
5966575215
2076307801
1684717565
5482812602
502569072
5475008547
6245653135
496420518
1356553453
5043162336
1667667883
5736842850
1269921535
685129756
1013843089
5851267527
882264831
6133941532
1452877575
5409930435
5901759783
787393786
1188721056
676076397
5792475117
863355263
867960847
1890928858
5487837998
1802003821
6090657164
2076036108
5208751241
5143169076
918125468
5055008521
5071441915
5519976484
5713282005
1748597907
6101912951
1367225605
1919134168
5272228774
1255837151
5515753719
1695435406
2061075949
5021130442
1927598186
1938214326
5566330796
679251906
1457404252
520506565
1090345266
6063354186
5904516773
1144003938
2028808040
1175555275
930046161
1595360137
878783749
613270279
1731496428
1764843936
1363337242
1346318453
5649762805
1127588699
1176248084
5415048547
943446791
1060690469
1119845269
5091795157
5024656117
1458609991
1392392602
986864824
955003151
760276741
1707620024
1537401089
6318242724
1194020802
878062165
5377049892
1234906802
1236392562
5518969780
5040463532
6084457599
5344513166
5995378386
1121589310
5136562904
6079290284
5306064658
5933775419
1081019834
5410928479
1603301254
5040385192
1477669492
6218329809
1078194842
1271513397
1398778698
1553788870
1085762501
1394824247
701711952
973616603
819033660
1454045571
769936987
1281948665
5468003820
1177183834
936879158
1220005209
2128512523
6143305145
944859961
1836397939
1691352701
1356490519
1537777806
552791721
5141206086
5295145739
1797858192
1268890240
1640158765
700238150
2139704675
5991854863
561934788
1763474754
794196763
1286360190
902091466
634366159
1439926265
5415186989
1817597066
2071201031
1377910925
5658084331
5975069588
1488989903
897246452
6383132406
849121553
5168420004
740878845
169457298
938737952
1763546881
632738792
1149181465
6142426929
488301460
5871791107
1819083259
5756173330
987651197
280668285
6223718332
659540035
5486326828
1937409953
6205060401
5581550429
5036000465
1380846564
1517503955
5035350250
5468554306
5991618077
1072357613
882606997
1311949294
1384728810
1815055064
1892143564
933746402
6027133007
1422888410
1133835977
1553570650
906237907
412112007
6202383540
1948174462
5722287483
1164147280
2018787724
5421574496
2006253547
1304844663
5891433502
1309329319
5943188465
2121973479
1477419141
611852300
2138505886
5434970858
1740027743
1480536377
5729668196
1406403859
975870924
5570371037
6124257540
386279059
1342917345
1834175352
5472910310
800154153
1337947715
5179605971
923013907
1032544265
6086101558
1823465438
5960465334
6022015232
6006950565
1481952469
1077320270
5623213623
893081155
945792975
909874842
1814426318
1911716307
5728358126
5800259470
1143753861
1048027747
681516544
5295617402
6087958063
5290695926
5406537876
6380955416
782921307
1998028062
6225253477
1867849734
457554515
1709610730
6314490216
1965538749
639271840
6232066571
5604312003
6161998161
5562993041
1208502532
5292244201
950260360
1483448058
1398172718
325281225
650047661
1237133712
1019973330
1794348765
2080294467
1700346786
6176710867
144149666
1451279471
1702176280
2038206341
1410539763
5204228819
1084319778
768851755
5627197364
1723989944
6197544464
1751215819
5673549955
678011865
1019066615
5267630222
6349288119
1224207902
1089837354
569860916
809944836
42727703
5084042584
5446339066
898262096
5543319705
6004329331
677665535
5427307786
1332881275
1453334319
1483979884
1070238506
5419182326
5764106588
1612038005
2095658053
6298002287
1138476886
2127556497
6085968866
398207617
428126352
5791487905
1577911559
5528389501
5912712541
5610618204
5707192528
5746179521
5746179521
910972210
1724052323
5988659939
5886898736
5137856158
547807359
5088192734
626098659
1569915532
1967923866
1003175569
5503357853
1653498634
1964159389
6128853483
5325815791
1218854843
5125252102
1143218701
5793806993
1502378762
5389250855
1116332990
2006950185
5166027056
2010390394
1483552769
1132304178
865124813
1696299128
1605813854
2131541048
1391561001
919563811
5815811142
971061624
6020477511
5700446684
1609850909
613444680
1129360408
5874046944
1159697621
1772859981
1584134536
5414149229
482052950
5199481502
1524244275
533759659
802143629
5006919957
5643067429
2011693981
501830835
1976877833
1411995894
880181381
5202936772
5276549015
5415499836
6034699196
2002353414
1118431081
1063868583
5708854793
1423863025
5947020918
5426399228
1865731538
949047420
1892050714
1972610019
5675641718
795765415
1286229241
1979985917
1618528508
1681300166
1858265315
1201814654
6054612355
277474738
1813499553
1759174515
1812065781
1458437122
1957826547
964954864
5753540680
1355628822
921788097
1967266092
1626342689
905471095
448184011
658808214
1041800823
1046233085
936626287
1343623103
5316515903
5037553565
1800852043
693036950
675695425
1828323732
1800287505
987547181
1410083277
828153762
1817753888
1066648163
1867090628
5381961489
5896752161
6017065087
1998439811
1687281968
2133805358
1197028481
6189809264
1023677875
1769857083
1978017680
1099158984
5994995138
617077051
152218377
885722360
2136873868
863772280
772606032
1882434263
1942845400
901346246
1206401076
1479517497
1900950571
861739669
5624807818
761266105
738642056
1069482902
950659950
1014143777
988020681
1352163440
6149049264
5669988247
1979031441
528691683
6124361625
1761477390
1338180656
655382285
1697576837
5606923881
5241841935
1245791623
1646021161
1202377389
1713863104
1668345623
720288604
766979120
1976947447
6033614510
1768189545
1400664475
1142756023
356846529
1882864970
1620729042
1422510380
5615775791
1964795837
1452685491
5535030048
1199693976
6311972161
2048067541
6229766395
1386438604
1793189384
1426672590
892535936
5852782618
1690923575
1384953189
569245297
5891056078
5891056078
1081277595
572806313
1444695421
1233053629
5426191968
5269661479
2053001207
1374107674
1142402994
5885890695
5016783482
6286619074
5249329194
778150152
5620705676
5830971274
1477197936
969350863
5026185746
814111013
5378988878
1778956936
5170219453
1482103577
1745732915
1286432974
1358153914
5510756416
1973107751
233847576
6188226660
5068100919
5606484210
1561661321
5902146833
5161354397
1129569956
5611946081
6079194664
772472496
141450234
5045631891
1285281336
1532048271
467403958
902065076
1289044827
6140645984
5025179945
1847408629
1658442837
1820192572
1479663021
1215653388
1614712942
1251996054
982219540
5204021109
6206139599
5051369384
1607552898
1298398535
5707684211
5205627339
1105766967
2112867705
1435018911
1426160623
1698240721
1977038659
918510585
2033902523
962743155
2046594081
1028750300
854390750
1453462344
1240216608
1476545529
1013723720
1914183596
1391560914
5881084528
6209047502
1235274852
1996377231
1878091023
1365127112
2128954032
493730476
5732182320
5092734756
5417731037
1674179289
1466513007
5236004335
5840172873
1498022875
1733372166
5597835491
6108820965
6137509052
5502276891
5226352754
1375499615
1683329159
1703279868
310634535
979770401
6125591953
949045506
951495143
5865872793
1340883332
2026650833
1959207317
1162845190
1809070982
5722771603
930786204
2111615037
5001893465
879078445
1902294149
6184668237
6010177657
2031254767
6249162326
1192315402
5057721758
1958386735
6189972681
1896073563
1043502444
1688304683
1950177148
1375265462
252230909
2079248629
1727674022
6118512692
1563529590
1481782546
1981261686
1380390045
1312145395
1709793516
847165350
2042848319
1937728300
1093960757
5929774439
5023624566
599283731
6303543881
5250885731
1695752933
1865892378
5793428231
1676768683
1811419685
6132455007
2034436131
5891592962
1061695939
5231086612
397603503
1721006982
1021019550
1084340289
697237073
89927656
5315493830
1379535541
5957879495
1515104925
845579374
1622316935
970681034
5064516592
5811488987
1907936038
5089717576
703848692
5216635799
6166673293
5722195263
6299858920
1124448158
1407949257
821524750
1850748320
6111179052
6176528142
1370115730
217684438
1145076694
1082906558
1432772584
956094147
5238808756
733702448
1067648770
5037478631
1013831331
1125076625
551034210
1975190105
1131403894
1280570340
1106894462
1212613902
5103149062
1627708945
5147808133
1406363078
6217606922
596826072
5538133464
1200176186
2135976400
1081901152
1520201167
1030471317
730506791
1954222715
1957580034
6315492439
2033114860
1165929150
6087611611
1094108309
1328956961
5680649898
1915860324
1360673673
1318239521
1997496584
1373022093
6226830201
1649085030
1174153711
1335360820
5958639973
5242570815
1055570074
1247903803
1175048039
1385456908
1307367403
1431324947
1814009020
1734482239
1438038429
1921703854
5450520328
1366498086
1969181634
1487574488
5167401760
1739481365
1389949858
1095515132
5070345546
797947974
5100313546
5386370347
5025924373
1342822338
522852994
5740311102
5978305664
5263956794
1096477265
6390587682
1605980912
1085232050
1995110156
1081602960
1195300989
5333052901
1339364556
901815450
1340452894
1116765838
1720968766
812722127
1118294795
1207799466
764262722
1231670277
6277492259
668652649
1308629351
1150677995
1985537062
1509297056
879676715
1826152211
2060586137
1852538964
1313914843
6182018738
1922322706
1561814720
5848408861
6279829937
5626198816
5647115374
5068382314
1047638635
1208039870
5904085766
1029323039
2059633247
1373327930
1268910051
6175808661
2008738749
1003260119
1539636628
1102161640
1774775333
923912468
1405865835
976167201
5249219544
5421591080
1432967054
5819766693
1455780042
1986155710
1311567371
6072777725
6208080254
5037801083
2072931906
2035726058
1590140327
903787838
1163142170
1432092578
1233066323
1555662975
1977189018
5297474162
6101693126
1312378803
5932075293
5512181744
1216659845
5891011680
5495742760
2062131210
2007006133
1768990902
1457500198
6088869049
6234507254
5095143769
5969811285
1979482604
1395793912
1647904727
5456499856
5526407521
6284679193
1392433066
1146693476
1133259550
2011465255
6033669615
5696214321
1944502829
690852403
5748665613
5824867446
1326431125
1071479278
6326825424
1725402440
2077864979
6137460636
5730537150
6119905641
5357878588
5692584085
1616197700
1269409949
5998002417
5439314273
856956567
5818884502
5270078006
1173922970
1111482994
1934996817
5296298287
1858548742
5793931839
6299707845
1096374776
1360085099
5325335982
5333901751
5586260886
1166069669
5314423061
1251019828
5174360420
6140182935
1525888118
699529926
1588316807
5417648716
1262885732
6001539516
1134822249
1446844196
657824030
2054928024
5188148264
5535827722
930516180
1605828445
6080724532
1017373362
872134265
1485078296
1087428185
1949246429
5067481146
1200423396
945550629
5812887847
5883224027
979256675
931655272
5543208808
1357189691
5152111568
1059961735
1774734821
1079266628
1434615324
1941244812
5185833757
1487132583
1749347931
1126112520
5031510960
5153815678
1293190596
1359150998
921969941
615544315
1667975216
839692901
863259822
506981642
996295689
1978240087
1318624561
1101161456
1306161635
5346669928
1337290294
1114642503
1689645165
1099384141
1859548199
5611601673
5587712887
1610418963
1414041831
6073640684
1931919780
1500359074
5613706011
5681302256
1364142809
5056610383
1919877017
730239765
1989841851
5868400751
6193907794
6350375616
679482309
1302881674
5766909595
5430756566
1080670946
1482507627
6039691709
5017226868
1317638792
1925101027
5976838883
5413790260
5657803386
1004976609
5120294420
1466562091
1747784515
5440803002
1510485941
5424446033
402811644
6236928629
1273089922
5432646982
5547061390
1815507577
6366285305
578992461
2099100572
5622300807
863395599
5244860912
1009033078
5766509226
5868338940
5677580747
983700282
5909311189
6249240815
5520278215
1439921633
2105383794
2032030587
1978262915
1120516922
6135496525
1338196295
1667053508
791028468
119958541
1888757572
5578427728
1391256496
5563581084
727923138
1996531740
829957853
766102826
1081165655
6131003148
608123059
1025267962
1222853350
1971575526
5200321668
5008917392
1364373808
876587993
1616874423
2012204794
1404845950
6230002537
2067693235
719501317
5046878710
2103891644
5288213329
1483540172
6208120261
580690956
2049003922
5656928800
5663275872
653564051
630494795
860578474
1829345315
1956349716
723535569
1375868748
5093534325
854298768
5424425794
5548466178
1574020669
5037480637
1341467758
5133617601
5848735420
1732887860
2132768845
5037940917
2058963439
1026917961
1456624433
1209591295
6196454282
1368812444
1225356243
2001635371
2104295366
1454044005
6091650734
353048018
5907528486
1951089476
1892595650
2062658327
1211507186
5387557884
1213951512
972899119
1457586500
6109127859
1651791079
1748262296
2143818937
6044262513
1327004943
1078243778
54830637
699518751
1461932317
5623838970
5880636143
1013501551
6296131357
1103288444
5499080573
6049739668
982670228
1166927530
1175966933
42161816
1370409220
5409055792
5691188948
5359857146
5707117698
1025681009
623395373
1996121438
1679405424
5206608117
1921348534
841020149
1477696730
175287995
5275555521
5091945218
5970609038
5980875198
1054404854
2091240129
700268056
6379613066
881927425
5034635515
1851964928
1663323040
6213180449
6006000017
1615717109
6060236741
2006449182
1296271594
6330618336
6218536943
773991692
1466701233
6055429535
1334007642
5736087959
1630124176
5577606494
5029258855
1426302217
1619437568
1094144311
5357630651
6242285106
753743057
5570926358
1460764183
1099515759
5379213987
1904436664
5502691533
6049183514
5049777599
2078559137
532003360
570230043
1582394452
1329333390
5418280605
5116202471
6309477936
1579784906
5456228013
1933445847
1496256965
1337340328
1759949010
1366734767
1730799364
2074581988
5561138590
5399200568
883951047
904137237
5201431901
999405543
5785735028
1978334156
5475039343
1826655002
1181555935
5534592695
644344009
1673779079
2022997637
5163623180
5130815898
5427331688
718603160
6003971393
1674118825
1911423181
6189601391
1042397472
1893999632
6051495441
5723129078
6299169730
853859773
79755532
6211295040
1365899292
5369215992
2120761081
1731909108
1268054145
5396042170
1133023081
1677947444
5102209262
903118281
5977016762
5250210632
1433375451
1911470233
1303137598
1430656168
2009846100
1298935930
2139854953
6062441222
1687767867
1888868092
1381509773
301195884
5894756296
5920911459
6227440587
5663280781
937847571
1735778286
1376579776
5796572175
1236081397
1451154885
772116590
5266235490
1437292398
5443448559
1425304733
754010668
1368565334
1378711222
949370839
5520410845
195249626
5442908026
5081193972
6365879288
1741790722
5319017218
916910807
5297205193
5617982340
5588554465
1106145500
6253564241
5973998925
658540855
1796774388
1429079227
1427221645
5888948577
6121685512
5431932686
1204061923
1226663588
342439277
5627841343
1212737330
1672366484
5158580081
643842124
1317640244
5156500405
5926479351
1789350616
1023758309
6286570839
5543296050
553481192
5621367457
920505545
1412902813
2057442440
983060650
6232595683
1499917435
1005394832
5545037346
1370131544
1000776142
5140354524
5866663673
2095000552
1208113240
5299898513
49915191
5113678007
876328858
1108980441
1976131329
1703708295
948049592
5285556835
5343983506
1186778828
982436522
1544649811
5170614719
5807153384
5706076556
5990266687
2028977296
1783749294
1719031532
2035459947
6368426313
5534778290
1377446853
1651484949
1113905697
748178041
5964636688
1908217310
1982192083
5778426126
5862269446
5860802825
1461839310
1570165791
373929259
1622823233
5514161711
1405899925
1100322922
931543028
5949081325
738520840
465933337
910907189
1639652677
837541862
5927089368
2131388295
1077680868
374027093
94137863
6032246835
1744782038
1127358829
1624683283
5511577454
5843074600
1414540858
5930633775
1228004036
2089434413
5119353823
5876899531
692087562
646870040
723142805
1069315933
5494806151
1425862295
5475378794
5295348446
869488474
5004445434
1555506522
583297950
1882058954
1855006163
1475245623
1665762024
1317697072
1077373827
1125807731
899987828
1388905332
2001222479
778953527
5514240248
5775787671
304564732
2103279416
339883427
1274462186
1881467991
1038152241
5544773697
6152246137
5113732747
5537098152
5741303083
1468760102
1100857759
893472858
1424519148
5639277092
1070911340
5622471331
6070393785
1154253425
459651191
5022126587
1079982945
5785443463
6065435566
6200608802
6358393260
5280967701
2019740673
5081280137
6127725541
5975952778
5775902902
6080369900
6016084069
1812878143
2120944349
2013509437
6270797016
1441356651
823189094
1847397603
596422243
5138494407
1515556501
6262840911
5170814948
5238215896
5184197865
1415254401
1364739214
1339807399
6216044682
816204388
6301858886
1026439592
1305883491
5105192356
1742614795
5576465426
2067283148
1125560551
1977412431
1661735629
5113485880
5961548301
5663035742
1702761150
5668987897
1307851765
1462450052
716751565
630432768
675484328
1229005082
2028191006
813895980
1520802906
1049524688
5280970558
1316099370
5775052502
6208621767
6130426554
1072150250
945478726
5889108147
5547501980
5607236236
5850121982
5175716896
5806885305
495620298
1136878082
5911159699
594762395
1334199052
6197096035
811342937
1342174364
1838180358
1435408733
1015656083
5451500315
1360367387
5377658675
5742771905
5506462527
1663840730
1318800249
1494557920
1592756021
1286126311
1138030837
1639664831
1672715517
1012986867
5024868711
1336800263
6355602077
575656801
904559054
6287539484
1224605058
982447834
5435811352
5928920107
1339797434
5371067973
1313644362
1646003691
6162339353
6283911139
1363108089
5014905564
5040109359
1215343186
5729197441
1920245387
1386066248
1148872773
463502956
2098915605
5647077698
5294653647
6020834320
5050556858
1815395949
955276670
923650640
1328859341
1446428874
1365189760
5486373373
2015177147
642725305
1423375553
5158478561
768735821
1299270113
1730072505
5859162953
1492755028
5584878962
974216405
5371959686
5210739391
5534247088
1364828868
1111878220
5219452985
5069796981
972864788
1236257169
5347515149
1333802485
1190940271
1066487671
1128701191
967782209
5950307525
1463822561
2096965602
1229906022
1609043947
5207780514
1673248392
809372050
5382791088
6338388702
922768756
6295886169
729496138
5548176914
1755791143
5149711269
5140778269
778822004
870584853
5700250472
1994273715
931119079
5927932785
1932514909
5057816409
6047783064
1281236734
5031701791
1573168580
1345693087
1771408967
5596760265
5479912907
5250809708
888950723
855778284
6272008221
1437218019
1492876331
5751787836
6336756479
2147039976
1385130991
1274610369
1942752398
5671062204
395543883
2058815573
1014336086
553687365
651160808
839820319
5504150121
6133878498
1023811453
622387984
329106107
6294617980
5588425672
956282410
5554723838
6340073238
5776023123
5365526046
1482819695
5188470702
1093253502
5671783947
6353607365
5800687450
1005732588
1316112582
1440805851
5741767418
5854092254
1906962854
6165631387
1015275377
5099224968
1379959106
2101296212
1763266471
5502919780
6098943579
5864374715
5251148871
6098568961
1463333833
6284735796
5697462154
762535559
5485971339
1733176674
693865748
5730555789
1060908409
1368896451
5122772211
5493869841
931510879
538103876
5345784603
2133587954
1130446151
2036609626
1433986764
5987958605
5853199711
6227265667
1591828155
5096366352
1368729797
1034199896
2030396818
5032703096
714556143
110859837
6215377958
2069395453
880278088
6127771780
451716337
1913813829
1106340510
772972260
1081532401
6056569861
2053691578
6116937194
1597614772
6051043867
1911082420
1635572304
1865215989
1179842264
1951070053
866846806
1421024104
880733202
1135918771
2031905371
2049199841
1703870021
5035053153
1413645974
6075627418
1402576664
5512272244
6296569244
2073453940
936742764
1600381810
5085967199
5020203192
5444265346
5990275203
1765024693
5341067420
1071493723
856888865
5660367182
5637940083
1651389353
5453898121
6364893833
5463068504
5014504131
1475098591
6283783286
5521744300
1008228969
5868928009
5643784435
1320691655
6236743780
1997609743
5981685303
744680840
5321123772
1109557805
1424442452
6195793794
911764388
5668080269
6306237679
1471029998
5913656443
396430996
966045467
5338771850
5569265436
6380692044
5010600671
2042816747
1970675737
1190410970
897148618
5315667905
1647872537
5096309745
5906529760
1180623731
5457156687
5709508353
5362633385
6141789882
1411304968
1710758025
1414926463
1907429989
1539306165
1104368206
1841372584
1312308271
6301919405
6027979505
1409919367
6033288339
5407058217
5596069323
1777331005
1112882929
1625904542
5689481303
435827215
6087790424
1664092430
708260586
534540152
6076370843
6191514122
895694375
640128802
1976813541
5023802544
778133747
5077044503
1334165387
1648323044
6256442711
1929407417
1045585448
5515790759
1271652693
2111771859
5336799804
5040401096
611458816
1768296163
970556492
1301991025
2129870423
909593166
6231596878
1204203404
5621171830
5307390975
1909484181
6397460925
1697965323
5893289714
5741920398
5776930629
1372304953
5394859717
1656125778
6231977617
1096957473
1096957473
5705039486
1115123593
2118255995
2082647579
2020593220
1022704245
1346493422
909680769
5743893782
1390754488
5095432636
1176651876
1879722527
1018311579
5527798976
6339027149
2054103769
5670182404
5020367987
5584353661
1220684956
1456606481
6201458959
1994709486
1576326152
1286453606
1060718600
6273101175
5413723243
5628638055
5410035560
1948339596
5532518964
6278424286
1845623505
5274988126
1545692798
1114387380
5131977136
1601588123
6333768517
500014167
1502170924
922677685
2070199486
5631595264
1470137876
5563403424
6106740041
5907831342
863956747
6113857037
6274090554
1729938023
6322227164
5587876682
805607834
5913223487
1411247822
1087939109
740792852
1995903124
169388151
6303903690
5116824045
6017599746
5447407179
1164587072
1278760086
5323847386
1011507768
1414191374
5655352946
1620293116
1429250383
141883390
5942966518
2018142823
1758667114
5356097023
1653696850
1052642205
1406549902
1236003800
5356148722
5953402435
1660212803
1951929175
924861788
5334162163
5068917659
1108955393
1841894368
5118990115
5623593501
5923935925
2038952799
5991579540
1358222755
532290748
1739267613
1734847749
1357950984
5564007906
775325791
5601639503
6310144586
5864534495
6076592451
1827916962
1796827461
5719714104
1205455782
5489181177
6063767756
6391683269
1375715053
872421174
165616168
1023460725
5960652891
5953470845
525882273
514168261
807162567
6311182860
6039068241
5919004126
6319761505
691576442
5549760919
5888680290
574268635
1478355209
1315426284
5222490120
1954773372
697881584
797039958
5384420452
5576463178
5792743482
5425926376
1996358258
211165628
697839578
786569750
5416928558
5350668655
2038823127
5032841104
5847656551
1313408423
2006950071
1951432214
6046721976
5304140948
5470316408
6272962766
6177320080
6098173935
6331437942
5876768261
934406154
1214268794
5910516275
765441758
6137558960
5673964014
5917668570
6128895449
6283297010
1842259964
6236437617
6005960845
6166636377
6092051802
1997857028
1784961272
5919223625
1607857925
1696753126
6296070507
448710821
1181870303
1568603992
1568744374
6100423197
598777316
214397059
688400499
5695403304
6015016193
763705970
1211122843
1283237930
970879640
6357549579
2140051072
650521922
1468942325
670434548
183757723
7213848
5891116894
5113908986
5138767851
832022065
1544483851
5732209437
5903131961
769496686
1122136630
5994785915
732900893
717035295
6363344514
5028482750
607370147
1275777074
1785505597
1335168688
6009178650
499318501
5358255019
5597622215
5258601601
1126763280
1356149625
965230511
5163541197
1382586343
5490019999
5081136244
5831780631
5877294619
5010931105
935550126
1136083540
1922781274
1849911642
5993129813
5070893312
5919165163
6178776543
6258257451
760090305
905651244
1045772235
5676576851
1486469759
2059965898
1360209535
5834385086
2094809587
1362995467
5980726005
6179654390
1903029045
5204072231
5338858531
1722053337
5441066179
5329447857
6312623499
6209749378
904570154
1529754922
5998194783
1225324423
1439799723
1102591416
1749427980
801039550
5462776269
755958365
1911169075
132864614
2140615331
5520799737
5578203878
6139340483
1794109625
522552392
5347957612
825499939
5332458056
5224549696
1543949207
1320465449
1196851753
286836604
5893663413
1058239438
2028143629
1924103918
1467406210
1486156747
5800068182
1833098285
881122036
5787141501
6030348426
5593077289
1314910062
979176582
5902531430
2029961309
5468872675
1901795045
5704728563
951409622
892721801
6216718889
5960424520
5233333360
1581505467
6394842284
5731474091
200838540
917786884
1055404614
1206494629
1333392437
6113223520
6281268661
5216118609
2121437541
1622937859
863658603
5077145157
636249741
5589545339
6104771051
6211227083
6393744531
6367186184
6223462604
5642250608
2142452243
1392089082
5221327597
1379169952
2062494524
5874344035
1312928862
6135947358
5459356083
5569640328
5398463894
1158526326
1931790706
5755656598
755002507
1239662722
5863136414
5642200186
5734441992
767254342
5855601181
297842683
891926418
1361159564
6262475756
5964032112
1123619750
2092907970
5097641619
5956031344
591665253
5534018760
1364847881
2040503941
1226470987
6102086044
1825666403
6309516569
1377900839
1291814465
2099961806
1189937014
2075642179
1958994125
5985389352
1093372427
5616451101
767210354
6231718201
5669914684
6192553728
5680319553
1669220639
596174943
1742932370
1366269442
5975405166
1213849578
6370109430
5336724828
2037760146
1307989482
1259285376
1883216802
5205555396
1723632682
1033215247
889809127
5350071786
5374121325
798952887
1811355748
709228369
6378950746
1770417335
6013781017
1916215473
114779209
1629443711
788705182
5750015089
6083950938
5866433895
5753363935
1686695339
5463957579
1992582917
1950580705
1752978738
1855873888
502707593
6016693082
1273775827
963143718
952698458
824680975
1363604305
6338227951
174723118
1204488986
5480640486
911183362
6191948546
5552786884
1036165936
5063879103
1253288724
639732082
848865049
846029302
5998620894
5003166528
1377931500
1734353898
1217080954
5992232932
5470746330
615610056
5822680533
5123473012
5675923137
828359079
900822516
5974513963
1932966404
748860982
6377180603
5747045236
6291638482
1361086640
6201926701
877896943
1615488470
924188194
744685065
843494211
5277748781
1175552932
1118276015
5486147051
2108409917
1697630697
5909889233
1205934191
2006683373
585156780
408938682
6015103283
6242156005
1937603352
1813103730
1785484686
961263765
1265939473
1265939473
5810567676
2095828817
6017152142
1487945061
569896110
5540113940
547392722
1244124384
665866798
1168490033
1176709351
910016264
5336389721
922387544
1426243512
1694997827
5337223801
5978696193
1266219928
986325337
1549197173
6082562980
785341606
1355653143
1485812169
1290084319
5974085455
1011882035
5188518432
513195872
1038983870
394860761
1934403678
1136794941
5996458214
5621229845
1009541760
715538817
5850163370
6114841515
5611348786
2060409365
5472822511
2095756760
5436879908
2038159045
5386811809
5921071187
1023119653
5920087343
1333993544
635929763
867320346
854728684
1911293079
5666854961
877417546
6234093847
1109782069
1461780360
5530202399
1934296231
5017434932
6177491274
1958691815
533156262
5679461554
6019074349
5710272117
926436497
5817552756
5572699642
6010579210
6068174582
5710914973
777982025
6029516323
1936888131
5968809905
5494382823
1879661507
1796732790
1058213948
6049823806
6311075380
6222808805
5598874740
6095436282
1058696386
810593686
1023495778
5642722090
999960467
843074987
1345127709
1282307041
5118474774
1773063668
782735303
923839173
5801334217
5412552575
5428985412
1561137245
2010609823
1029700445
1686274252
1991809561
5222893225
1920371462
6129484183
598789074
5805043601
920344605
1574228132
894576498
1501442767
964401439
2012531951
5872056844
937954474
35337348
5432920026
2130866456
1821699096
6021064433
5703632606
508903871
367491955
876561623
5097997265
956130837
1340582839
1726052687
1879343842
5903552062
1966635209
1405764414
1219582116
5087723043
6120372689
5754926166
1343341506
871138530
5929542388
5160061304
1998888008
6156436069
1273937749
1162210768
1224572511
733300755
1272880441
5990057317
5942651668
6239970181
2020134960
5889448458
6176553426
1703280766
1953217750
5278259168
1009825476
973534465
5625555741
1948548173
5553653942
5293213954
1869577760
1571662725
1262453591
6004407762
656670586
1059798802
1785328788
1328842848
6032298890
5155520553
1953554828
6122041014
5187611041
6177509113
1977727265
1418232238
5848430321
1407734854
1764777913
799836313
2031007646
1905546889
1623717082
1720277751
5950979132
5491624200
5199767855
1340204707
6118116924
898968987
1086730714
5169757721
1005547264
1731253751
1743283646
1939937201
935466382
1769865139
1808492507
814651372
1146341699
1227467237
5851370027
1324916601
6235747812
5117707379
1255147425
1079013871
6272584413
5490147910
5743457088
2081397295
537064484
1413583751
1400468312
2084878224
704839085
1015255059
1934190882
1298043121
1274616170
626269150
1303028937
1642007831
6378409456
2022590392
928701188
1479455925
6161812216
2048620401
1819497373
5611361170
6049434787
1390478822
6135897572
5885395093
1267251579
6261696501
6049444916
1120756568
1088334264
5340666842
1042534376
141848854
6339327519
5552355489
1627791610
6215331385
1092812678
934608586
1665685310
6167428967
5218067293
2055120013
5180634814
5434640879
1357964636
1975879676
5070813521
1328326202
1691193787
1430450051
551338752
1454658071
1140823069
6232367734
1990370851
1441905576
5791078426
1848618316
1048361931
5454090457
5701013072
6030149902
6083769144
1243751
1394847797
1009548904
5176442075
895304005
1794910193
1816992476
843244803
6114461904
1130386642
1579912754
588676637
5155804187
894918342
5241319409
1300810433
1341157933
6177076878
6257545517
1399818956
1936683363
5514085026
1878998718
6254167278
5309833398
1238351717
2010139516
1337954551
5144188547
5148357205
5269793422
717111948
5098840444
685150938
5175035222
5746449567
5169281806
780309713
5780909291
5129058395
5036846197
333404946
1051909832
6103717548
1993563013
880242389
1642726793
1756996942
1621707662
1357052906
4759734
1922684499
796753641
990680648
5390900420
6351695429
1462928933
5673811815
5584652880
1802167035
1663881491
5155968320
1615924760
1045746269
920721656
1948062455
5562126409
499727950
5182799007
1145140428
6126083326
1022158042
6266174960
5436192059
1014227078
5953547400
5699825557
1347094176
1947501224
5675779604
5999815889
772943309
6301039438
1982526223
5423834949
5909486883
5020178219
6300058862
360236684
1246414112
5964877507
5602185918
2067100871
1861913389
826705735
1313430782
1534497635
687435567
707625081
63842904
5691469818
1402651492
6221100575
6227815958
877677481
509763799
5898280409
5889995816
5195872858
1563255694
1559582076
6131590431
5344572029
6217770401
655621149
948386293
1980782660
395444105
224266895
1840221223
1941002275
5421580203
231598034
1707978946
1629181901
6389222190
5543429193
5636262874
1388998383
812727686
5822386861
6335700805
1133316397
129033938
6190998101
1000265146
5763318388
1580271628
6142647454
6213114805
5689032472
5980991812
5094446037
6298325058
1157108713
6269699712
1341007705
5525879125
1846965492
1860251179
942153469
5867301483
998784711
1646869530
6071062848
1794309897
5702986087
1073993310
5934409481
1289952954
597898761
473456487
6198426939
5818302002
1695924384
5385516181
5845629990
5947020156
5691528905
6294875412
1515118336
6080769561
5335246690
1475922097
1448372664
5816185661
886312529
6250876683
1955494048
891481883
518375786
5006282709
5000756907
5208304023
5793067448
864618717
1916599170
5868745337
5548472601
1364181806
6248551508
6136101242
758943146
792111599
1238589554
5844395168
1765837333
5511103490
5477372936
6166130154
1170992606
705279171
6209325800
992059642
1168808212
757745564
850486642
5688309007
1177953019
2003075568
2064047471
5731863822
5178617621
5292288288
1729750163
805352462
148786878
348666427
1203179985
402481557
6353176933
5852771231
977171414
6253001129
1565103658
662534789
453158361
6376938827
694643580
780440857
1300763058
1280131697
919819802
857881511
5244296589
862918219
412559736
1688545657
5402724128
5706255120
5157154274
5160637254
1778872221
1381953929
5772745203
1820115521
6176160659
553867860
898857470
5303466554
1134708344
893801832
6094053255
2069706785
1506243096
5579696452
5627396173
391346285
5629763534
5052987227
6229725325
5825312774
2146714705
5626951300
5662612875
160390972
5854768265
1325497997
786897192
824943401
362718376
1782741880
1159200462
813133477
6190050839
5326287351
5611569479
5546864841
6199433782
1976035238
1219799267
1615731294
1841710225
1599544586
5881344188
614213291
6112130192
893639005
5770540019
5924679279
604116309
408098899
5796712291
770075719
5592010744
1083039997
743092067
722374647
1093098435
1223320703
1923688423
1140633174
1525368313
797723152
702671245
6314065091
6371706462
5782627700
6033252337
743841118
5081426639
1292792835
5756439087
773243654
1428122998
6247661538
1222546741
879566827
5866908117
1860169130
845782273
1485469374
5241151184
5505445181
547161492
2037434553
737492126
5370291724
1193512197
5110365605
433169576
2017776889
1031569794
1659417274
5076769626
2035137771
1187030263
959189210
5864726355
1968571456
984307756
2015109179
6373671368
951011179
1733115699
1212655143
1849076674
5678181023
5939640049
1642607660
6313878502
5453733427
5411482304
777072523
1023158785
5417297271
6220919427
1763404721
1668626743
6066784481
941218187
2002524495
761259649
6098072879
5840156462
1839602434
1032943226
6104120680
5258598375
1605981399
1191568395
6315680658
5975743736
5367744756
5038141736
5514260676
1565802775
1191241824
5384700635
1541530003
1015451442
1522354322
1895620208
6348907009
1871299854
565260677
1480248962
1446567945
2104640061
1203957018
5005641807
1933075845
2083165947
904205640
1484283130
1544031431
5291574397
5569158754
2013043824
5690988112
2049490711
639102788
5049365646
895149244
5566124083
659235174
6269182541
1604125572
1300855805
1934618047
1353980824
1985629570
1048365613
6069881815
1891757273
834549664
6063395503
5934893961
591443479
798043143
5533920400
1559132315
5555845171
1058493592
5744950831
943804817
5657025659
1419077591
647306480
5549862773
6374712185
276703849
1811203451
6347226279
5048859918
1454236250
854454462
1037596350
1952946522
6239200040
981471916
6198350243
1296075473
6354226163
5827420849
6339949507
790503495
1470153877
5537344013
2129239162
1452792007
5219861460
1822411739
949671474
6560330434
5886642527
5669219080
2006792338
1032639090
1324184527
5141064969
783676249
5289600634
545453634
5266260411
495613975
1755131533
2056323268
5014089945
1382327312
6087899898
5503209280
806072780
706660268
6224052603
1169806430
6458727846
2100462108
5527633866
6083854126
768947918
5767542113
804951093
1823494216
1425081427
5107257723
1294466885
5269098661
1350823132
5496033885
1690141088
5491538280
767790964
1103938419
892722805
1916687035
788609367
5944970056
1832637506
1749569983
1780691335
5029291459
599948427
402870140
6672327396
809064222
1369723679
980185539
1832822732
5899002645
374965841
6212821221
1252040301
1686958812
1213242419
946140570
5728044440
6359848539
1961222686
5692331698
6012152999
5989248878
767477264
1100032824
6396552713
6392500207
1505566772
1045765763
1347589692
1889447983
1422284217
5078572270
2115404048
487915288
5321905546
239664475
1236729225
5963729576
1069435967
5462935758
1867646868
5664943713
2123357620
550166387
5714774513
1616477962
2095759887
1300616203
1734319338
1044467858
1144410292
868406363
916689815
540278825
1671656990
1118020948
1289973475
6140624508
1121936356
5172485304
1510357895
1035753414
1003491869
1434631787
1128941959
924005419
1798869562
1055610374
5122526922
5122526922
80137246
5742411372
1073453192
995921815
1899438913
6531915774
6075396838
1384511407
875031897
1786972955
757056915
1289983421
5759053455
5043447148
6042263245
1920891479
6063173278
6305329041
1571877716
1420698037
5270685073
6209180547
914768077
1855330831
5247530871
1675271232
1927366011
1394061212
877062201
6578436802
5682315481
1550138435
1335579342
1620448052
6161764715
6049684084
6133188720
6014023771
6397289605
5893223715
1814414418
5370864451
1766395119
1285336752
1827060460
1401950752
5163303949
6447774842
755275237
5992276971
5532755050
6038666340
2138925109
679205280
1459754059
1453723417
1945214888
2103287947
688800944
1494970546
6614786525
5863567001
5599879540
1432584485
5100704221
5898555679
571099989
1922869697
1063720239
1160119305
1342704945
1227761735
1022010693
1634067376
5549657458
5281230358
640777011
6272725876
6342941528
1669530579
2093456586
1176481470
472584881
6342019674
1281757243
6063376282
1358228300
1402925848
6377742792
5769771575
5229007111
1029545321
741934710
5486382111
1457164916
988263152
2112611992
6169102387
856584204
1552948138
775459823
908602773
936779747
6114749435
5956902059
5387307398
5775270774
6044980290
5834255116
1667601498
1615304246
5859297784
973088053
1164196393
5649527430
958342779
6123673494
969786491
771085394
1991570772
1531918284
1391589182
933159350
6665757743
921805850
783617047
5110211688
1317042252
1821776135
1673855720
5722109534
1384658872
5861773061
525370637
6145540236
1049770288
1715120039
1186696747
5131392967
849121829
1743266826
1785882822
1167965997
1306311703
783751847
5917013748
1844405136
954427681
1741270585
6208083311
623840066
912932986
1598530744
901071310
2146679341
1719064173
1422233308
319421004
1458308603
1813675354
1050614648
1714776002
6115957975
5039263244
5160253821
1330818106
1302009703
1203849063
1737832780
1710495159
5820695582
442945695
928335146
1670834618
2014948659
6291693841
1855841165
1040576839
860878451
1816294684
6095795685
5267154040
1826379869
818468203
6296894811
1750359801
1985780881
2102280063
5255408411
1169217753
1620015741
622673201
2013119594
6480972892
1597472141
5813725614
919729669
1358285699
805252032
1358129251
5303324220
861890409
822828408
1103011227
1079696606
1832176675
895564333
5548485782
739249055
774871656
6171638104
5468675581
323110536
1491275709
438480227
735853937
6141766607
5948537207
564443959
1303110840
5326611504
1055519240
5191694223
2071136653
2058892324
864488841
5555360772
5070989265
1502147551
5125638693
940555298
2015574438
1165207017
6232723
1738135665
1060767665
6166765147
1149502820
5492096326
1980422500
710587671
5615183210
969366341
1126261101
1586663406
984047648
5072973288
5227627510
6004639753
1610563467
607721011
5199535938
865381923
978056724
5816730866
600845467
5947209445
858382849
680204178
5287757136
5892410723
6239634841
758642296
693296589
778827334
544620770
1017542057
1880752671
923248541
6034715866
1874310918
1376977408
1686005844
1545141155
1706303129
1910548730
1181737461
5364926727
1210396013
193514750
1410851351
6121027439
791052881
1853114701
6058067027
1380284082
6251222409
5066257103
1901820217
1166814858
1302197593
458987606
1491787870
626107412
799765003
1439720423
1411788968
753894541
982647711
1385474877
1005578742
5016840680
1344367864
1839544215
2025799822
6266287768
925800583
5650544816
1910220742
1669696167
1629865112
5003896456
1549897713
465940511
5179962666
1484032097
5207196031
179954889
1190390083
191515504
5881244038
1897104366
771826144
5291694113
658555053
631097011
639705530
1811581787
5466041548
215845226
488482996
1476314554
5284690141
1149045577
202851539
1113549260
1460403177
796516898
1763839984
182084404
5991151683
2058038907
6002249518
779052347
566128240
1993432665
1379689834
1309111565
1121232835
5192600357
699434075
5694982153
5815968488
446291306
5340735656
912039260
1857589871
5594745133
508177585
6068987594
1131401168
1520441436
629448682
5036022715
5639551698
1118842110
5260038914
1947519119
6166247177
1015162478
5307260569
1644204312
830284473
1432830913
5497766538
1175960452
1103033089
473997485
1486102220
1795696138
1606040979
5605416720
1333930529
5107867071
1984775686
1036932611
5160775126
1013611503
1060729606
1673762547
718834021
1607901617
5726533864
5333620542
1497191506
618212123
703973597
1912971158
5653378816
5245168760
817868880
5985261466
663429052
1725933018
600145727
604664956
996913083
2038210513
984665622
875373577
882585027
736257554
1944506960
935900246
1745711623
948975101
870376376
2027643345
1359170614
1730325369
1000118815
2083229127
5160295365
1171818693
5171327122
1615685543
602379386
5993470780
1831663291
6362824116
3921418
614472318
1600620047
5410755166
951119321
5443428707
440372558
1495921184
838618329
1711255568
5889358556
888979462
1047652749
1427817510
837594796
542892549
450162058
636729371
825370164
1164704225
838531977
1298934971
5319367754
1013339845
1131480975
1813676852
663576962
6306085297
495817397
1760627673
1559677635
987627431
505816608
579983213
897387170
1729420696
388187327
992564921
1026116123
853748218
1062022296
2134010958
1275250555
1117505237
6370144392
1306589702
1111389008
2089678887
1063569251
1120213390
5404217517
1725450584
951878303
528187467
593792542
453292956
5064900308
1928955286
1911590490
956668197
1958498790
18739548
2133319116
814067804
5142444904
1310273297
5334833748
1827234854
5879099447
1585160970
1537449541
1740250545
5605481484
5456605367
908022736
1070718781
1672606783
642306869
5401305029
1811038661
1668308777
1103751088
1939161568
2102781383
1591180961
1831459830
1960254201
927905648
821308189
831939310
1781542084
772960671
1149890403
624800874
5617258614
658559829
5072953737
802392059
5259621003
1806634720
5746379041
701909511
621042141
944445905
1023406422
237185691
6631274180
1158553569
1962349044
1062143966
5376676105
5587506893
5074006620
1713594421
6248678720
1485764827
1247504502
1917017846
5491790441
5699089180
1418356305
686418980
1953069854
1307021661
1275228503
1933807411
460782191
1655946575
945129674
1730229600
5174017595
5109504130
5065825880
1728972052
255918062
5616491644
2029500644
1553467303
1604248724
1223292563
558879636
5163937924
1369050081
5666480799
1741768466
941010676
5475561664
1028958183
1476736224
1098238236
5620600863
1992040899
6159450320
958725422
1557701600
888745970
878836662
6326790835
154709735
5361724225
1050407437
953390964
1550394045
932240502
651503777
6130685035
5088086341
6028331549
213451429
934910440
1853782720
1386570338
1222606198
1072685837
2134396692
512824800
5510785416
5967179870
1057657584
831051295
702969816
1318845662
5308377970
6054764462
1197007859
1234352525
1693478214
5232133401
1392869886
1074274016
678101932
2068133045
6212611381
1712266460
5481689967
5674051470
5961451503
640372817
1183263266
1209597564
1119054474
1724576252
1382905825
1599700585
5488176520
2063871151
5498808499
5905108519
5457172257
2059597522
1212822149
1018835629
1379913138
1275411327
738172622
1916934973
1949696119
5623446234
1638131086
5999777539
138497304
1286454584
1703260479
1929391120
1426881535
1795054630
2029510766
5818720215
828233097
5869158432
1139229093
616250529
6220181773
2122569579
5849738446
1642724190
748609941
873420158
5048601094
624383321
1973933413
1797555240
542446693
153642486
1841316897
1920216966
975741044
5991708194
5319975915
6316178718
1969391177
1953685706
1084243925
5616060040
1936803167
1206633269
777512869
1884898824
1064481781
5744839582
1070307508
5361322817
140136215
1091613599
505952632
1466810931
1273809809
852817751
5894820082
1275888804
1931493442
1343342050
5476286454
1595635752
6083386030
1426694483
5621730477
1392933953
1073725484
5949485219
1024412806
5731968049
1869351298
1321472133
608032400
1813996410
1763595945
6074344624
2016025225
1016654978
5079333772
5767804292
1778066024
1517418885
1491011753
452814394
5363681965
1621548707
1779077378
768156272
906127358
6569792435
1825462729
620164089
1981690996
785822583
5359157173
6193752428
954320259
5835554754
5494980915
1685045199
6237791032
776447640
6043473495
6287134368
5732378059
1198588784
1190707965
1057091018
1611448194
1694766154
6324711998
1398142741
1356698502
1758554388
5893674292
1082986188
2047560124
5116827838
2089831508
413763301
6161672548
1672669076
1565475369
1995693625
2088829526
2098278560
6213967081
1198148555
1428236590
5929816486
1802516579
1486742770
5353962808
1452552107
1426829929
5797972286
1311909085
5624128638
1399623041
1976419787
5343622543
1432584460
2073952451
5575394214
5499843718
5881140658
516234658
1503526915
78581487
644940362
5858761828
984527304
5899546784
5640318093
5913024072
285070188
6353415836
1602468022
1425017224
5996291681
5675973455
5737274773
2140523267
6014593201
1336558737
1880401676
6293092672
5756172874
1482112762
607179988
5987500834
6244535893
5332805341
5654516455
1132634652
5582378620
5669953567
5747376563
5535850125
5091326932
1090221144
1888593528
6121324862
5237587918
2058441711
5177453934
1240040583
340277109
832888840
709063573
5320854919
804589185
627671896
5168646744
1960200545
948976529
1391983677
828197644
1701073057
5186256861
5913661306
5486058236
5872080371
5976102589
1896235655
1405379802
1938803050
1907311567
6058468647
1522512292
1706917660
1069121427
5746171925
5145021498
5618927889
1149368370
1756109142
5634318246
5269945780
683662789
5634385751
6047958286
1375745822
1174597413
1094470849
1940849030
1831485196
975812048
1473351026
1049053306
506303705
1538559254
1436700637
6062725001
1370137571
6028969949
2086483815
2015980369
5825172987
1382324313
1676409424
1479362510
1457745959
6169565672
666494925
5361824770
1302126005
6268035978
5128298090
686681998
5756543020
477936820
1401787275
5995849278
960178838
1340278805
1982750751
638986817
5635907004
5801584137
1243355103
6180863631
691653762
1993938316
5617608455
672942058
5908109505
5561117523
1922587040
1438961404
1508442177
5658534210
1387862050
6098663165
2134397656
5926243170
5629935009
1412599416
1409555143
5963313421
6390906834
1145313575
1482063039
694726981
1482067784
1416388709
5606202696
1449739390
5775915542
2119331021
1452094731
5473393544
590974547
1668407309
1922251378
5883000776
1600068912
1483035755
1027885987
5826811762
5179869415
975752697
1487560846
727844485
5236038202
1639466322
5786452366
5015406847
5738530343
190299021
5633633249
5078395262
5378457655
1226901061
996952281
2127707347
5276818523
1314744632
6291984666
481070082
5346035683
1680958326
5706936778
1470812626
1047338989
2121172747
6271466300
1062436342
1417229129
1487179312
5388948742
2028417322
1452251708
1447455800
5903448268
1494049200
2045034137
2058630140
6114489932
5412487633
1411513466
5456706454
1464136449
6053170401
5677920674
1433677374
5419821682
1497702458
5836278192
2136237992
5443307307
1435528138
5343971699
714253005
1257816707
1396918482
1231593301
5472183289
5894783688
511314724
6137883229
5606930150
1417838115
855321954
5079419595
1449889157
1722206134
5952609064
5706229439
5220732125
1429310824
5010141874
5900379894
1010408715
1615206202
5591154313
6216388343
5224972485
5194261022
5769863496
6202003761
5371150917
1073724891
5107828590
5640691635
760306849
5173060488
1563521787
863511148
2071690181
1834499637
6671324219
1446713528
1856182313
1216158899
5496163536
1203910578
1971551754
1082801131
1686374958
1485561023
5688007400
6548851959
1851964133
1151386039
289764342
5983439615
2146809029
1460915152
2007256746
5640332043
5557446565
964396428
6590824324
1654523077
6216379371
5609054302
516043417
5579494681
6497173855
6271591982
1628362100
568593015
6039540147
1430180858
1857727677
5641183795
962210715
1076924100
665192468
1624468347
6393374169
5459338156
1539272775
864561683
5822722012
1052820319
971888725
2063087822
5069303717
1418150064
5096385205
1404836004
5106564591
5736287783
5228657758
2070980853
703655669
1744364861
1295889593
5113972341
1342346723
1143686177
919034549
6042016381
2098932714
1651492044
1656628166
5204529997
882631921
1664272945
5399899602
1347624712
1848009555
1675678728
5774926119
5866576863
1211635673
6322638978
14221352
1889111476
2095166572
715709388
662474062
1245512095
5812516884
1456147387
1133060209
1340711576
923211654
153333254
6141226095
799168323
5421101072
1654079630
1404484855
5419040560
5562231409
2056865462
1787894544
807147156
292698153
2074145882
5344608911
521292162
1539276321
500222627
752810751
6227660815
734307302
6093370393
6242478107
5659644911
776644107
2010392923
1316812086
1493318824
1694202806
627567753
5886281174
5108287596
5810039353
1068825609
2101150746
886160214
6019651817
5666581564
1917312278
5970890950
5736501176
1220377190
579399114
5581094226
1040986961
934385130
362439508
5918142769
6395561123
346550294
5754761425
910424020
6339190071
1261840868
1261840868
6109344183
606718725
5490018256
1866972457
1082587529
1523715837
5934846937
924247211
854030716
1124212193
6000727646
5325002492
771497958
1034452342
131025717
895275579
5311847930
5273980725
1301891380
6194519724
497206516
669934794
5542479896
676469880
1409240297
1303066699
1845070065
1774289224
5028344653
1188800079
5831082900
654464905
1081074603
5476624198
5608731445
1023307369
741651862
661820157
684387772
5052713301
1746069918
1822050942
844038097
5731509740
1781634123
5732410814
5125973186
5354935494
1683603857
5399082723
1234112119
949980131
5751644993
5614180624
1628343173
1170092050
1113990453
585377205
589372939
1829647765
5579885981
1780206315
1640120344
2049358007
792055262
6130132482
1026290519
1462378790
707420222
1838125480
2142761431
694775009
1805625745
6064774557
5278586596
594102436
6642855844
1802463787
6348174568
5738528366
1049264063
1955708517
5959570989
1086551675
753607658
765604866
1914669866
5445807706
821231385
865603604
5529270260
5139930660
947066416
1096526447
768867902
1438422645
1389301976
1390845806
5301138665
5585063948
5678070671
1677778270
1402805282
1264170164
1629255381
1617222899
805280748
2122602520
1985342285
1263625353
5948307347
1965828544
1608718134
5974800089
6418861450
1687474723
1345688449
1262427657
5042974484
1943002131
5929422373
5907095969
901957472
762082132
1217111263
1285084653
5167747050
759219062
376871294
1355851732
628907534
971985068
1981639373
916813150
1981887517
950771090
1123100815
1611373184
923726520
5447197538
884462766
735782347
1050740101
6623869386
2027718018
594328255
1169279551
1689559214
1034320498
1896664285
773522707
2137170097
878414860
6411467530
6413331573
990175534
5021427457
1612935715
2102986686
2043103361
5371237165
5293250068
1292190122
1950210548
1594299133
6241838808
1655751748
2122129495
1716540949
1332318313
1494426017
6170400008
723534229
538176696
1001327366
1969951503
1781467825
1347487034
6137120949
998590586
5007306035
5007866061
6287407592
945967363
6242936147
2104869679
923147216
1184786303
5717358775
6244765942
1182060502
1482168977
992778343
1218496020
5703818471
5173076328
6131783649
1073293864
1746189891
464882151
1935179242
1340075698
6329281642
1932826484
1932826484
861196476
6642751377
5247404007
741013850
1176349083
5551882420
875413013
6013634074
824902427
2138977590
806843727
2029422175
1275553718
887238028
877039595
295590457
5039850350
1510091417
1597256949
1462599124
5798408852
6048498984
893594740
856697956
736284509
6216687297
2092190239
5036337788
970923422
5490729058
1856205187
599239812
5978049746
1060853175
1478522600
1148886210
1950318417
1810321568
1820370593
848724756
317768503
1326976025
6295500452
5667414470
1376890717
6165388311
1330185922
6259605064
5781596845
5006221010
766653218
6185840408
6278136178
1156977091
5935315192
704374571
1564827339
5489517303
1945633026
1023600365
5605934603
5497532273
1260914980
842894317
1245511972
1091614093
449599145
6079593542
1422439911
1548221588
1022851333
1730503693
6214501038
1795658707
2048186828
1138528965
1132600915
1682836006
838795701
862946654
5658633072
1402496786
596816427
1219775134
5880301685
5402213025
1307313827
2047978041
1523880960
827883263
1858719934
6296826431
5293744833
1588221232
1334325531
1208016304
1771250165
465660979
5534275786
1755470536
5381568083
1208415417
1608392401
6364026092
1885846376
6140463163
5111669698
1461568233
629603285
5472910595
1803958165
6077939152
826384893
635721738
1741785827
1582360505
5332444340
1518947107
952675015
1207698107
6553781018
1921105655
469294641
5188012689
1920386211
571494317
347417467
5201378294
6020456275
2009561456
1357991754
1012843576
1324444065
1807748736
1321039451
5656148216
1491773570
870013885
1083631379
6138081950
6033652774
6102281277
1785620642
1556864478
1497243549
819730268
1269037308
1275863393
170215949
5804840779
5545497212
1251377186
1168120486
334166529
1367048629
1420622720
1134069512
772360271
1393220488
5953062881
6227028208
871315414
871056227
1081060442
5845677982
1840588875
5471872829
688266712
5961558017
6199366368
1201179699
5845825765
6347475118
5872749872
1222816451
1005708649
5903683693
1597095914
1662524524
1496532208
6389571308
625725978
877024715
5579461824
5799429251
5709773998
1601907146
569775375
956103990
5645528635
5782195012
5856680867
1154587949
6169550802
5852765010
5288555208
1959380992
1726902898
5684404724
427069326
557375052
1838909926
1426823664
1937382862
6285577771
1546255426
1355963345
1997714439
1947464232
1205194578
6352234912
751661335
6201043143
1224895366
5187031119
1115352645
6021815146
1327059772
5137807484
1172301481
1208304039
1397121547
5107453405
5338074783
1483615806
45922294
5640011298
2009654998
140826122
969775898
969775898
6320303560
1595356974
5976296952
5132309057
1778499201
1039657728
1976993861
1975503833
5839426235
824171278
827011129
6161337436
1421945647
1960913555
694985701
6094176276
6167572437
690603618
1827252791
6274170997
579744869
6329687099
5292585846
5737653135
5737653135
5757219819
1186593040
5033978915
1891300890
5677259673
5722371466
5554770621
5100238497
1147990620
1607256753
6193405719
5087193520
5092198427
1031650061
6069119865
6063890939
6567264593
6254086178
6331215257
6015766709
939151750
1137103685
1965396434
5878986428
739762997
1932564115
339408820
938129763
6357054904
54025919
653991614
684786571
1404687191
822950663
944790540
5818920179
1633796365
1670582692
1256345047
5961344697
1425447693
5827943180
1121787649
6642790294
6271971176
1405299242
6440062608
1056408897
1665417876
815475868
1026094734
540434977
10879506
6305781443
1519561203
6285698329
1160603071
552399029
1826028642
585600590
5522627340
6140344594
5719825966
1832069297
6325417358
1466794663
1079846577
765990859
5928000217
6123002412
1396767962
1323422075
1072519390
813959328
6038591527
1388039829
1312592199
1416708166
6311369614
5452283785
6100246459
988890305
5924356786
5324935904
6620896843
1596336557
5782488096
1426939822
1420638419
5964409724
5045360329
1126208998
657810779
1911455419
1635180390
6213820702
2124495992
1303780123
6238312550
1116514123
5842843688
5823595707
1390341520
1861906124
1258963880
5454150384
1889713205
761589297
961362543
710994608
5327374645
5174174084
5611825899
1966522119
5876414413
5543055778
1455166191
2111548156
6080839063
6188519811
5494539252
5608091110
305238355
2020094230
6266826092
1353110248
2034582989
1855443400
5597878778
6100344505
1490549329
5967535560
5622040611
6316889739
1325615667
5160633097
6154510086
1395935254
1795129116
733506006
1250377593
5207400898
5730582043
1663807873
6242140005
1739564745
1233379214
998338529
1360972423
1154169681
1417084307
1446819825
254111457
6318139879
1816577408
5234993127
342833466
1476143562
893889540
1342188636
1405099967
6391116095
6384636519
991318115
6106072953
1763764187
1423402456
1276440118
1006093826
6008853707
1034726621
6099673474
5741108758
6052221085
1168548645
226819856
5370722611
6388347026
5316666558
1006445816
763638621
5469192276
889615509
1942399046
5887988561
6019151452
6087112572
808676270
490322952
6080196751
1987305740
1960645390
5934126324
1293721212
6043706762
1286117220
1369405660
2046114096
5662439088
1790319677
1121287783
1082344802
1890488089
1605374878
5983949480
1021566507
1393744490
5241389944
5921318071
1459552368
1539087285
1183300510
6551256952
807660341
1636044457
5605082028
527333
1726334907
6258285873
5188022756
5163413224
5370683471
767931096
378247964
1807856238
5903429441
1128611382
547029623
1215887950
1380457213
1938365617
6538395914
6012402932
962360988
744328572
6027834556
2066267944
1931302480
5081209638
6128534166
5964527441
5129811226
1292844951
895998543
5515211033
6566957209
1722436732
5432111121
1711079404
6123379537
1697824783
5051010786
2100317651
5088970301
5213234578
1098381471
1923247403
5280143650
883332886
1635902321
2079238653
1389017752
5623873284
754447971
1339031570
6236238389
1007385767
5510433414
930677851
6162567866
1996824585
927992807
1984687530
1670009814
5127008327
630758961
1380599334
2115991361
666796284
6267834629
1774598606
5700461652
5556249140
5403832922
933234366
567751287
1753641701
6010015248
2075545149
752764555
843694648
184340802
5591532268
390443465
5057783679
5111282786
609796501
1418615305
956631589
6216933919
921934924
5611200509
6123064839
5827994203
6157690524
6605856886
1924540465
1424942464
1812782230
5900986906
6210985314
1913309477
6066502208
6169252689
6329745021
1672751006
1442888647
5404301585
1011977599
5158698701
5963465678
1874480348
1896706988
1458961301
1421734660
6159821739
5457521328
423847453
5517172296
845202438
5258136238
978902648
1230949449
6181818209
1183783736
5802872160
2128687336
1092538205
5176355358
1436696374
869955860
1538238837
5542835108
1815747478
6218146757
1084627303
6232353156
1922400015
1420244533
584795109
5974748075
5025127667
5311563321
5943775090
734470729
5795014803
1979816716
569198438
1123074431
1158433200
741699525
5258335978
6045258926
5981633937
805210282
1063982994
6534013911
5720774918
1573858471
5003242863
1192574700
5110554760
1704399074
5972787219
5107046182
5363328743
5862443294
1513384600
5998495392
635782216
5655846348
1822656408
6158116713
969865717
1286847988
5972495188
6460609257
5930172196
846708021
369427880
6087140516
649306581
5269328268
1129040844
6408770562
6096987796
5466278384
5225347655
6105542321
491397184
394973304
1077461274
873765279
6026310998
874268594
5747643016
5371587235
6206544817
818920071
654291519
1959584067
2107689025
940564577
5254088643
1881309718
5135832399
1317880792
5989315370
2068841543
5513962404
1169683331
1827186371
1943989320
1279394412
5081723609
6000404821
1847310167
735950097
5099281480
1373488480
1433946012
5254064653
1228565569
1992525231
1161722176
1770066966
1418563582
6089117713
5410006251
6345663067
5848529180
881925695
1222414724
5278748706
2062820830
5066512211
5264239905
5815830547
1358798362
6296203704
6296203704
1432502365
5154077099
677982711
5592537132
5720786253
6263575220
5866424770
6193897969
1876061697
961663572
1851798879
975758218
590691405
6007326285
2088794711
5097468663
1464829493
1793198235
1265171334
1576351376
1209273196
1397217609
1579134718
1468867664
991385687
6480303909
5310038656
1422329397
5256451138
5281802266
306612078
901869443
5265209716
2032253190
1950200714
1208521955
922854658
716100809
6262446632
628773969
1265548918
5843294155
6032779454
841212171
839276761
1719423988
6152014660
5966300410
965918674
5436958068
6214016717
1927704638
1633866952
928161220
1311332882
1751662099
1056966769
6211337361
5761998120
1311176447
1539926856
805948126
6050545269
584928089
1998787275
1781490341
5153209600
5439836316
1284866340
5930419927
6248670463
5965559103
1329721851
227783794
5886371063
5700220344
1475145482
6222711243
6177043857
1650011707
6563491943
2068034887
1698075769
5549921526
1253581216
5208523810
5514408189
1961953882
1964135790
5794711786
956532385
1305015081
1359690781
1807632050
6182030876
5527329453
916404609
6638116712
5983379573
1100882085
5081381588
5017444458
5753272546
1005111537
498136281
1565953377
499192548
2121933060
6332400070
5376521541
1497977107
1049482674
1394440087
1649801939
6647421123
163223219
1165079002
903637724
465337108
1305961464
6256546614
1407148090
1853662700
1134258292
573910976
1063053769
2049728605
1260701697
5847892210
1547339026
6286806581
1351625740
5444488076
5602575845
709787329
5046454096
5670986376
1681888881
6159611532
1597371560
1353494920
5159237625
5688677501
1306666878
5871872120
1002403045
154305302
1475817836
1634397313
485242591
1123996683
732396242
2025534714
1452892169
1839255481
6168746415
5146339887
2055260187
6041994034
734998537
978431963
5514238756
5130840839
1854208988
494759922
5467960286
5032187729
5793693234
6095270098
5843689477
575507948
1328778037
2040682671
6156562718
6156562718
5276217445
5449032712
1032591057
6557733586
1862822813
5807883184
561365555
1820997454
754057846
5003231319
6228076384
1383199286
1228722349
1206526877
5584782266
1352647324
987036157
6351065503
1187959517
5778891518
5754721754
5107805293
1934337773
6386678715
6263873980
6011128110
5343086402
5685209787
1683230778
6248474969
5935077682
1422550932
5961426105
6650733296
6038415653
5688027128
5667325652
5154757584
5963919278
6005420499
1260920629
5146942304
5432025459
1789274743
1223540282
1526004246
6230085019
5985041030
1500615725
6402455762
908506116
6398693829
5132460292
1023790889
5999768501
1962325575
699183491
714756229
1296973326
1231200338
5491609905
1144017660
6158452107
963260495
5973799221
1312419294
6035054619
1481010685
793923123
1525042709
6186459159
6277277416
1041209193
5505870659
1754752367
1605792951
1795987510
5244300480
904545669
893615987
1243738916
5782934525
6375775649
5721559640
5583144617
6140360489
1759067495
5945499459
6386311407
6351304921
5430984453
1521321515
1781396134
396617767
1407382630
1616357340
1328716032
1991241175
6287652663
1412140046
5150480484
1551233253
1039888980
5398698851
1493323096
6202431614
1347828636
5567585453
1108776800
1147660098
1271022664
5190848980
5729011555
6170581447
1583267332
1705157269
1487134237
5565310519
1362212187
1706587615
5638911026
5874581735
1342737066
302611341
1626869861
811032144
567885041
5700623822
1113094743
1284927875
1516182760
5541565411
6131353057
1389598287
1441332936
2024366456
1147752949
1000730466
484803060
5419994789
5120132605
5460422803
1413835649
713041319
1230700553
6250497810
5351192897
1331479887
5150655054
6056714761
1265490145
240456712
1419157183
807716528
1308309639
1309781022
1461915393
968396843
5380990125
6065533506
866690583
5286650776
1126295105
1955018185
718706497
177587009
6363482071
5358062791
5353683965
1606536334
5948353987
640714643
1426949384
789943338
1317551172
6283066772
868571947
1439515481
5705177384
1511108316
6305546223
6071541524
1117216938
5591955090
897140451
864775278
952763987
5190931205
6030757065
1902499404
1990904918
1890557780
934660880
1589956861
6034323414
5356996386
1387459971
5699857659
1419497515
1129058639
1789753256
406707163
6158204083
6337146659
1218477124
1417726281
1947685435
1170068550
831497716
5788922584
1789486055
1964787557
5643849627
1246830584
836627956
2138084861
5372362472
1242256593
5289082221
5212260906
1804598793
1049566701
6120491389
522715165
1499856495
1379226446
6150486614
921273102
1124814020
1874135298
1704137787
721594757
1701976645
5176413336
845354104
1941498352
1447003499
5034733660
459448483
1368796304
1203713759
1742983907
1277332521
5069844426
1211211264
1136248395
739494603
1503047377
6088990338
1618984182
5759030886
6062331434
1394995121
1056904715
5295569223
1910910266
1547334925
5346545398
5063507958
5616168188
6045297584
5848331732
5071674579
1905616044
1475994976
5018366396
2037289844
1011756495
780402915
5847245770
1656428254
5985877227
1964599880
5726064373
6102755227
521580688
499824607
878403948
1995579758
856063564
941522563
6530240062
1378200480
5375857859
5386000779
666663442
775815467
5530252743
5173433321
1864886583
1924209144
6040469486
1130780635
195648907
931401267
1298135272
6595383849
5743174098
1558627275
5860247500
6211668964
1723087265
6271071553
686518705
723801196
1425134101
6254979562
1109958089
1057218786
837958118
5539336894
1994047621
5863175391
785732226
1883749877
5076131935
1109300855
6363810535
6479495469
6011857842
1939475402
1480041213
1847535156
858797267
1884140940
1975089997
1083163548
6171333537
6050082707
1218927356
6284482130
1668163740
1351488877
1988202599
2139895853
6075197375
1063515843
1085698239
5506412025
1184903980
1602287491
1652092608
5801231488
1988584843
1979744288
6683999989
2121382265
6169684805
674407605
1427675999
5629081057
5291197202
6094509451
5544173100
6145660500
5907757504
1467337351
1441389868
1611169557
5767580804
1545601213
849387823
5763887126
1441298421
5298559157
5067166961
6014499563
873565046
1212774779
1809801945
2099242667
1033109576
5212501626
5558124170
5930452606
5821524353
407404985
6467233921
1959080536
6399382038
1976617899
452242470
6252183895
956259134
553252806
5522586650
1365993452
1509022697
2104586136
5619532453
5783891357
865057709
5642083309
951624982
5273783159
2145090503
1880228566
601018788
1299894651
6238547845
6006338741
1965585491
6544055329
5433893569
1075521622
1626925856
797499437
1225381888
5614421072
2121897433
5903605084
6669391260
1579667512
5792984562
1844617697
5441217977
1422711564
1742804376
5943270290
1184327023
1735908929
5413774470
1695442576
5403411912
1965968843
1440671459
5016823752
6029192695
1248180989
1662929076
1889183005
5975067428
1014348903
2049513961
6509928643
6180948358
2081312344
6054502597
6355431136
1524570993
6505500534
6318246875
1839198678
874146576
6280725688
1608873827
1013304231
780067566
1005575010
5551767098
452686256
2069069916
921671527
1372212593
5218037005
1296424974
790009703
1381211816
1703182077
1305326509
1765243039
1762970830
1213255901
6394734664
1653487125
1610521698
2016118854
847080758
1676247625
1743868505
1844400806
5678600766
6151094306
502286493
425578816
1275424730
1103314576
6616726359
1200900544
5509079913
5646837885
1794827743
1311034286
5816584064
1095608743
5001711142
1746795429
1968831361
6405639875
6179078879
1337042211
2058180188
1398711274
5749486741
1309739711
5150395004
829187038
1335092096
5688814865
6485358886
824448409
987247316
5047198908
876804054
6042949365
6042949365
992668631
892107774
488924779
1439272091
1635218193
2113110161
1301399408
635909547
5669183010
6233778888
1875125699
6372857501
1612090419
1911044292
935654289
507393009
852901865
781340211
1091382143
5683740695
5734073846
621029180
5341942135
5808398469
1112949128
1097584200
1362902123
5475956151
5682430269
1235725565
1561154954
1852635875
709613391
1683266077
5138503352
5577103933
717673033
5739171683
1487595926
5451570133
868993746
6385996535
1369007363
1251783405
1971128623
5187903062
1836275329
1004098444
978450004
1780037794
709422132
2072013251
6294455759
5887778486
1702515289
6613634222
5342894922
5870257906
1747939203
6336454174
6248554597
1511206652
999888293
813527072
1746898139
5188381215
5257330791
958256566
5962978309
1449262613
5179231819
5992491848
1590843604
1802648014
1793280909
1762909508
1171756878
5252756387
1124895676
6176854846
1806348024
1388951634
47170990
924657849
1458035794
161798062
6034658483
6292915008
1302389658
6144148714
5706233745
5505174309
5164658769
5270102804
1683324603
5000896843
664682144
2062524595
773349178
6370651731
1360053187
1217618944
5904612866
1154305632
618863437
1396940735
6172531997
6154020577
1115665120
1109280694
5783435766
5116964578
875848227
5981088894
5068462045
2030759343
6019266773
1491622908
1933296907
1963016458
1616870117
5733202520
5436441635
6010590210
5447804801
5580519009
5263741092
691876892
2101078520
1985647015
5036486853
6603596072
6478846577
1319820607
2023086849
1295467105
1762271427
5317717622
437319170
982997120
5643600971
5042965783
1980770337
1960830552
1207601664
6543942839
911940834
6427028954
1957976425
5973115815
6502327146
1702467614
1400244567
1113507225
6552987999
843136756
6621961256
5511516995
5746015868
5179220525
1969781861
6511974528
1840524940
2144064538
5110968536
916452193
6406935218
5055232609
862267368
2055697363
1728224713
5754215479
5048809996
5352327127
2069332072
1438166755
1056099099
1340967307
126760751
5900355009
6199507530
5593958281
5804282800
5943542410
5217498973
1212004722
5416924117
5572899523
862751416
6269606136
1266109325
860772748
5216972196
1903600123
5839486284
1430232827
2043696831
5232999265
1880337033
5739618243
340824148
739485074
6497511358
5736495940
6146432469
1433393847
1520807060
1299850457
5713911539
5496090553
5099547576
5654350327
1095194841
1075698035
5772428158
507781013
1678503639
5829239256
5753635429
1671197127
748821341
5830309813
5856759970
6514676773
745089316
7176429353
5057722061
7339326234
5609907262
5627216674
1307357901
7455128645
652186891
6973143561
7350530388
691072900
6558963592
7459929843
7852130021
6669394473
850023828
7216911595
6598806071
968974200
5115396444
960499742
6488545089
1865612782
1606694843
1110842745
1409691922
6361511767
8131502302
7301991502
6576775610
5574845923
6575721896
841197817
5878867946
1453612934
6486899854
6415581339
7046787837
7665914812
1027766879
992855366
5602859099
1331262280
6437520361
5281933700
5314921109
583784543
5859581035
2033961831
7545366290
7545366290
1546164220
1205253435
7074591416
5501711081
1400784632
1813232422
1090778580
6792994888
6110637333
7462876746
1129493560
7965650589
5726996954
7380062472
5603892047
1137340171
7423523748
1721311355
5010781826
6338020765
6666487747
6743077652
1482107533
1411590013
5439490306
1397704231
1771761091
6727214912
7445951667
1669696264
454094401
1103511056
1272985503
1334630932
2072655976
1920851044
1125267271
5053737664
1822205498
6078908352
5537327625
5696872753
6847705696
6333858732
1962622072
7424120224
7317236512
1671878139
981261423
817131464
1362092257
323663852
803951741
891238161
5042886854
1104534096
2006313229
5999118517
6690423690
7197294100
6635410336
5870667790
6778367018
7756937293
1802774771
1268167547
927370688
2125740792
7734254879
1073096626
1656292233
7122540710
2035854539
5927562171
5071762904
2069899972
6873622671
7536729991
6395930576
949354334
6123405709
5825985480
1122090113
1073897495
7427287570
801510063
6960556362
5195072264
7066105850
7514043046
5770561985
904831673
6788398946
1187172816
5940180239
6446024562
673532087
1470246823
1956786357
1956786357
6984588695
5142701991
1414235372
1608136524
1245971638
897792752
383356991
1841190012
6536327905
7402364157
5235590485
7284622448
1194901625
5457273936
5078323124
957336679
6236801620
6736807648
2106634506
700594550
6517305755
1476764442
711181389
999678867
1263140454
2049264782
1751045200
968598158
1100415593
5520975608
7030670610
1437398745
876145368
7169334074
1119650401
6612115495
5971551527
1844241671
6987421770
7188185810
6413367639
6727650727
6587965690
6835814354
6626679088
1459463996
6514591702
787521590
6582446945
5460041982
1741014670
1689675688
7193695596
680635307
1980458914
1905495865
6598671225
1498373157
1361435801
1073147475
5847905184
7225981357
5994418516
7178149633
5288044433
1802444546
1057814842
5090424652
342757435
7219929990
1102972086
7430737546
2145431574
7417924052
7287782879
1850029409
5656662313
7002798138
688265193
1451785993
1701427253
5802012416
6443088152
1465283735
1465283735
6398076321
6013651949
1392840261
6606755727
1886112073
5376007663
7589129457
546757315
5499551630
5830505575
8016210432
7514815459
7514269286
5902738274
5187709373
7240033117
6515914967
5728695778
5256156093
7029252766
849336025
665993451
1425372073
5165412449
6543033979
5657378079
6459158155
7105650598
688170836
1726409384
6522542925
1290806889
6903644005
1649810333
5659961702
5209793360
746079544
7428175221
6287273697
1995940044
5385277303
6250541508
5992417764
1796516735
6862733086
1994083802
1437022843
5900077413
7663249988
7494067314
6881595618
5006232417
6570811761
1788883294
5279094472
1133354902
652227110
8006596413
1678240055
1756458094
2006007070
623334699
5488297002
1704347480
6378811576
6378811576
1246740904
6595249462
1649847776
7767807208
828673834
7126450029
5653254617
5050029465
6128495635
6457177842
1617683275
811750598
1602585539
6326081077
6642153175
6626331765
6347493083
5335070363
5016168441
922376213
2085103654
6969910554
726764725
1125034582
1870275076
1692482254
797672958
723035933
6845822836
1392820609
2021575167
6687898064
5954624229
5784065641
6262918812
6688100449
1025411571
7291774773
5433662243
6216362252
7542081735
965216274
1585084770
893498300
5207901701
6662050284
1469511728
1320743530
963519087
5865045842
1318084920
1533698396
7607402831
2104424737
1865143074
1085981388
787727910
334942732
7341359469
6363717871
7054026825
5571723138
291739012
1810930321
1798284108
7239844168
5009700288
5764202749
6433602237
1267025748
6651185555
2073374412
7952782190
7352941125
6764676641
1980486318
5174743233
913913610
1118001252
1037967566
853964961
7541207220
5705135744
6998641205
475580012
6500304208
6627125191
7890618513
721004215
6017567164
1347872464
6132563264
5424091752
987283830
1070328049
5046293060
6851116587
939940752
7437675745
6274584505
1916264791
1158485645
1259346932
6637750204
7420996287
759527287
403302291
5486722565
1260338473
974672222
5776514207
1822705717
6125930304
5474153647
2047521898
6724262702
5422071529
5942448064
1950228059
1743392964
7714161892
6685877727
1213601998
6828113492
6899612269
6179552215
7710126231
1497314246
789755657
5292852875
943010866
1034550873
1459843027
7097926632
5213334717
6695199701
7071467305
7171902566
6079967581
7374499851
1951254482
1238696086
6100240262
1934794878
1872409839
6236902241
1063689647
5774525728
1296498503
1355797120
6398164220
7245008551
7069512936
6255503959
1556802804
7046711397
6733206917
5070780414
771933869
580022247
7062880297
1155879251
2137859134
5530896728
2087570901
6730124815
6426382567
5833825610
5565712881
1730383739
1967315357
1879962344
6338549577
7138935473
2115884869
1679033778
7089347403
5217188751
5394058667
5379098483
7231659807
5795100075
6031641456
5128194
1908562851
7386512222
1411548376
1116470305
846452605
726403403
788240699
5199575834
5350565603
5121784432
7448610347
1820742734
1354989059
950593142
1483912735
5593744198
6956469039
5436798681
2071481361
6521118329
805338384
7429145644
1215117028
1385490800
5982609760
5327090127
1311534456
2126085924
5249895290
8069426298
1413288407
7058156816
7408702608
1668844331
2053885877
1961629309
7129381005
6250831784
7791751257
1962521923
6443411547
6796313387
6943543245
7150891522
7331625521
7331625521
1566712422
1975739084
5604344567
7204608790
6873624837
1320530259
5711904893
1405253205
6647732354
7492522981
1162648412
5492124504
6366142467
6995864499
6491530932
1429822894
7109837474
5469645349
6769221241
7073474267
877384549
5570924873
7445653396
7000014156
1244016518
7535697355
333442281
536992796
6576968087
7280561957
5806997775
7026724372
1401060935
905812281
6761572039
7419840176
7737079770
7335610049
7904468097
5971410174
914294320
6320986558
827491909
7231851602
6641837788
6110968601
7316783356
5399192258
5974728058
6615106310
1553238316
6682451172
5613950496
7585508457
848865952
5300615573
5337480995
6518538798
1043493578
1181423978
5984793655
1661610316
6692564490
1188737376
6363582684
1663867491
1306399197
5199643494
6572218349
954046528
6482826979
6245865157
6311626433
5169949260
656181939
1178092151
2022318987
7604231581
7604231581
705453651
6193780457
1674223665
2013401074
6735187428
642966512
448894077
1068651303
6454219959
6467070646
1413260126
6299087832
6299087832
270304895
7191568008
7481422083
7489784396
1009669213
624590340
5339232190
1409609486
1536520527
999280050
5765276734
6557560354
669381809
7351217989
7299533930
7472810758
6769171168
5037339596
5037339596
1344536844
7355714574
304540816
6000340230
5574764489
2023144408
1945167927
5820358042
785391686
7318996585
2028509494
6809205103
6378493290
7326005548
1163053431
1891036781
6142302046
880921047
985598891
7519093217
6267672500
7255586286
5946185086
7527591473
5967431391
1336014375
1389599232
1307197220
1925800430
1341711363
7522535565
1985449534
1326625993
826948304
1167346427
7227373015
660826178
5518902474
5873619887
5116719855
5624130145
1969890458
5057640876
5572132481
889019594
1982916505
779757711
924172304
1369821310
6758512276
1109539035
1340598172
990533753
7425977284
494621494
1672399006
5395641981
5668485691
1064971273
1236983091
2080584881
6436843318
2124079515
1449015093
842252677
6085932875
866476874
1482363240
5354826883
2043737118
1122853077
1270796694
5724949291
6428454303
5391506542
7411298262
1145183338
6407377342
7656380952
6656494738
967527445
7197716595
6504664548
5542904630
7327805590
628041831
6841841071
7169555094
1383136323
1127804357
6701475989
1166679173
1666811387
1955987306
1966342316
5420860220
6205820303
667220418
5415551443
1424298278
6777274736
6358452507
7727077578
6616581243
1215447013
765622593
5362224518
5476818347
2027313321
560550630
8044049929
7414767613
7310476383
5401253432
1070013483
777669699
759716179
2027733016
5939487485
1782805885
589128578
6020593904
6902241604
1319205936
7648457494
1110092699
1935660976
6761180094
5042094158
1452257947
1954487075
574899597
5280154184
1463221972
5140071429
844540943
7344346955
7142434048
7414971593
7517960237
5637059502
6130445070
5343918393
958346318
7013198255
604492353
5777823107
1425153155
1229410118
2110053276
787020068
1499283381
7186715473
6885818024
1143505190
1439806079
6071443094
1003083550
1588221902
5372986834
6173392695
7236001101
6999735236
2084535720
6705472406
5426504374
1186262452
5572641519
750355559
1539311798
6183158465
6457438341
7201162805
2018128679
1080317815
6426348395
5949081685
1114433292
1221144510
7722018545
993358501
1923386981
1034563551
5117252464
810169366
1472441197
5852936787
2103559419
2051637108
1389846138
5587253586
5411489280
7437452980
7262810931
1187326270
6562720058
7173789845
1036371017
7117622778
6581263596
6903926307
1275034746
1171697719
1123088095
7687966698
7058298350
6503922964
6243881097
1145016499
6908054951
5522040043
951403868
6530977443
5953232091
1447204160
6202438879
962000207
7136628356
7071803883
5122695034
2002767029
7320428385
6899329779
5513505869
8084153019
908125658
1487170406
1428610445
2134029616
7373090200
1256520771
5960258008
6538063350
7373067937
1072286631
6842063994
1203820
1272905117
5768797957
515840122
7390329116
5326331212
796747515
713772521
7640189714
1771625273
6924719281
295917329
5019344749
844492250
6434281369
6434281369
5144717554
1442982339
624366513
1496273962
1364487306
5730710219
1056134747
776629035
1793138863
1905509713
5231114069
5517511164
1775087496
1752642659
5754270465
5595281910
7224037154
1353411843
988442087
1060306259
7410173741
7386733062
7499749157
5856411808
1466921212
5364136846
5504258411
1820824007
453003655
6651635639
163840831
5390375362
1478481611
5104343185
845056784
5707337250
6063283952
453103769
1132882486
7309503166
1164591050
7351649680
7345295509
6696843173
5406104284
1567428027
5487961518
5422570165
6467130069
5951289283
7322124106
8193075399
5069790685
7516802138
6527341824
1243825558
6725505231
1771424133
128477419
920246032
7412894086
947328757
5841817811
2110490103
756117879
6907180271
500151182
932356179
886401743
6446435031
6817609577
911477720
1668852913
7134321807
1670656863
512805538
6429652480
6915636492
6547072223
5971337884
2101530443
5628665636
6939404244
5745916976
7409359972
952619820
5463454040
5316030417
5285930071
836940706
5861752080
1239390068
5128298056
1998347190
7494453852
7553617425
7430153216
7262475171
792667114
8031943391
5294278470
7331917577
978032845
6437563132
7984569794
2019514311
7214231330
6001842147
6702120315
8156732709
680367973
7179508636
6136411379
1377653657
1506626172
7071491658
7878943589
6659939991
6004607569
7740065555
5718369194
1674892789
6237497081
1820771407
1047340442
1773954851
1388055054
5635166927
6708230047
6852775748
6179265989
6247769610
1609954820
6903430641
1290645419
5557010542
5047020253
6529929772
6446706434
104060107
6297288922
7900135833
7900135833
6232816991
6462985284
6145476253
1000394874
6342712833
1375588205
7078078477
7132118216
792508828
5399506038
6818535669
5753473744
7443657774
1341359801
1350350358
1333885178
6427597792
5406410225
563387599
7527800084
647153143
6621221852
5062711642
6505701736
1044860470
783629804
1234778298
6253240596
1293156199
8144632146
1467232418
5260509360
826011798
7293872054
1405221650
6798886462
1230921460
1311510800
844172808
7267924778
362698185
5032403457
2015330635
2015330635
7247134032
6581067077
5568311541
6414372803
5307697159
6685826928
5404924023
1146169671
6780046938
1455142226
5376337072
5845322895
6883628225
7502651488
5496737252
8198429637
1252438497
7285137630
1689550063
1255382820
7003517793
2026071023
984951267
930957711
981950310
6120540448
6217474959
2065528777
1301792628
1536856131
1617136871
6073508451
1918179592
1380488563
1937057734
515871133
760428515
1208449047
2138544619
5836619275
697071212
5432319563
935771864
1181324929
7025826437
1624362154
1423481442
6808124138
7718381554
1628034634
804333680
987208370
5278920801
5758211352
6212378015
7465389180
5710344147
2137207860
7133434537
1267969506
7383594396
970431600
5791349373
6407213630
789264598
1926564475
6831223316
6580866645
1625020464
5937746718
805415607
1445538680
6938432018
5229282715
1722583784
1572705986
1365885373
6999283680
1097666030
5147319405
1007374877
1620831785
7373530567
5976682466
6950583682
766123315
7560600168
5653442146
1584584779
1924369377
5157657912
1853731910
5978887433
789558712
7313534681
1436695681
1408386472
7390462967
2057093440
842849693
7139401245
6070968594
7366676325
1432655340
1093311117
1247226619
6983836187
2008205543
482490916
178859649
5074253646
6898141242
5552629128
6775997283
5359333409
6967604019
2050061447
1202790477
6231189300
1253162742
6157011471
7293287709
969396710
5233597171
7797716731
6709232965
5990778149
5857235198
1795484283
1464847235
865191451
1816470481
1471753221
5732157916
6626952708
7467077065
1021424397
957409869
5512996376
2063987183
1343881638
7443418111
1261499599
6239265755
665765605
1922241654
5762685474
989888155
5290150332
7117759302
6842316776
6881839778
6558571080
1684145356
1936533117
1939331438
1194703437
640194380
5219359014
2013344511
5779909731
560282184
6566584504
1919960018
1744580033
1302762807
6656564657
1268205640
7153005022
6619897718
5816081789
846086581
1123683028
7282836160
2031157769
7496515736
6113228717
6588319371
5971370602
7222503154
6414269564
5798945705
7159504242
7469752107
776296298
5721865962
1342706749
6467527010
6342913312
707098998
5938679121
6903320648
391668323
5706633171
6753141386
1236952085
1146407195
7401109632
1013340470
989911268
5907147203
894111540
845498083
6768928621
6504341677
7717957372
844367075
6993546114
5418816326
1134504855
1662958055
988715079
1178646038
6936977133
6928162220
6550505377
6726447705
1516234994
2118186296
5840559594
6284852570
462551035
1982916407
7093989454
803135491
5732289031
1347550613
7425723361
5493067975
5086041276
2078185481
1177141756
816144314
1378899294
7229150667
1599781307
5325077763
1258338437
6773181904
823243109
5793787943
6338970187
828769222
7010916313
1764390155
7517817249
2018206152
1219810446
5044657999
5658816300
6892261817
5408239470
891067917
7636655762
1442735239
1091618805
7291054699
5830263021
7231976360
6016925400
7415485939
1825800963
2111795986
7456484130
977906152
5783971839
5552888516
7470291002
7267251423
7488276465
5465423237
6581822676
5792559216
566067754
6750790319
5299633543
1193102075
173377034
1345101117
5590074235
7394729067
6366983740
6060698150
1738388554
1563659156
6095854084
7957534370
6927823472
5062683846
6094368974
6216694638
5157385976
1022266256
7321758380
7421263966
800114172
7602399027
1334335595
5758811520
142781788
995497801
6238033179
6737038294
6153030374
871687398
1725716738
5353184430
899208977
843611287
647328871
965231635
6957705135
5913156900
1199746192
344650306
7119546026
8088800013
1643241600
6325764684
7465718068
719542797
673536496
1299676017
7182182071
5636367610
1610903691
815302119
1150291192
6256728971
5488575355
1826635966
5970818131
7584712274
7281700470
1961091451
6639630278
5656961363
1770861631
1299189570
814850955
961397264
6060535681
596711702
1369201433
7086366801
1043312591
1997358786
2141733356
888554003
829043703
5840865723
1000056732
6619359771
1209392544
418970056
7699481249
1292945228
5607424601
6858608310
1096220101
5676936341
1311179475
1447220712
7116619128
1036143508
5954729057
1340370480
1489755261
6786401300
7707770673
7110399112
1267278247
5874325883
7185425239
492738900
5020617515
1722452893
1111791101
1218309512
6435756260
579456908
551194666
1779404107
611692425
533082654
372801495
410835074
7081557594
1014167871
1323467712
7022947309
7367268610
268611645
989131131
7355488541
7602077544
613410991
1993566531
1342238234
1509216862
2130682762
1189683296
647788308
6769707459
6093252864
2033225449
559996738
5895373142
1869381768
6568514819
5350552353
7236560018
7090304732
6975930528
1326620104
5567029615
1065689411
157135537
6144063058
5628946842
729599499
5019014946
855016297
767236301
1962055492
5246112957
793730459
1682096434
1681160347
6618268491
7103311812
623823905
5905150505
6735623864
7348434641
1285757653
5078447299
919131583
7423417971
7137017378
7269462693
5235960864
2073401350
744802819
987987543
6923219209
6974466974
7375798865
5315889101
793085264
941765014
1230306298
909964790
6424798436
7032749329
6257883426
1889572719
5470187126
1921098421
1911056215
7396188231
1030633945
7456932160
6132144505
7748058206
5405265563
634709775
6424697626
7950658259
1118444216
6875844667
924470421
5886131621
1063080291
6774117974
1079098114
843921247
933412277
7522648779
6154260595
571085970
1946550802
1663868217
7655309970
1448893088
1984646516
7862932945
1126626463
1981617172
5840504817
1118992299
6867249340
6146572752
6879551711
1859858952
6944881048
6224762418
5363603951
830986301
6372689065
7546945362
2033708293
5721372272
6807482745
7529243367
7529243367
6026500718
915080925
6084404157
5903377576
6856681048
498508534
7665374551
7132394675
7219903708
6625935728
5088030355
1426540787
7196353586
6815148508
1984911326
6490349202
6185427015
6237396020
974682831
888048317
626234665
1474462246
6529843406
905990789
6733451013
5963202872
5665883312
1569822560
5782289010
1237147468
6491948346
1961341646
2117394988
1333268530
1484180058
6695041843
5197630557
5281552996
259764341
1448298006
5553315178
1810880784
5026232868
7345253654
6755188095
1118565955
1306336533
1055686237
1095364986
5685192926
6451122742
2085770843
7644735147
6970966941
1892337690
7130176574
5653549813
5893908546
835152249
1817271958
6049594713
6330912166
505986603
7556101579
1082280232
6909684187
5804173634
6599723239
5008949136
223943200
602899058
7654035025
5631569117
1341437763
1042933751
5117451175
5528213082
7542067973
6889714474
1455247709
570002038
266549225
6748156078
1877109769
1889173841
1372997754
849428554
7147118570
6731793821
1777139885
6291377587
673019602
1475046045
1100982359
5369223568
1635878600
5336607304
6349839696
5864614028
6098936417
7223432074
5713725341
6505551838
5280120312
1713015897
6883979337
735035622
6567374517
1377748286
671997743
6321276681
2093871099
1031565722
1250794544
5428843123
1734929870
1408003990
1492590937
1478950216
1854371522
426418489
6584429214
460334120
1676220924
7508552340
7203683164
694757053
2117361824
6015079872
935290195
1861958242
567897471
7818598496
7779116879
5017535037
554586308
840736812
925451595
1246568286
6725910077
7338018082
7841607325
903093569
6791017196
7594637601
1289047480
880358820
6159225930
1005682564
2135040186
1751597851
5573773848
1134520488
6109225372
1122342097
6130176085
268532248
5992069245
6582420809
950379388
6552544373
7149684719
6680486096
1270450808
7261255186
1072646177
5534988643
7108056862
1891274489
967126338
1890440402
5474160153
6515298289
7066306891
404962222
5035044410
6224366477
1494503984
7155173198
5596548776
6405325187
1000741389
2074456063
1312146055
5938006666
6515260840
632568065
1401807564
6382661983
7210926179
6436297783
1206689506
6895992555
6178286983
5198941283
971856007
1904033105